data,el nino
01/01/2020,INEXISTENTE
02/01/2020,INEXISTENTE
03/01/2020,INEXISTENTE
04/01/2020,INEXISTENTE
05/01/2020,INEXISTENTE
06/01/2020,INEXISTENTE
07/01/2020,INEXISTENTE
08/01/2020,INEXISTENTE
09/01/2020,INEXISTENTE
10/01/2020,INEXISTENTE
11/01/2020,INEXISTENTE
12/01/2020,INEXISTENTE
13/01/2020,INEXISTENTE
14/01/2020,INEXISTENTE
15/01/2020,INEXISTENTE
16/01/2020,INEXISTENTE
17/01/2020,INEXISTENTE
18/01/2020,INEXISTENTE
19/01/2020,INEXISTENTE
20/01/2020,INEXISTENTE
21/01/2020,INEXISTENTE
22/01/2020,INEXISTENTE
23/01/2020,INEXISTENTE
24/01/2020,INEXISTENTE
25/01/2020,INEXISTENTE
26/01/2020,INEXISTENTE
27/01/2020,INEXISTENTE
28/01/2020,INEXISTENTE
29/01/2020,INEXISTENTE
30/01/2020,INEXISTENTE
31/01/2020,INEXISTENTE
01/02/2020,INEXISTENTE
02/02/2020,INEXISTENTE
03/02/2020,INEXISTENTE
04/02/2020,INEXISTENTE
05/02/2020,INEXISTENTE
06/02/2020,INEXISTENTE
07/02/2020,INEXISTENTE
08/02/2020,INEXISTENTE
09/02/2020,INEXISTENTE
10/02/2020,INEXISTENTE
11/02/2020,INEXISTENTE
12/02/2020,INEXISTENTE
13/02/2020,INEXISTENTE
14/02/2020,INEXISTENTE
15/02/2020,INEXISTENTE
16/02/2020,INEXISTENTE
17/02/2020,INEXISTENTE
18/02/2020,INEXISTENTE
19/02/2020,INEXISTENTE
20/02/2020,INEXISTENTE
21/02/2020,INEXISTENTE
22/02/2020,INEXISTENTE
23/02/2020,INEXISTENTE
24/02/2020,INEXISTENTE
25/02/2020,INEXISTENTE
26/02/2020,INEXISTENTE
27/02/2020,INEXISTENTE
28/02/2020,INEXISTENTE
29/02/2020,INEXISTENTE
01/03/2020,INEXISTENTE
02/03/2020,INEXISTENTE
03/03/2020,INEXISTENTE
04/03/2020,INEXISTENTE
05/03/2020,INEXISTENTE
06/03/2020,INEXISTENTE
07/03/2020,INEXISTENTE
08/03/2020,INEXISTENTE
09/03/2020,INEXISTENTE
10/03/2020,INEXISTENTE
11/03/2020,INEXISTENTE
12/03/2020,INEXISTENTE
13/03/2020,INEXISTENTE
14/03/2020,INEXISTENTE
15/03/2020,INEXISTENTE
16/03/2020,INEXISTENTE
17/03/2020,INEXISTENTE
18/03/2020,INEXISTENTE
19/03/2020,INEXISTENTE
20/03/2020,INEXISTENTE
21/03/2020,INEXISTENTE
22/03/2020,INEXISTENTE
23/03/2020,INEXISTENTE
24/03/2020,INEXISTENTE
25/03/2020,INEXISTENTE
26/03/2020,INEXISTENTE
27/03/2020,INEXISTENTE
28/03/2020,INEXISTENTE
29/03/2020,INEXISTENTE
30/03/2020,INEXISTENTE
31/03/2020,INEXISTENTE
01/04/2020,INEXISTENTE
02/04/2020,INEXISTENTE
03/04/2020,INEXISTENTE
04/04/2020,INEXISTENTE
05/04/2020,INEXISTENTE
06/04/2020,INEXISTENTE
07/04/2020,INEXISTENTE
08/04/2020,INEXISTENTE
09/04/2020,INEXISTENTE
10/04/2020,INEXISTENTE
11/04/2020,INEXISTENTE
12/04/2020,INEXISTENTE
13/04/2020,INEXISTENTE
14/04/2020,INEXISTENTE
15/04/2020,INEXISTENTE
16/04/2020,INEXISTENTE
17/04/2020,INEXISTENTE
18/04/2020,INEXISTENTE
19/04/2020,INEXISTENTE
20/04/2020,INEXISTENTE
21/04/2020,INEXISTENTE
22/04/2020,INEXISTENTE
23/04/2020,INEXISTENTE
24/04/2020,INEXISTENTE
25/04/2020,INEXISTENTE
26/04/2020,INEXISTENTE
27/04/2020,INEXISTENTE
28/04/2020,INEXISTENTE
29/04/2020,INEXISTENTE
30/04/2020,INEXISTENTE
01/05/2020,INEXISTENTE
02/05/2020,INEXISTENTE
03/05/2020,INEXISTENTE
04/05/2020,INEXISTENTE
05/05/2020,INEXISTENTE
06/05/2020,INEXISTENTE
07/05/2020,INEXISTENTE
08/05/2020,INEXISTENTE
09/05/2020,INEXISTENTE
10/05/2020,INEXISTENTE
11/05/2020,INEXISTENTE
12/05/2020,INEXISTENTE
13/05/2020,INEXISTENTE
14/05/2020,INEXISTENTE
15/05/2020,INEXISTENTE
16/05/2020,INEXISTENTE
17/05/2020,INEXISTENTE
18/05/2020,INEXISTENTE
19/05/2020,INEXISTENTE
20/05/2020,INEXISTENTE
21/05/2020,INEXISTENTE
22/05/2020,INEXISTENTE
23/05/2020,INEXISTENTE
24/05/2020,INEXISTENTE
25/05/2020,INEXISTENTE
26/05/2020,INEXISTENTE
27/05/2020,INEXISTENTE
28/05/2020,INEXISTENTE
29/05/2020,INEXISTENTE
30/05/2020,INEXISTENTE
31/05/2020,INEXISTENTE
01/06/2020,INEXISTENTE
02/06/2020,INEXISTENTE
03/06/2020,INEXISTENTE
04/06/2020,INEXISTENTE
05/06/2020,INEXISTENTE
06/06/2020,INEXISTENTE
07/06/2020,INEXISTENTE
08/06/2020,INEXISTENTE
09/06/2020,INEXISTENTE
10/06/2020,INEXISTENTE
11/06/2020,INEXISTENTE
12/06/2020,INEXISTENTE
13/06/2020,INEXISTENTE
14/06/2020,INEXISTENTE
15/06/2020,INEXISTENTE
16/06/2020,INEXISTENTE
17/06/2020,INEXISTENTE
18/06/2020,INEXISTENTE
19/06/2020,INEXISTENTE
20/06/2020,INEXISTENTE
21/06/2020,INEXISTENTE
22/06/2020,INEXISTENTE
23/06/2020,INEXISTENTE
24/06/2020,INEXISTENTE
25/06/2020,INEXISTENTE
26/06/2020,INEXISTENTE
27/06/2020,INEXISTENTE
28/06/2020,INEXISTENTE
29/06/2020,INEXISTENTE
30/06/2020,INEXISTENTE
01/07/2020,INEXISTENTE
02/07/2020,INEXISTENTE
03/07/2020,INEXISTENTE
04/07/2020,INEXISTENTE
05/07/2020,INEXISTENTE
06/07/2020,INEXISTENTE
07/07/2020,INEXISTENTE
08/07/2020,INEXISTENTE
09/07/2020,INEXISTENTE
10/07/2020,INEXISTENTE
11/07/2020,INEXISTENTE
12/07/2020,INEXISTENTE
13/07/2020,INEXISTENTE
14/07/2020,INEXISTENTE
15/07/2020,INEXISTENTE
16/07/2020,INEXISTENTE
17/07/2020,INEXISTENTE
18/07/2020,INEXISTENTE
19/07/2020,INEXISTENTE
20/07/2020,INEXISTENTE
21/07/2020,INEXISTENTE
22/07/2020,INEXISTENTE
23/07/2020,INEXISTENTE
24/07/2020,INEXISTENTE
25/07/2020,INEXISTENTE
26/07/2020,INEXISTENTE
27/07/2020,INEXISTENTE
28/07/2020,INEXISTENTE
29/07/2020,INEXISTENTE
30/07/2020,INEXISTENTE
31/07/2020,INEXISTENTE
01/08/2020,INEXISTENTE
02/08/2020,INEXISTENTE
03/08/2020,INEXISTENTE
04/08/2020,INEXISTENTE
05/08/2020,INEXISTENTE
06/08/2020,INEXISTENTE
07/08/2020,INEXISTENTE
08/08/2020,INEXISTENTE
09/08/2020,INEXISTENTE
10/08/2020,INEXISTENTE
11/08/2020,INEXISTENTE
12/08/2020,INEXISTENTE
13/08/2020,INEXISTENTE
14/08/2020,INEXISTENTE
15/08/2020,INEXISTENTE
16/08/2020,INEXISTENTE
17/08/2020,INEXISTENTE
18/08/2020,INEXISTENTE
19/08/2020,INEXISTENTE
20/08/2020,INEXISTENTE
21/08/2020,INEXISTENTE
22/08/2020,INEXISTENTE
23/08/2020,INEXISTENTE
24/08/2020,INEXISTENTE
25/08/2020,INEXISTENTE
26/08/2020,INEXISTENTE
27/08/2020,INEXISTENTE
28/08/2020,INEXISTENTE
29/08/2020,INEXISTENTE
30/08/2020,INEXISTENTE
31/08/2020,INEXISTENTE
01/09/2020,INEXISTENTE
02/09/2020,INEXISTENTE
03/09/2020,INEXISTENTE
04/09/2020,INEXISTENTE
05/09/2020,INEXISTENTE
06/09/2020,INEXISTENTE
07/09/2020,INEXISTENTE
08/09/2020,INEXISTENTE
09/09/2020,INEXISTENTE
10/09/2020,INEXISTENTE
11/09/2020,INEXISTENTE
12/09/2020,INEXISTENTE
13/09/2020,INEXISTENTE
14/09/2020,INEXISTENTE
15/09/2020,INEXISTENTE
16/09/2020,INEXISTENTE
17/09/2020,INEXISTENTE
18/09/2020,INEXISTENTE
19/09/2020,INEXISTENTE
20/09/2020,INEXISTENTE
21/09/2020,INEXISTENTE
22/09/2020,INEXISTENTE
23/09/2020,INEXISTENTE
24/09/2020,INEXISTENTE
25/09/2020,INEXISTENTE
26/09/2020,INEXISTENTE
27/09/2020,INEXISTENTE
28/09/2020,INEXISTENTE
29/09/2020,INEXISTENTE
30/09/2020,INEXISTENTE
01/10/2020,INEXISTENTE
02/10/2020,INEXISTENTE
03/10/2020,INEXISTENTE
04/10/2020,INEXISTENTE
05/10/2020,INEXISTENTE
06/10/2020,INEXISTENTE
07/10/2020,INEXISTENTE
08/10/2020,INEXISTENTE
09/10/2020,INEXISTENTE
10/10/2020,INEXISTENTE
11/10/2020,INEXISTENTE
12/10/2020,INEXISTENTE
13/10/2020,INEXISTENTE
14/10/2020,INEXISTENTE
15/10/2020,INEXISTENTE
16/10/2020,INEXISTENTE
17/10/2020,INEXISTENTE
18/10/2020,INEXISTENTE
19/10/2020,INEXISTENTE
20/10/2020,INEXISTENTE
21/10/2020,INEXISTENTE
22/10/2020,INEXISTENTE
23/10/2020,INEXISTENTE
24/10/2020,INEXISTENTE
25/10/2020,INEXISTENTE
26/10/2020,INEXISTENTE
27/10/2020,INEXISTENTE
28/10/2020,INEXISTENTE
29/10/2020,INEXISTENTE
30/10/2020,INEXISTENTE
31/10/2020,INEXISTENTE
01/11/2020,INEXISTENTE
02/11/2020,INEXISTENTE
03/11/2020,INEXISTENTE
04/11/2020,INEXISTENTE
05/11/2020,INEXISTENTE
06/11/2020,INEXISTENTE
07/11/2020,INEXISTENTE
08/11/2020,INEXISTENTE
09/11/2020,INEXISTENTE
10/11/2020,INEXISTENTE
11/11/2020,INEXISTENTE
12/11/2020,INEXISTENTE
13/11/2020,INEXISTENTE
14/11/2020,INEXISTENTE
15/11/2020,INEXISTENTE
16/11/2020,INEXISTENTE
17/11/2020,INEXISTENTE
18/11/2020,INEXISTENTE
19/11/2020,INEXISTENTE
20/11/2020,INEXISTENTE
21/11/2020,INEXISTENTE
22/11/2020,INEXISTENTE
23/11/2020,INEXISTENTE
24/11/2020,INEXISTENTE
25/11/2020,INEXISTENTE
26/11/2020,INEXISTENTE
27/11/2020,INEXISTENTE
28/11/2020,INEXISTENTE
29/11/2020,INEXISTENTE
30/11/2020,INEXISTENTE
01/12/2020,INEXISTENTE
02/12/2020,INEXISTENTE
03/12/2020,INEXISTENTE
04/12/2020,INEXISTENTE
05/12/2020,INEXISTENTE
06/12/2020,INEXISTENTE
07/12/2020,INEXISTENTE
08/12/2020,INEXISTENTE
09/12/2020,INEXISTENTE
10/12/2020,INEXISTENTE
11/12/2020,INEXISTENTE
12/12/2020,INEXISTENTE
13/12/2020,INEXISTENTE
14/12/2020,INEXISTENTE
15/12/2020,INEXISTENTE
16/12/2020,INEXISTENTE
17/12/2020,INEXISTENTE
18/12/2020,INEXISTENTE
19/12/2020,INEXISTENTE
20/12/2020,INEXISTENTE
21/12/2020,INEXISTENTE
22/12/2020,INEXISTENTE
23/12/2020,INEXISTENTE
24/12/2020,INEXISTENTE
25/12/2020,INEXISTENTE
26/12/2020,INEXISTENTE
27/12/2020,INEXISTENTE
28/12/2020,INEXISTENTE
29/12/2020,INEXISTENTE
30/12/2020,INEXISTENTE
31/12/2020,INEXISTENTE
01/01/2021,INEXISTENTE
02/01/2021,INEXISTENTE
03/01/2021,INEXISTENTE
04/01/2021,INEXISTENTE
05/01/2021,INEXISTENTE
06/01/2021,INEXISTENTE
07/01/2021,INEXISTENTE
08/01/2021,INEXISTENTE
09/01/2021,INEXISTENTE
10/01/2021,INEXISTENTE
11/01/2021,INEXISTENTE
12/01/2021,INEXISTENTE
13/01/2021,INEXISTENTE
14/01/2021,INEXISTENTE
15/01/2021,INEXISTENTE
16/01/2021,INEXISTENTE
17/01/2021,INEXISTENTE
18/01/2021,INEXISTENTE
19/01/2021,INEXISTENTE
20/01/2021,INEXISTENTE
21/01/2021,INEXISTENTE
22/01/2021,INEXISTENTE
23/01/2021,INEXISTENTE
24/01/2021,INEXISTENTE
25/01/2021,INEXISTENTE
26/01/2021,INEXISTENTE
27/01/2021,INEXISTENTE
28/01/2021,INEXISTENTE
29/01/2021,INEXISTENTE
30/01/2021,INEXISTENTE
31/01/2021,INEXISTENTE
01/02/2021,INEXISTENTE
02/02/2021,INEXISTENTE
03/02/2021,INEXISTENTE
04/02/2021,INEXISTENTE
05/02/2021,INEXISTENTE
06/02/2021,INEXISTENTE
07/02/2021,INEXISTENTE
08/02/2021,INEXISTENTE
09/02/2021,INEXISTENTE
10/02/2021,INEXISTENTE
11/02/2021,INEXISTENTE
12/02/2021,INEXISTENTE
13/02/2021,INEXISTENTE
14/02/2021,INEXISTENTE
15/02/2021,INEXISTENTE
16/02/2021,INEXISTENTE
17/02/2021,INEXISTENTE
18/02/2021,INEXISTENTE
19/02/2021,INEXISTENTE
20/02/2021,INEXISTENTE
21/02/2021,INEXISTENTE
22/02/2021,INEXISTENTE
23/02/2021,INEXISTENTE
24/02/2021,INEXISTENTE
25/02/2021,INEXISTENTE
26/02/2021,INEXISTENTE
27/02/2021,INEXISTENTE
28/02/2021,INEXISTENTE
01/03/2021,INEXISTENTE
02/03/2021,INEXISTENTE
03/03/2021,INEXISTENTE
04/03/2021,INEXISTENTE
05/03/2021,INEXISTENTE
06/03/2021,INEXISTENTE
07/03/2021,INEXISTENTE
08/03/2021,INEXISTENTE
09/03/2021,INEXISTENTE
10/03/2021,INEXISTENTE
11/03/2021,INEXISTENTE
12/03/2021,INEXISTENTE
13/03/2021,INEXISTENTE
14/03/2021,INEXISTENTE
15/03/2021,INEXISTENTE
16/03/2021,INEXISTENTE
17/03/2021,INEXISTENTE
18/03/2021,INEXISTENTE
19/03/2021,INEXISTENTE
20/03/2021,INEXISTENTE
21/03/2021,INEXISTENTE
22/03/2021,INEXISTENTE
23/03/2021,INEXISTENTE
24/03/2021,INEXISTENTE
25/03/2021,INEXISTENTE
26/03/2021,INEXISTENTE
27/03/2021,INEXISTENTE
28/03/2021,INEXISTENTE
29/03/2021,INEXISTENTE
30/03/2021,INEXISTENTE
31/03/2021,INEXISTENTE
01/04/2021,INEXISTENTE
02/04/2021,INEXISTENTE
03/04/2021,INEXISTENTE
04/04/2021,INEXISTENTE
05/04/2021,INEXISTENTE
06/04/2021,INEXISTENTE
07/04/2021,INEXISTENTE
08/04/2021,INEXISTENTE
09/04/2021,INEXISTENTE
10/04/2021,INEXISTENTE
11/04/2021,INEXISTENTE
12/04/2021,INEXISTENTE
13/04/2021,INEXISTENTE
14/04/2021,INEXISTENTE
15/04/2021,INEXISTENTE
16/04/2021,INEXISTENTE
17/04/2021,INEXISTENTE
18/04/2021,INEXISTENTE
19/04/2021,INEXISTENTE
20/04/2021,INEXISTENTE
21/04/2021,INEXISTENTE
22/04/2021,INEXISTENTE
23/04/2021,INEXISTENTE
24/04/2021,INEXISTENTE
25/04/2021,INEXISTENTE
26/04/2021,INEXISTENTE
27/04/2021,INEXISTENTE
28/04/2021,INEXISTENTE
29/04/2021,INEXISTENTE
30/04/2021,INEXISTENTE
01/05/2021,INEXISTENTE
02/05/2021,INEXISTENTE
03/05/2021,INEXISTENTE
04/05/2021,INEXISTENTE
05/05/2021,INEXISTENTE
06/05/2021,INEXISTENTE
07/05/2021,INEXISTENTE
08/05/2021,INEXISTENTE
09/05/2021,INEXISTENTE
10/05/2021,INEXISTENTE
11/05/2021,INEXISTENTE
12/05/2021,INEXISTENTE
13/05/2021,INEXISTENTE
14/05/2021,INEXISTENTE
15/05/2021,INEXISTENTE
16/05/2021,INEXISTENTE
17/05/2021,INEXISTENTE
18/05/2021,INEXISTENTE
19/05/2021,INEXISTENTE
20/05/2021,INEXISTENTE
21/05/2021,INEXISTENTE
22/05/2021,INEXISTENTE
23/05/2021,INEXISTENTE
24/05/2021,INEXISTENTE
25/05/2021,INEXISTENTE
26/05/2021,INEXISTENTE
27/05/2021,INEXISTENTE
28/05/2021,INEXISTENTE
29/05/2021,INEXISTENTE
30/05/2021,INEXISTENTE
31/05/2021,INEXISTENTE
01/06/2021,INEXISTENTE
02/06/2021,INEXISTENTE
03/06/2021,INEXISTENTE
04/06/2021,INEXISTENTE
05/06/2021,INEXISTENTE
06/06/2021,INEXISTENTE
07/06/2021,INEXISTENTE
08/06/2021,INEXISTENTE
09/06/2021,INEXISTENTE
10/06/2021,INEXISTENTE
11/06/2021,INEXISTENTE
12/06/2021,INEXISTENTE
13/06/2021,INEXISTENTE
14/06/2021,INEXISTENTE
15/06/2021,INEXISTENTE
16/06/2021,INEXISTENTE
17/06/2021,INEXISTENTE
18/06/2021,INEXISTENTE
19/06/2021,INEXISTENTE
20/06/2021,INEXISTENTE
21/06/2021,INEXISTENTE
22/06/2021,INEXISTENTE
23/06/2021,INEXISTENTE
24/06/2021,INEXISTENTE
25/06/2021,INEXISTENTE
26/06/2021,INEXISTENTE
27/06/2021,INEXISTENTE
28/06/2021,INEXISTENTE
29/06/2021,INEXISTENTE
30/06/2021,INEXISTENTE
01/07/2021,INEXISTENTE
02/07/2021,INEXISTENTE
03/07/2021,INEXISTENTE
04/07/2021,INEXISTENTE
05/07/2021,INEXISTENTE
06/07/2021,INEXISTENTE
07/07/2021,INEXISTENTE
08/07/2021,INEXISTENTE
09/07/2021,INEXISTENTE
10/07/2021,INEXISTENTE
11/07/2021,INEXISTENTE
12/07/2021,INEXISTENTE
13/07/2021,INEXISTENTE
14/07/2021,INEXISTENTE
15/07/2021,INEXISTENTE
16/07/2021,INEXISTENTE
17/07/2021,INEXISTENTE
18/07/2021,INEXISTENTE
19/07/2021,INEXISTENTE
20/07/2021,INEXISTENTE
21/07/2021,INEXISTENTE
22/07/2021,INEXISTENTE
23/07/2021,INEXISTENTE
24/07/2021,INEXISTENTE
25/07/2021,INEXISTENTE
26/07/2021,INEXISTENTE
27/07/2021,INEXISTENTE
28/07/2021,INEXISTENTE
29/07/2021,INEXISTENTE
30/07/2021,INEXISTENTE
31/07/2021,INEXISTENTE
01/08/2021,INEXISTENTE
02/08/2021,INEXISTENTE
03/08/2021,INEXISTENTE
04/08/2021,INEXISTENTE
05/08/2021,INEXISTENTE
06/08/2021,INEXISTENTE
07/08/2021,INEXISTENTE
08/08/2021,INEXISTENTE
09/08/2021,INEXISTENTE
10/08/2021,INEXISTENTE
11/08/2021,INEXISTENTE
12/08/2021,INEXISTENTE
13/08/2021,INEXISTENTE
14/08/2021,INEXISTENTE
15/08/2021,INEXISTENTE
16/08/2021,INEXISTENTE
17/08/2021,INEXISTENTE
18/08/2021,INEXISTENTE
19/08/2021,INEXISTENTE
20/08/2021,INEXISTENTE
21/08/2021,INEXISTENTE
22/08/2021,INEXISTENTE
23/08/2021,INEXISTENTE
24/08/2021,INEXISTENTE
25/08/2021,INEXISTENTE
26/08/2021,INEXISTENTE
27/08/2021,INEXISTENTE
28/08/2021,INEXISTENTE
29/08/2021,INEXISTENTE
30/08/2021,INEXISTENTE
31/08/2021,INEXISTENTE
01/09/2021,INEXISTENTE
02/09/2021,INEXISTENTE
03/09/2021,INEXISTENTE
04/09/2021,INEXISTENTE
05/09/2021,INEXISTENTE
06/09/2021,INEXISTENTE
07/09/2021,INEXISTENTE
08/09/2021,INEXISTENTE
09/09/2021,INEXISTENTE
10/09/2021,INEXISTENTE
11/09/2021,INEXISTENTE
12/09/2021,INEXISTENTE
13/09/2021,INEXISTENTE
14/09/2021,INEXISTENTE
15/09/2021,INEXISTENTE
16/09/2021,INEXISTENTE
17/09/2021,INEXISTENTE
18/09/2021,INEXISTENTE
19/09/2021,INEXISTENTE
20/09/2021,INEXISTENTE
21/09/2021,INEXISTENTE
22/09/2021,INEXISTENTE
23/09/2021,INEXISTENTE
24/09/2021,INEXISTENTE
25/09/2021,INEXISTENTE
26/09/2021,INEXISTENTE
27/09/2021,INEXISTENTE
28/09/2021,INEXISTENTE
29/09/2021,INEXISTENTE
30/09/2021,INEXISTENTE
01/10/2021,INEXISTENTE
02/10/2021,INEXISTENTE
03/10/2021,INEXISTENTE
04/10/2021,INEXISTENTE
05/10/2021,INEXISTENTE
06/10/2021,INEXISTENTE
07/10/2021,INEXISTENTE
08/10/2021,INEXISTENTE
09/10/2021,INEXISTENTE
10/10/2021,INEXISTENTE
11/10/2021,INEXISTENTE
12/10/2021,INEXISTENTE
13/10/2021,INEXISTENTE
14/10/2021,INEXISTENTE
15/10/2021,INEXISTENTE
16/10/2021,INEXISTENTE
17/10/2021,INEXISTENTE
18/10/2021,INEXISTENTE
19/10/2021,INEXISTENTE
20/10/2021,INEXISTENTE
21/10/2021,INEXISTENTE
22/10/2021,INEXISTENTE
23/10/2021,INEXISTENTE
24/10/2021,INEXISTENTE
25/10/2021,INEXISTENTE
26/10/2021,INEXISTENTE
27/10/2021,INEXISTENTE
28/10/2021,INEXISTENTE
29/10/2021,INEXISTENTE
30/10/2021,INEXISTENTE
31/10/2021,INEXISTENTE
01/11/2021,INEXISTENTE
02/11/2021,INEXISTENTE
03/11/2021,INEXISTENTE
04/11/2021,INEXISTENTE
05/11/2021,INEXISTENTE
06/11/2021,INEXISTENTE
07/11/2021,INEXISTENTE
08/11/2021,INEXISTENTE
09/11/2021,INEXISTENTE
10/11/2021,INEXISTENTE
11/11/2021,INEXISTENTE
12/11/2021,INEXISTENTE
13/11/2021,INEXISTENTE
14/11/2021,INEXISTENTE
15/11/2021,INEXISTENTE
16/11/2021,INEXISTENTE
17/11/2021,INEXISTENTE
18/11/2021,INEXISTENTE
19/11/2021,INEXISTENTE
20/11/2021,INEXISTENTE
21/11/2021,INEXISTENTE
22/11/2021,INEXISTENTE
23/11/2021,INEXISTENTE
24/11/2021,INEXISTENTE
25/11/2021,INEXISTENTE
26/11/2021,INEXISTENTE
27/11/2021,INEXISTENTE
28/11/2021,INEXISTENTE
29/11/2021,INEXISTENTE
30/11/2021,INEXISTENTE
01/12/2021,INEXISTENTE
02/12/2021,INEXISTENTE
03/12/2021,INEXISTENTE
04/12/2021,INEXISTENTE
05/12/2021,INEXISTENTE
06/12/2021,INEXISTENTE
07/12/2021,INEXISTENTE
08/12/2021,INEXISTENTE
09/12/2021,INEXISTENTE
10/12/2021,INEXISTENTE
11/12/2021,INEXISTENTE
12/12/2021,INEXISTENTE
13/12/2021,INEXISTENTE
14/12/2021,INEXISTENTE
15/12/2021,INEXISTENTE
16/12/2021,INEXISTENTE
17/12/2021,INEXISTENTE
18/12/2021,INEXISTENTE
19/12/2021,INEXISTENTE
20/12/2021,INEXISTENTE
21/12/2021,INEXISTENTE
22/12/2021,INEXISTENTE
23/12/2021,INEXISTENTE
24/12/2021,INEXISTENTE
25/12/2021,INEXISTENTE
26/12/2021,INEXISTENTE
27/12/2021,INEXISTENTE
28/12/2021,INEXISTENTE
29/12/2021,INEXISTENTE
30/12/2021,INEXISTENTE
31/12/2021,INEXISTENTE
01/01/2022,INEXISTENTE
02/01/2022,INEXISTENTE
03/01/2022,INEXISTENTE
04/01/2022,INEXISTENTE
05/01/2022,INEXISTENTE
06/01/2022,INEXISTENTE
07/01/2022,INEXISTENTE
08/01/2022,INEXISTENTE
09/01/2022,INEXISTENTE
10/01/2022,INEXISTENTE
11/01/2022,INEXISTENTE
12/01/2022,INEXISTENTE
13/01/2022,INEXISTENTE
14/01/2022,INEXISTENTE
15/01/2022,INEXISTENTE
16/01/2022,INEXISTENTE
17/01/2022,INEXISTENTE
18/01/2022,INEXISTENTE
19/01/2022,INEXISTENTE
20/01/2022,INEXISTENTE
21/01/2022,INEXISTENTE
22/01/2022,INEXISTENTE
23/01/2022,INEXISTENTE
24/01/2022,INEXISTENTE
25/01/2022,INEXISTENTE
26/01/2022,INEXISTENTE
27/01/2022,INEXISTENTE
28/01/2022,INEXISTENTE
29/01/2022,INEXISTENTE
30/01/2022,INEXISTENTE
31/01/2022,INEXISTENTE
01/02/2022,INEXISTENTE
02/02/2022,INEXISTENTE
03/02/2022,INEXISTENTE
04/02/2022,INEXISTENTE
05/02/2022,INEXISTENTE
06/02/2022,INEXISTENTE
07/02/2022,INEXISTENTE
08/02/2022,INEXISTENTE
09/02/2022,INEXISTENTE
10/02/2022,INEXISTENTE
11/02/2022,INEXISTENTE
12/02/2022,INEXISTENTE
13/02/2022,INEXISTENTE
14/02/2022,INEXISTENTE
15/02/2022,INEXISTENTE
16/02/2022,INEXISTENTE
17/02/2022,INEXISTENTE
18/02/2022,INEXISTENTE
19/02/2022,INEXISTENTE
20/02/2022,INEXISTENTE
21/02/2022,INEXISTENTE
22/02/2022,INEXISTENTE
23/02/2022,INEXISTENTE
24/02/2022,INEXISTENTE
25/02/2022,INEXISTENTE
26/02/2022,INEXISTENTE
27/02/2022,INEXISTENTE
28/02/2022,INEXISTENTE
01/03/2022,INEXISTENTE
02/03/2022,INEXISTENTE
03/03/2022,INEXISTENTE
04/03/2022,INEXISTENTE
05/03/2022,INEXISTENTE
06/03/2022,INEXISTENTE
07/03/2022,INEXISTENTE
08/03/2022,INEXISTENTE
09/03/2022,INEXISTENTE
10/03/2022,INEXISTENTE
11/03/2022,INEXISTENTE
12/03/2022,INEXISTENTE
13/03/2022,INEXISTENTE
14/03/2022,INEXISTENTE
15/03/2022,INEXISTENTE
16/03/2022,INEXISTENTE
17/03/2022,INEXISTENTE
18/03/2022,INEXISTENTE
19/03/2022,INEXISTENTE
20/03/2022,INEXISTENTE
21/03/2022,INEXISTENTE
22/03/2022,INEXISTENTE
23/03/2022,INEXISTENTE
24/03/2022,INEXISTENTE
25/03/2022,INEXISTENTE
26/03/2022,INEXISTENTE
27/03/2022,INEXISTENTE
28/03/2022,INEXISTENTE
29/03/2022,INEXISTENTE
30/03/2022,INEXISTENTE
31/03/2022,INEXISTENTE
01/04/2022,INEXISTENTE
02/04/2022,INEXISTENTE
03/04/2022,INEXISTENTE
04/04/2022,INEXISTENTE
05/04/2022,INEXISTENTE
06/04/2022,INEXISTENTE
07/04/2022,INEXISTENTE
08/04/2022,INEXISTENTE
09/04/2022,INEXISTENTE
10/04/2022,INEXISTENTE
11/04/2022,INEXISTENTE
12/04/2022,INEXISTENTE
13/04/2022,INEXISTENTE
14/04/2022,INEXISTENTE
15/04/2022,INEXISTENTE
16/04/2022,INEXISTENTE
17/04/2022,INEXISTENTE
18/04/2022,INEXISTENTE
19/04/2022,INEXISTENTE
20/04/2022,INEXISTENTE
21/04/2022,INEXISTENTE
22/04/2022,INEXISTENTE
23/04/2022,INEXISTENTE
24/04/2022,INEXISTENTE
25/04/2022,INEXISTENTE
26/04/2022,INEXISTENTE
27/04/2022,INEXISTENTE
28/04/2022,INEXISTENTE
29/04/2022,INEXISTENTE
30/04/2022,INEXISTENTE
01/05/2022,INEXISTENTE
02/05/2022,INEXISTENTE
03/05/2022,INEXISTENTE
04/05/2022,INEXISTENTE
05/05/2022,INEXISTENTE
06/05/2022,INEXISTENTE
07/05/2022,INEXISTENTE
08/05/2022,INEXISTENTE
09/05/2022,INEXISTENTE
10/05/2022,INEXISTENTE
11/05/2022,INEXISTENTE
12/05/2022,INEXISTENTE
13/05/2022,INEXISTENTE
14/05/2022,INEXISTENTE
15/05/2022,INEXISTENTE
16/05/2022,INEXISTENTE
17/05/2022,INEXISTENTE
18/05/2022,INEXISTENTE
19/05/2022,INEXISTENTE
20/05/2022,INEXISTENTE
21/05/2022,INEXISTENTE
22/05/2022,INEXISTENTE
23/05/2022,INEXISTENTE
24/05/2022,INEXISTENTE
25/05/2022,INEXISTENTE
26/05/2022,INEXISTENTE
27/05/2022,INEXISTENTE
28/05/2022,INEXISTENTE
29/05/2022,INEXISTENTE
30/05/2022,INEXISTENTE
31/05/2022,INEXISTENTE
01/06/2022,INEXISTENTE
02/06/2022,INEXISTENTE
03/06/2022,INEXISTENTE
04/06/2022,INEXISTENTE
05/06/2022,INEXISTENTE
06/06/2022,INEXISTENTE
07/06/2022,INEXISTENTE
08/06/2022,INEXISTENTE
09/06/2022,INEXISTENTE
10/06/2022,INEXISTENTE
11/06/2022,INEXISTENTE
12/06/2022,INEXISTENTE
13/06/2022,INEXISTENTE
14/06/2022,INEXISTENTE
15/06/2022,INEXISTENTE
16/06/2022,INEXISTENTE
17/06/2022,INEXISTENTE
18/06/2022,INEXISTENTE
19/06/2022,INEXISTENTE
20/06/2022,INEXISTENTE
21/06/2022,INEXISTENTE
22/06/2022,INEXISTENTE
23/06/2022,INEXISTENTE
24/06/2022,INEXISTENTE
25/06/2022,INEXISTENTE
26/06/2022,INEXISTENTE
27/06/2022,INEXISTENTE
28/06/2022,INEXISTENTE
29/06/2022,INEXISTENTE
30/06/2022,INEXISTENTE
01/07/2022,INEXISTENTE
02/07/2022,INEXISTENTE
03/07/2022,INEXISTENTE
04/07/2022,INEXISTENTE
05/07/2022,INEXISTENTE
06/07/2022,INEXISTENTE
07/07/2022,INEXISTENTE
08/07/2022,INEXISTENTE
09/07/2022,INEXISTENTE
10/07/2022,INEXISTENTE
11/07/2022,INEXISTENTE
12/07/2022,INEXISTENTE
13/07/2022,INEXISTENTE
14/07/2022,INEXISTENTE
15/07/2022,INEXISTENTE
16/07/2022,INEXISTENTE
17/07/2022,INEXISTENTE
18/07/2022,INEXISTENTE
19/07/2022,INEXISTENTE
20/07/2022,INEXISTENTE
21/07/2022,INEXISTENTE
22/07/2022,INEXISTENTE
23/07/2022,INEXISTENTE
24/07/2022,INEXISTENTE
25/07/2022,INEXISTENTE
26/07/2022,INEXISTENTE
27/07/2022,INEXISTENTE
28/07/2022,INEXISTENTE
29/07/2022,INEXISTENTE
30/07/2022,INEXISTENTE
31/07/2022,INEXISTENTE
01/08/2022,INEXISTENTE
02/08/2022,INEXISTENTE
03/08/2022,INEXISTENTE
04/08/2022,INEXISTENTE
05/08/2022,INEXISTENTE
06/08/2022,INEXISTENTE
07/08/2022,INEXISTENTE
08/08/2022,INEXISTENTE
09/08/2022,INEXISTENTE
10/08/2022,INEXISTENTE
11/08/2022,INEXISTENTE
12/08/2022,INEXISTENTE
13/08/2022,INEXISTENTE
14/08/2022,INEXISTENTE
15/08/2022,INEXISTENTE
16/08/2022,INEXISTENTE
17/08/2022,INEXISTENTE
18/08/2022,INEXISTENTE
19/08/2022,INEXISTENTE
20/08/2022,INEXISTENTE
21/08/2022,INEXISTENTE
22/08/2022,INEXISTENTE
23/08/2022,INEXISTENTE
24/08/2022,INEXISTENTE
25/08/2022,INEXISTENTE
26/08/2022,INEXISTENTE
27/08/2022,INEXISTENTE
28/08/2022,INEXISTENTE
29/08/2022,INEXISTENTE
30/08/2022,INEXISTENTE
31/08/2022,INEXISTENTE
01/09/2022,INEXISTENTE
02/09/2022,INEXISTENTE
03/09/2022,INEXISTENTE
04/09/2022,INEXISTENTE
05/09/2022,INEXISTENTE
06/09/2022,INEXISTENTE
07/09/2022,INEXISTENTE
08/09/2022,INEXISTENTE
09/09/2022,INEXISTENTE
10/09/2022,INEXISTENTE
11/09/2022,INEXISTENTE
12/09/2022,INEXISTENTE
13/09/2022,INEXISTENTE
14/09/2022,INEXISTENTE
15/09/2022,INEXISTENTE
16/09/2022,INEXISTENTE
17/09/2022,INEXISTENTE
18/09/2022,INEXISTENTE
19/09/2022,INEXISTENTE
20/09/2022,INEXISTENTE
21/09/2022,INEXISTENTE
22/09/2022,INEXISTENTE
23/09/2022,INEXISTENTE
24/09/2022,INEXISTENTE
25/09/2022,INEXISTENTE
26/09/2022,INEXISTENTE
27/09/2022,INEXISTENTE
28/09/2022,INEXISTENTE
29/09/2022,INEXISTENTE
30/09/2022,INEXISTENTE
01/10/2022,INEXISTENTE
02/10/2022,INEXISTENTE
03/10/2022,INEXISTENTE
04/10/2022,INEXISTENTE
05/10/2022,INEXISTENTE
06/10/2022,INEXISTENTE
07/10/2022,INEXISTENTE
08/10/2022,INEXISTENTE
09/10/2022,INEXISTENTE
10/10/2022,INEXISTENTE
11/10/2022,INEXISTENTE
12/10/2022,INEXISTENTE
13/10/2022,INEXISTENTE
14/10/2022,INEXISTENTE
15/10/2022,INEXISTENTE
16/10/2022,INEXISTENTE
17/10/2022,INEXISTENTE
18/10/2022,INEXISTENTE
19/10/2022,INEXISTENTE
20/10/2022,INEXISTENTE
21/10/2022,INEXISTENTE
22/10/2022,INEXISTENTE
23/10/2022,INEXISTENTE
24/10/2022,INEXISTENTE
25/10/2022,INEXISTENTE
26/10/2022,INEXISTENTE
27/10/2022,INEXISTENTE
28/10/2022,INEXISTENTE
29/10/2022,INEXISTENTE
30/10/2022,INEXISTENTE
31/10/2022,INEXISTENTE
01/11/2022,INEXISTENTE
02/11/2022,INEXISTENTE
03/11/2022,INEXISTENTE
04/11/2022,INEXISTENTE
05/11/2022,INEXISTENTE
06/11/2022,INEXISTENTE
07/11/2022,INEXISTENTE
08/11/2022,INEXISTENTE
09/11/2022,INEXISTENTE
10/11/2022,INEXISTENTE
11/11/2022,INEXISTENTE
12/11/2022,INEXISTENTE
13/11/2022,INEXISTENTE
14/11/2022,INEXISTENTE
15/11/2022,INEXISTENTE
16/11/2022,INEXISTENTE
17/11/2022,INEXISTENTE
18/11/2022,INEXISTENTE
19/11/2022,INEXISTENTE
20/11/2022,INEXISTENTE
21/11/2022,INEXISTENTE
22/11/2022,INEXISTENTE
23/11/2022,INEXISTENTE
24/11/2022,INEXISTENTE
25/11/2022,INEXISTENTE
26/11/2022,INEXISTENTE
27/11/2022,INEXISTENTE
28/11/2022,INEXISTENTE
29/11/2022,INEXISTENTE
30/11/2022,INEXISTENTE
01/12/2022,INEXISTENTE
02/12/2022,INEXISTENTE
03/12/2022,INEXISTENTE
04/12/2022,INEXISTENTE
05/12/2022,INEXISTENTE
06/12/2022,INEXISTENTE
07/12/2022,INEXISTENTE
08/12/2022,INEXISTENTE
09/12/2022,INEXISTENTE
10/12/2022,INEXISTENTE
11/12/2022,INEXISTENTE
12/12/2022,INEXISTENTE
13/12/2022,INEXISTENTE
14/12/2022,INEXISTENTE
15/12/2022,INEXISTENTE
16/12/2022,INEXISTENTE
17/12/2022,INEXISTENTE
18/12/2022,INEXISTENTE
19/12/2022,INEXISTENTE
20/12/2022,INEXISTENTE
21/12/2022,INEXISTENTE
22/12/2022,INEXISTENTE
23/12/2022,INEXISTENTE
24/12/2022,INEXISTENTE
25/12/2022,INEXISTENTE
26/12/2022,INEXISTENTE
27/12/2022,INEXISTENTE
28/12/2022,INEXISTENTE
29/12/2022,INEXISTENTE
30/12/2022,INEXISTENTE
31/12/2022,INEXISTENTE
01/01/2023,INEXISTENTE
02/01/2023,INEXISTENTE
03/01/2023,INEXISTENTE
04/01/2023,INEXISTENTE
05/01/2023,INEXISTENTE
06/01/2023,INEXISTENTE
07/01/2023,INEXISTENTE
08/01/2023,INEXISTENTE
09/01/2023,INEXISTENTE
10/01/2023,INEXISTENTE
11/01/2023,INEXISTENTE
12/01/2023,INEXISTENTE
13/01/2023,INEXISTENTE
14/01/2023,INEXISTENTE
15/01/2023,INEXISTENTE
16/01/2023,INEXISTENTE
17/01/2023,INEXISTENTE
18/01/2023,INEXISTENTE
19/01/2023,INEXISTENTE
20/01/2023,INEXISTENTE
21/01/2023,INEXISTENTE
22/01/2023,INEXISTENTE
23/01/2023,INEXISTENTE
24/01/2023,INEXISTENTE
25/01/2023,INEXISTENTE
26/01/2023,INEXISTENTE
27/01/2023,INEXISTENTE
28/01/2023,INEXISTENTE
29/01/2023,INEXISTENTE
30/01/2023,INEXISTENTE
31/01/2023,INEXISTENTE
01/02/2023,INEXISTENTE
02/02/2023,INEXISTENTE
03/02/2023,INEXISTENTE
04/02/2023,INEXISTENTE
05/02/2023,INEXISTENTE
06/02/2023,INEXISTENTE
07/02/2023,INEXISTENTE
08/02/2023,INEXISTENTE
09/02/2023,INEXISTENTE
10/02/2023,INEXISTENTE
11/02/2023,INEXISTENTE
12/02/2023,INEXISTENTE
13/02/2023,INEXISTENTE
14/02/2023,INEXISTENTE
15/02/2023,INEXISTENTE
16/02/2023,INEXISTENTE
17/02/2023,INEXISTENTE
18/02/2023,INEXISTENTE
19/02/2023,INEXISTENTE
20/02/2023,INEXISTENTE
21/02/2023,INEXISTENTE
22/02/2023,INEXISTENTE
23/02/2023,INEXISTENTE
24/02/2023,INEXISTENTE
25/02/2023,INEXISTENTE
26/02/2023,INEXISTENTE
27/02/2023,INEXISTENTE
28/02/2023,INEXISTENTE
01/03/2023,INEXISTENTE
02/03/2023,INEXISTENTE
03/03/2023,INEXISTENTE
04/03/2023,INEXISTENTE
05/03/2023,INEXISTENTE
06/03/2023,INEXISTENTE
07/03/2023,INEXISTENTE
08/03/2023,INEXISTENTE
09/03/2023,INEXISTENTE
10/03/2023,INEXISTENTE
11/03/2023,INEXISTENTE
12/03/2023,INEXISTENTE
13/03/2023,INEXISTENTE
14/03/2023,INEXISTENTE
15/03/2023,INEXISTENTE
16/03/2023,INEXISTENTE
17/03/2023,INEXISTENTE
18/03/2023,INEXISTENTE
19/03/2023,INEXISTENTE
20/03/2023,INEXISTENTE
21/03/2023,INEXISTENTE
22/03/2023,INEXISTENTE
23/03/2023,INEXISTENTE
24/03/2023,INEXISTENTE
25/03/2023,INEXISTENTE
26/03/2023,INEXISTENTE
27/03/2023,INEXISTENTE
28/03/2023,INEXISTENTE
29/03/2023,INEXISTENTE
30/03/2023,INEXISTENTE
31/03/2023,INEXISTENTE
01/04/2023,INEXISTENTE
02/04/2023,INEXISTENTE
03/04/2023,INEXISTENTE
04/04/2023,INEXISTENTE
05/04/2023,INEXISTENTE
06/04/2023,INEXISTENTE
07/04/2023,INEXISTENTE
08/04/2023,INEXISTENTE
09/04/2023,INEXISTENTE
10/04/2023,INEXISTENTE
11/04/2023,INEXISTENTE
12/04/2023,INEXISTENTE
13/04/2023,INEXISTENTE
14/04/2023,INEXISTENTE
15/04/2023,INEXISTENTE
16/04/2023,INEXISTENTE
17/04/2023,INEXISTENTE
18/04/2023,INEXISTENTE
19/04/2023,INEXISTENTE
20/04/2023,INEXISTENTE
21/04/2023,INEXISTENTE
22/04/2023,INEXISTENTE
23/04/2023,INEXISTENTE
24/04/2023,INEXISTENTE
25/04/2023,INEXISTENTE
26/04/2023,INEXISTENTE
27/04/2023,INEXISTENTE
28/04/2023,INEXISTENTE
29/04/2023,INEXISTENTE
30/04/2023,INEXISTENTE
01/05/2023,INEXISTENTE
02/05/2023,INEXISTENTE
03/05/2023,INEXISTENTE
04/05/2023,INEXISTENTE
05/05/2023,INEXISTENTE
06/05/2023,INEXISTENTE
07/05/2023,INEXISTENTE
08/05/2023,INEXISTENTE
09/05/2023,INEXISTENTE
10/05/2023,INEXISTENTE
11/05/2023,INEXISTENTE
12/05/2023,INEXISTENTE
13/05/2023,INEXISTENTE
14/05/2023,INEXISTENTE
15/05/2023,INEXISTENTE
16/05/2023,INEXISTENTE
17/05/2023,INEXISTENTE
18/05/2023,INEXISTENTE
19/05/2023,INEXISTENTE
20/05/2023,INEXISTENTE
21/05/2023,INEXISTENTE
22/05/2023,INEXISTENTE
23/05/2023,INEXISTENTE
24/05/2023,INEXISTENTE
25/05/2023,INEXISTENTE
26/05/2023,INEXISTENTE
27/05/2023,INEXISTENTE
28/05/2023,INEXISTENTE
29/05/2023,INEXISTENTE
30/05/2023,INEXISTENTE
31/05/2023,INEXISTENTE
01/06/2023,FRACO
02/06/2023,FRACO
03/06/2023,FRACO
04/06/2023,FRACO
05/06/2023,FRACO
06/06/2023,FRACO
07/06/2023,FRACO
08/06/2023,FRACO
09/06/2023,FRACO
10/06/2023,FRACO
11/06/2023,FRACO
12/06/2023,FRACO
13/06/2023,FRACO
14/06/2023,FRACO
15/06/2023,FRACO
16/06/2023,FRACO
17/06/2023,FRACO
18/06/2023,FRACO
19/06/2023,FRACO
20/06/2023,FRACO
21/06/2023,FRACO
22/06/2023,FRACO
23/06/2023,FRACO
24/06/2023,FRACO
25/06/2023,FRACO
26/06/2023,FRACO
27/06/2023,FRACO
28/06/2023,FRACO
29/06/2023,FRACO
30/06/2023,FRACO
01/07/2023,FRACO
02/07/2023,FRACO
03/07/2023,FRACO
04/07/2023,FRACO
05/07/2023,FRACO
06/07/2023,FRACO
07/07/2023,FRACO
08/07/2023,FRACO
09/07/2023,FRACO
10/07/2023,FRACO
11/07/2023,FRACO
12/07/2023,FRACO
13/07/2023,FRACO
14/07/2023,FRACO
15/07/2023,FRACO
16/07/2023,FRACO
17/07/2023,FRACO
18/07/2023,FRACO
19/07/2023,FRACO
20/07/2023,FRACO
21/07/2023,FRACO
22/07/2023,FRACO
23/07/2023,FRACO
24/07/2023,FRACO
25/07/2023,FRACO
26/07/2023,FRACO
27/07/2023,FRACO
28/07/2023,FRACO
29/07/2023,FRACO
30/07/2023,FRACO
31/07/2023,FRACO
01/08/2023,FRACO
02/08/2023,FRACO
03/08/2023,FRACO
04/08/2023,FRACO
05/08/2023,FRACO
06/08/2023,FRACO
07/08/2023,FRACO
08/08/2023,FRACO
09/08/2023,FRACO
10/08/2023,FRACO
11/08/2023,FRACO
12/08/2023,FRACO
13/08/2023,FRACO
14/08/2023,FRACO
15/08/2023,FRACO
16/08/2023,FRACO
17/08/2023,FRACO
18/08/2023,FRACO
19/08/2023,FRACO
20/08/2023,FRACO
21/08/2023,FRACO
22/08/2023,FRACO
23/08/2023,MÉDIO
24/08/2023,MÉDIO
25/08/2023,MÉDIO
26/08/2023,MÉDIO
27/08/2023,MÉDIO
28/08/2023,MÉDIO
29/08/2023,MÉDIO
30/08/2023,MÉDIO
31/08/2023,MÉDIO
01/09/2023,MÉDIO
02/09/2023,MÉDIO
03/09/2023,MÉDIO
04/09/2023,MÉDIO
05/09/2023,MÉDIO
06/09/2023,MÉDIO
07/09/2023,MÉDIO
08/09/2023,MÉDIO
09/09/2023,MÉDIO
10/09/2023,MÉDIO
11/09/2023,MÉDIO
12/09/2023,MÉDIO
13/09/2023,MÉDIO
14/09/2023,MÉDIO
15/09/2023,MÉDIO
16/09/2023,MÉDIO
17/09/2023,MÉDIO
18/09/2023,MÉDIO
19/09/2023,MÉDIO
20/09/2023,MÉDIO
21/09/2023,MÉDIO
22/09/2023,MÉDIO
23/09/2023,MÉDIO
24/09/2023,MÉDIO
25/09/2023,MÉDIO
26/09/2023,MÉDIO
27/09/2023,MÉDIO
28/09/2023,MÉDIO
29/09/2023,MÉDIO
30/09/2023,MÉDIO
01/10/2023,MÉDIO
02/10/2023,MÉDIO
03/10/2023,MÉDIO
04/10/2023,MÉDIO
05/10/2023,MÉDIO
06/10/2023,MÉDIO
07/10/2023,MÉDIO
08/10/2023,MÉDIO
09/10/2023,MÉDIO
10/10/2023,MÉDIO
11/10/2023,MÉDIO
12/10/2023,MÉDIO
13/10/2023,MÉDIO
14/10/2023,MÉDIO
15/10/2023,MÉDIO
16/10/2023,MÉDIO
17/10/2023,MÉDIO
18/10/2023,MÉDIO
19/10/2023,MÉDIO
20/10/2023,MÉDIO
21/10/2023,MÉDIO
22/10/2023,MÉDIO
23/10/2023,MÉDIO
24/10/2023,MÉDIO
25/10/2023,MÉDIO
26/10/2023,MÉDIO
27/10/2023,MÉDIO
28/10/2023,MÉDIO
29/10/2023,MÉDIO
30/10/2023,MÉDIO
31/10/2023,MÉDIO
01/11/2023,MÉDIO
02/11/2023,MÉDIO
03/11/2023,MÉDIO
04/11/2023,MÉDIO
05/11/2023,MÉDIO
06/11/2023,MÉDIO
07/11/2023,MÉDIO
08/11/2023,MÉDIO
09/11/2023,MÉDIO
10/11/2023,MÉDIO
11/11/2023,MÉDIO
12/11/2023,MÉDIO
13/11/2023,MÉDIO
14/11/2023,MÉDIO
15/11/2023,MÉDIO
16/11/2023,MÉDIO
17/11/2023,MÉDIO
18/11/2023,MÉDIO
19/11/2023,MÉDIO
20/11/2023,MÉDIO
21/11/2023,MÉDIO
22/11/2023,MÉDIO
23/11/2023,MÉDIO
24/11/2023,MÉDIO
25/11/2023,MÉDIO
26/11/2023,MÉDIO
27/11/2023,MÉDIO
28/11/2023,MÉDIO
29/11/2023,MÉDIO
30/11/2023,MÉDIO
01/12/2023,FORTE
02/12/2023,FORTE
03/12/2023,FORTE
04/12/2023,FORTE
05/12/2023,FORTE
06/12/2023,FORTE
07/12/2023,FORTE
08/12/2023,FORTE
09/12/2023,FORTE
10/12/2023,FORTE
11/12/2023,FORTE
12/12/2023,FORTE
13/12/2023,FORTE
14/12/2023,FORTE
15/12/2023,FORTE
16/12/2023,FORTE
17/12/2023,FORTE
18/12/2023,FORTE
19/12/2023,FORTE
20/12/2023,FORTE
21/12/2023,FORTE
22/12/2023,FORTE
23/12/2023,FORTE
24/12/2023,FORTE
25/12/2023,FORTE
26/12/2023,FORTE
27/12/2023,FORTE
28/12/2023,FORTE
29/12/2023,FORTE
30/12/2023,FORTE
31/12/2023,FORTE
01/01/2024,FORTE
02/01/2024,FORTE
03/01/2024,FORTE
04/01/2024,FORTE
05/01/2024,FORTE
06/01/2024,FORTE
07/01/2024,FORTE
08/01/2024,FORTE
09/01/2024,FORTE
10/01/2024,FORTE
11/01/2024,FORTE
12/01/2024,FORTE
13/01/2024,FORTE
14/01/2024,FORTE
15/01/2024,FORTE
16/01/2024,FORTE
17/01/2024,FORTE
18/01/2024,FORTE
19/01/2024,FORTE
20/01/2024,FORTE
21/01/2024,FORTE
22/01/2024,FORTE
23/01/2024,FORTE
24/01/2024,FORTE
25/01/2024,FORTE
26/01/2024,FORTE
27/01/2024,FORTE
28/01/2024,FORTE
29/01/2024,FORTE
30/01/2024,FORTE
31/01/2024,FORTE
01/02/2024,MÉDIO
02/02/2024,MÉDIO
03/02/2024,MÉDIO
04/02/2024,MÉDIO
05/02/2024,MÉDIO
06/02/2024,MÉDIO
07/02/2024,MÉDIO
08/02/2024,MÉDIO
09/02/2024,MÉDIO
10/02/2024,MÉDIO
11/02/2024,MÉDIO
12/02/2024,MÉDIO
13/02/2024,MÉDIO
14/02/2024,MÉDIO
15/02/2024,MÉDIO
16/02/2024,MÉDIO
17/02/2024,MÉDIO
18/02/2024,MÉDIO
19/02/2024,MÉDIO
20/02/2024,MÉDIO
21/02/2024,MÉDIO
22/02/2024,MÉDIO
23/02/2024,MÉDIO
24/02/2024,MÉDIO
25/02/2024,MÉDIO
26/02/2024,MÉDIO
27/02/2024,MÉDIO
28/02/2024,MÉDIO
29/02/2024,MÉDIO
01/03/2024,MÉDIO
02/03/2024,MÉDIO
03/03/2024,MÉDIO
04/03/2024,MÉDIO
05/03/2024,MÉDIO
06/03/2024,MÉDIO
07/03/2024,MÉDIO
08/03/2024,MÉDIO
09/03/2024,MÉDIO
10/03/2024,MÉDIO
11/03/2024,MÉDIO
12/03/2024,MÉDIO
13/03/2024,MÉDIO
14/03/2024,MÉDIO
15/03/2024,MÉDIO
16/03/2024,MÉDIO
17/03/2024,MÉDIO
18/03/2024,MÉDIO
19/03/2024,MÉDIO
20/03/2024,MÉDIO
21/03/2024,MÉDIO
22/03/2024,MÉDIO
23/03/2024,MÉDIO
24/03/2024,MÉDIO
25/03/2024,MÉDIO
26/03/2024,MÉDIO
27/03/2024,MÉDIO
28/03/2024,MÉDIO
29/03/2024,MÉDIO
30/03/2024,MÉDIO
31/03/2024,MÉDIO
01/04/2024,MÉDIO
02/04/2024,MÉDIO
03/04/2024,MÉDIO
04/04/2024,MÉDIO
05/04/2024,MÉDIO
06/04/2024,MÉDIO
07/04/2024,MÉDIO
08/04/2024,MÉDIO
09/04/2024,MÉDIO
10/04/2024,MÉDIO
11/04/2024,MÉDIO
12/04/2024,MÉDIO
13/04/2024,MÉDIO
14/04/2024,MÉDIO
15/04/2024,MÉDIO
16/04/2024,FRACO
17/04/2024,FRACO
18/04/2024,FRACO
19/04/2024,FRACO
20/04/2024,FRACO
21/04/2024,FRACO
22/04/2024,FRACO
23/04/2024,FRACO
24/04/2024,FRACO
25/04/2024,FRACO
26/04/2024,FRACO
27/04/2024,FRACO
28/04/2024,FRACO
29/04/2024,FRACO
30/04/2024,FRACO
01/05/2024,FRACO
02/05/2024,FRACO
03/05/2024,FRACO
04/05/2024,FRACO
05/05/2024,FRACO
06/05/2024,FRACO
07/05/2024,FRACO
08/05/2024,FRACO
09/05/2024,FRACO
10/05/2024,FRACO
11/05/2024,FRACO
12/05/2024,FRACO
13/05/2024,FRACO
14/05/2024,FRACO
15/05/2024,FRACO
16/05/2024,FRACO
17/05/2024,FRACO
18/05/2024,FRACO
19/05/2024,FRACO
20/05/2024,FRACO
21/05/2024,FRACO
22/05/2024,FRACO
23/05/2024,FRACO
24/05/2024,FRACO
25/05/2024,FRACO
26/05/2024,FRACO
27/05/2024,FRACO
28/05/2024,FRACO
29/05/2024,FRACO
30/05/2024,FRACO
31/05/2024,FRACO
01/06/2024,FRACO
02/06/2024,FRACO
03/06/2024,FRACO
04/06/2024,FRACO
05/06/2024,FRACO
06/06/2024,FRACO
07/06/2024,FRACO
08/06/2024,FRACO
09/06/2024,FRACO
10/06/2024,FRACO
11/06/2024,FRACO
12/06/2024,FRACO
13/06/2024,FRACO
14/06/2024,FRACO
15/06/2024,FRACO
16/06/2024,FRACO
17/06/2024,FRACO
18/06/2024,FRACO
19/06/2024,FRACO
20/06/2024,FRACO
21/06/2024,FRACO
22/06/2024,FRACO
23/06/2024,FRACO
24/06/2024,FRACO
25/06/2024,FRACO
26/06/2024,FRACO
27/06/2024,FRACO
28/06/2024,FRACO
29/06/2024,FRACO
30/06/2024,FRACO
01/07/2024,INEXISTENTE
02/07/2024,INEXISTENTE
03/07/2024,INEXISTENTE
04/07/2024,INEXISTENTE
05/07/2024,INEXISTENTE
06/07/2024,INEXISTENTE
07/07/2024,INEXISTENTE
08/07/2024,INEXISTENTE
09/07/2024,INEXISTENTE
10/07/2024,INEXISTENTE
11/07/2024,INEXISTENTE
12/07/2024,INEXISTENTE
13/07/2024,INEXISTENTE
14/07/2024,INEXISTENTE
15/07/2024,INEXISTENTE
16/07/2024,INEXISTENTE
17/07/2024,INEXISTENTE
18/07/2024,INEXISTENTE
19/07/2024,INEXISTENTE
20/07/2024,INEXISTENTE
21/07/2024,INEXISTENTE
22/07/2024,INEXISTENTE
23/07/2024,INEXISTENTE
24/07/2024,INEXISTENTE
25/07/2024,INEXISTENTE
26/07/2024,INEXISTENTE
27/07/2024,INEXISTENTE
28/07/2024,INEXISTENTE
29/07/2024,INEXISTENTE
30/07/2024,INEXISTENTE
31/07/2024,INEXISTENTE
01/08/2024,INEXISTENTE
02/08/2024,INEXISTENTE
03/08/2024,INEXISTENTE
04/08/2024,INEXISTENTE
05/08/2024,INEXISTENTE
06/08/2024,INEXISTENTE
07/08/2024,INEXISTENTE
08/08/2024,INEXISTENTE
09/08/2024,INEXISTENTE
10/08/2024,INEXISTENTE
11/08/2024,INEXISTENTE
12/08/2024,INEXISTENTE
13/08/2024,INEXISTENTE
14/08/2024,INEXISTENTE
15/08/2024,INEXISTENTE
16/08/2024,INEXISTENTE
17/08/2024,INEXISTENTE
18/08/2024,INEXISTENTE
19/08/2024,INEXISTENTE
20/08/2024,INEXISTENTE
21/08/2024,INEXISTENTE
22/08/2024,INEXISTENTE
23/08/2024,INEXISTENTE
24/08/2024,INEXISTENTE
25/08/2024,INEXISTENTE
26/08/2024,INEXISTENTE
27/08/2024,INEXISTENTE
28/08/2024,INEXISTENTE
29/08/2024,INEXISTENTE
30/08/2024,INEXISTENTE
31/08/2024,INEXISTENTE
01/09/2024,INEXISTENTE
02/09/2024,INEXISTENTE
03/09/2024,INEXISTENTE
04/09/2024,INEXISTENTE
05/09/2024,INEXISTENTE
06/09/2024,INEXISTENTE
07/09/2024,INEXISTENTE
08/09/2024,INEXISTENTE
09/09/2024,INEXISTENTE
10/09/2024,INEXISTENTE
11/09/2024,INEXISTENTE
12/09/2024,INEXISTENTE
13/09/2024,INEXISTENTE
14/09/2024,INEXISTENTE
15/09/2024,INEXISTENTE
16/09/2024,INEXISTENTE
17/09/2024,INEXISTENTE
18/09/2024,INEXISTENTE
19/09/2024,INEXISTENTE
20/09/2024,INEXISTENTE
21/09/2024,INEXISTENTE
22/09/2024,INEXISTENTE
23/09/2024,INEXISTENTE
24/09/2024,INEXISTENTE
25/09/2024,INEXISTENTE
26/09/2024,INEXISTENTE
27/09/2024,INEXISTENTE
28/09/2024,INEXISTENTE
29/09/2024,INEXISTENTE
30/09/2024,INEXISTENTE
01/10/2024,INEXISTENTE
02/10/2024,INEXISTENTE
03/10/2024,INEXISTENTE
04/10/2024,INEXISTENTE
05/10/2024,INEXISTENTE
06/10/2024,INEXISTENTE
07/10/2024,INEXISTENTE
08/10/2024,INEXISTENTE
09/10/2024,INEXISTENTE
10/10/2024,INEXISTENTE
11/10/2024,INEXISTENTE
12/10/2024,INEXISTENTE
13/10/2024,INEXISTENTE
14/10/2024,INEXISTENTE
15/10/2024,INEXISTENTE
16/10/2024,INEXISTENTE
17/10/2024,INEXISTENTE
18/10/2024,INEXISTENTE
19/10/2024,INEXISTENTE
20/10/2024,INEXISTENTE
21/10/2024,INEXISTENTE
22/10/2024,INEXISTENTE
23/10/2024,INEXISTENTE
24/10/2024,INEXISTENTE
25/10/2024,INEXISTENTE
26/10/2024,INEXISTENTE
27/10/2024,INEXISTENTE
28/10/2024,INEXISTENTE
29/10/2024,INEXISTENTE
30/10/2024,INEXISTENTE
31/10/2024,INEXISTENTE
01/11/2024,INEXISTENTE
02/11/2024,INEXISTENTE
03/11/2024,INEXISTENTE
04/11/2024,INEXISTENTE
05/11/2024,INEXISTENTE
06/11/2024,INEXISTENTE
07/11/2024,INEXISTENTE
08/11/2024,INEXISTENTE
09/11/2024,INEXISTENTE
10/11/2024,INEXISTENTE
11/11/2024,INEXISTENTE
12/11/2024,INEXISTENTE
13/11/2024,INEXISTENTE
14/11/2024,INEXISTENTE
15/11/2024,INEXISTENTE
16/11/2024,INEXISTENTE
17/11/2024,INEXISTENTE
18/11/2024,INEXISTENTE
19/11/2024,INEXISTENTE
20/11/2024,INEXISTENTE
21/11/2024,INEXISTENTE
22/11/2024,INEXISTENTE
23/11/2024,INEXISTENTE
24/11/2024,INEXISTENTE
25/11/2024,INEXISTENTE
26/11/2024,INEXISTENTE
27/11/2024,INEXISTENTE
28/11/2024,INEXISTENTE
29/11/2024,INEXISTENTE
30/11/2024,INEXISTENTE
01/12/2024,INEXISTENTE
02/12/2024,INEXISTENTE
03/12/2024,INEXISTENTE
04/12/2024,INEXISTENTE
05/12/2024,INEXISTENTE
06/12/2024,INEXISTENTE
07/12/2024,INEXISTENTE
08/12/2024,INEXISTENTE
09/12/2024,INEXISTENTE
10/12/2024,INEXISTENTE
11/12/2024,INEXISTENTE
12/12/2024,INEXISTENTE
13/12/2024,INEXISTENTE
14/12/2024,INEXISTENTE
15/12/2024,INEXISTENTE
16/12/2024,INEXISTENTE
17/12/2024,INEXISTENTE
18/12/2024,INEXISTENTE
19/12/2024,INEXISTENTE
20/12/2024,INEXISTENTE
21/12/2024,INEXISTENTE
22/12/2024,INEXISTENTE
23/12/2024,INEXISTENTE
24/12/2024,INEXISTENTE
25/12/2024,INEXISTENTE
26/12/2024,INEXISTENTE
27/12/2024,INEXISTENTE
28/12/2024,INEXISTENTE
29/12/2024,INEXISTENTE
30/12/2024,INEXISTENTE
31/12/2024,INEXISTENTE
01/01/2025,INEXISTENTE
02/01/2025,INEXISTENTE
03/01/2025,INEXISTENTE
04/01/2025,INEXISTENTE
05/01/2025,INEXISTENTE
06/01/2025,INEXISTENTE
07/01/2025,INEXISTENTE
08/01/2025,INEXISTENTE
09/01/2025,INEXISTENTE
10/01/2025,INEXISTENTE
11/01/2025,INEXISTENTE
12/01/2025,INEXISTENTE
13/01/2025,INEXISTENTE
14/01/2025,INEXISTENTE
15/01/2025,INEXISTENTE
16/01/2025,INEXISTENTE
17/01/2025,INEXISTENTE
18/01/2025,INEXISTENTE
19/01/2025,INEXISTENTE
20/01/2025,INEXISTENTE
21/01/2025,INEXISTENTE
22/01/2025,INEXISTENTE
23/01/2025,INEXISTENTE
24/01/2025,INEXISTENTE
25/01/2025,INEXISTENTE
26/01/2025,INEXISTENTE
27/01/2025,INEXISTENTE
28/01/2025,INEXISTENTE
29/01/2025,INEXISTENTE
30/01/2025,INEXISTENTE
31/01/2025,INEXISTENTE
01/02/2025,INEXISTENTE
02/02/2025,INEXISTENTE
03/02/2025,INEXISTENTE
04/02/2025,INEXISTENTE
05/02/2025,INEXISTENTE
06/02/2025,INEXISTENTE
07/02/2025,INEXISTENTE
08/02/2025,INEXISTENTE
09/02/2025,INEXISTENTE
10/02/2025,INEXISTENTE
11/02/2025,INEXISTENTE
12/02/2025,INEXISTENTE
13/02/2025,INEXISTENTE
14/02/2025,INEXISTENTE
15/02/2025,INEXISTENTE
16/02/2025,INEXISTENTE
17/02/2025,INEXISTENTE
18/02/2025,INEXISTENTE
19/02/2025,INEXISTENTE
20/02/2025,INEXISTENTE
21/02/2025,INEXISTENTE
22/02/2025,INEXISTENTE
23/02/2025,INEXISTENTE
24/02/2025,INEXISTENTE
25/02/2025,INEXISTENTE
26/02/2025,INEXISTENTE
27/02/2025,INEXISTENTE
28/02/2025,INEXISTENTE
01/03/2025,INEXISTENTE
02/03/2025,INEXISTENTE
03/03/2025,INEXISTENTE
04/03/2025,INEXISTENTE
05/03/2025,INEXISTENTE
06/03/2025,INEXISTENTE
07/03/2025,INEXISTENTE
08/03/2025,INEXISTENTE
09/03/2025,INEXISTENTE
10/03/2025,INEXISTENTE
11/03/2025,INEXISTENTE
12/03/2025,INEXISTENTE
13/03/2025,INEXISTENTE
14/03/2025,INEXISTENTE
15/03/2025,INEXISTENTE
16/03/2025,INEXISTENTE
17/03/2025,INEXISTENTE
18/03/2025,INEXISTENTE
19/03/2025,INEXISTENTE
20/03/2025,INEXISTENTE
21/03/2025,INEXISTENTE
22/03/2025,INEXISTENTE
23/03/2025,INEXISTENTE
24/03/2025,INEXISTENTE
25/03/2025,INEXISTENTE
26/03/2025,INEXISTENTE
27/03/2025,INEXISTENTE
28/03/2025,INEXISTENTE
29/03/2025,INEXISTENTE
30/03/2025,INEXISTENTE
31/03/2025,INEXISTENTE
01/04/2025,INEXISTENTE
02/04/2025,INEXISTENTE
03/04/2025,INEXISTENTE
04/04/2025,INEXISTENTE
05/04/2025,INEXISTENTE
06/04/2025,INEXISTENTE
07/04/2025,INEXISTENTE
08/04/2025,INEXISTENTE
09/04/2025,INEXISTENTE
10/04/2025,INEXISTENTE
11/04/2025,INEXISTENTE
12/04/2025,INEXISTENTE
13/04/2025,INEXISTENTE
14/04/2025,INEXISTENTE
15/04/2025,INEXISTENTE
16/04/2025,INEXISTENTE
17/04/2025,INEXISTENTE
18/04/2025,INEXISTENTE
19/04/2025,INEXISTENTE
20/04/2025,INEXISTENTE
21/04/2025,INEXISTENTE
22/04/2025,INEXISTENTE
23/04/2025,INEXISTENTE
24/04/2025,INEXISTENTE
25/04/2025,INEXISTENTE
26/04/2025,INEXISTENTE
27/04/2025,INEXISTENTE
28/04/2025,INEXISTENTE
29/04/2025,INEXISTENTE
30/04/2025,INEXISTENTE
01/05/2025,INEXISTENTE
02/05/2025,INEXISTENTE
03/05/2025,INEXISTENTE
04/05/2025,INEXISTENTE
05/05/2025,INEXISTENTE
06/05/2025,INEXISTENTE
07/05/2025,INEXISTENTE
08/05/2025,INEXISTENTE
09/05/2025,INEXISTENTE
10/05/2025,INEXISTENTE
11/05/2025,INEXISTENTE
12/05/2025,INEXISTENTE
13/05/2025,INEXISTENTE
14/05/2025,INEXISTENTE
15/05/2025,INEXISTENTE
16/05/2025,INEXISTENTE
17/05/2025,INEXISTENTE
18/05/2025,INEXISTENTE
19/05/2025,INEXISTENTE
20/05/2025,INEXISTENTE
21/05/2025,INEXISTENTE
22/05/2025,INEXISTENTE
23/05/2025,INEXISTENTE
24/05/2025,INEXISTENTE
25/05/2025,INEXISTENTE
26/05/2025,INEXISTENTE
27/05/2025,INEXISTENTE
28/05/2025,INEXISTENTE
29/05/2025,INEXISTENTE
30/05/2025,INEXISTENTE
31/05/2025,INEXISTENTE
01/06/2025,INEXISTENTE
02/06/2025,INEXISTENTE
03/06/2025,INEXISTENTE
04/06/2025,INEXISTENTE
05/06/2025,INEXISTENTE
06/06/2025,INEXISTENTE
07/06/2025,INEXISTENTE
08/06/2025,INEXISTENTE
09/06/2025,INEXISTENTE
10/06/2025,INEXISTENTE
11/06/2025,INEXISTENTE
12/06/2025,INEXISTENTE
13/06/2025,INEXISTENTE
14/06/2025,INEXISTENTE
15/06/2025,INEXISTENTE
16/06/2025,INEXISTENTE
17/06/2025,INEXISTENTE
18/06/2025,INEXISTENTE
19/06/2025,INEXISTENTE
20/06/2025,INEXISTENTE
21/06/2025,INEXISTENTE
22/06/2025,INEXISTENTE
23/06/2025,INEXISTENTE
24/06/2025,INEXISTENTE
25/06/2025,INEXISTENTE
26/06/2025,INEXISTENTE
27/06/2025,INEXISTENTE
28/06/2025,INEXISTENTE
29/06/2025,INEXISTENTE
30/06/2025,INEXISTENTE
01/07/2025,INEXISTENTE
02/07/2025,INEXISTENTE
03/07/2025,INEXISTENTE
04/07/2025,INEXISTENTE
05/07/2025,INEXISTENTE
06/07/2025,INEXISTENTE
07/07/2025,INEXISTENTE
08/07/2025,INEXISTENTE
09/07/2025,INEXISTENTE
10/07/2025,INEXISTENTE
11/07/2025,INEXISTENTE
12/07/2025,INEXISTENTE
13/07/2025,INEXISTENTE
14/07/2025,INEXISTENTE
15/07/2025,INEXISTENTE
16/07/2025,INEXISTENTE
17/07/2025,INEXISTENTE
18/07/2025,INEXISTENTE
19/07/2025,INEXISTENTE
20/07/2025,INEXISTENTE
21/07/2025,INEXISTENTE
22/07/2025,INEXISTENTE
23/07/2025,INEXISTENTE
24/07/2025,INEXISTENTE
25/07/2025,INEXISTENTE
26/07/2025,INEXISTENTE
27/07/2025,INEXISTENTE
28/07/2025,INEXISTENTE
29/07/2025,INEXISTENTE
30/07/2025,INEXISTENTE
31/07/2025,INEXISTENTE
01/08/2025,INEXISTENTE
02/08/2025,INEXISTENTE
03/08/2025,INEXISTENTE
04/08/2025,INEXISTENTE
05/08/2025,INEXISTENTE
06/08/2025,INEXISTENTE
07/08/2025,INEXISTENTE
08/08/2025,INEXISTENTE
09/08/2025,INEXISTENTE
10/08/2025,INEXISTENTE
11/08/2025,INEXISTENTE
12/08/2025,INEXISTENTE
13/08/2025,INEXISTENTE
14/08/2025,INEXISTENTE
15/08/2025,INEXISTENTE
16/08/2025,INEXISTENTE
17/08/2025,INEXISTENTE
18/08/2025,INEXISTENTE
19/08/2025,INEXISTENTE
20/08/2025,INEXISTENTE
21/08/2025,INEXISTENTE
22/08/2025,INEXISTENTE
23/08/2025,INEXISTENTE
24/08/2025,INEXISTENTE
25/08/2025,INEXISTENTE
26/08/2025,INEXISTENTE
26/08/2025,INEXISTENTE
26/08/2025,INEXISTENTE
26/08/2025,INEXISTENTE
26/08/2025,INEXISTENTE
26/08/2025,INEXISTENTE
26/08/2025,INEXISTENTE
26/08/2025,INEXISTENTE
26/08/2025,INEXISTENTE
26/08/2025,INEXISTENTE
26/08/2025,INEXISTENTE
26/08/2025,INEXISTENTE
26/08/2025,INEXISTENTE
26/08/2025,INEXISTENTE
26/08/2025,INEXISTENTE
26/08/2025,INEXISTENTE
26/08/2025,INEXISTENTE
26/08/2025,INEXISTENTE
27/08/2025,INEXISTENTE
28/08/2025,INEXISTENTE
29/08/2025,INEXISTENTE
30/08/2025,INEXISTENTE
31/08/2025,INEXISTENTE
01/09/2025,INEXISTENTE
02/09/2025,INEXISTENTE
03/09/2025,INEXISTENTE
04/09/2025,INEXISTENTE
05/09/2025,INEXISTENTE
06/09/2025,INEXISTENTE
07/09/2025,INEXISTENTE
08/09/2025,INEXISTENTE
09/09/2025,INEXISTENTE
10/09/2025,INEXISTENTE
11/09/2025,INEXISTENTE
12/09/2025,INEXISTENTE
13/09/2025,INEXISTENTE
14/09/2025,INEXISTENTE
15/09/2025,INEXISTENTE
16/09/2025,INEXISTENTE
17/09/2025,INEXISTENTE
18/09/2025,INEXISTENTE
19/09/2025,INEXISTENTE
20/09/2025,INEXISTENTE
21/09/2025,INEXISTENTE
22/09/2025,INEXISTENTE
23/09/2025,INEXISTENTE
24/09/2025,INEXISTENTE
25/09/2025,INEXISTENTE
26/09/2025,INEXISTENTE
27/09/2025,INEXISTENTE
28/09/2025,INEXISTENTE
29/09/2025,INEXISTENTE
30/09/2025,INEXISTENTE
01/10/2025,INEXISTENTE
02/10/2025,INEXISTENTE
03/10/2025,INEXISTENTE
04/10/2025,INEXISTENTE
05/10/2025,INEXISTENTE
06/10/2025,INEXISTENTE
07/10/2025,INEXISTENTE
08/10/2025,INEXISTENTE
09/10/2025,INEXISTENTE
10/10/2025,INEXISTENTE
11/10/2025,INEXISTENTE
12/10/2025,INEXISTENTE
13/10/2025,INEXISTENTE
14/10/2025,INEXISTENTE
15/10/2025,INEXISTENTE
16/10/2025,INEXISTENTE
17/10/2025,INEXISTENTE
18/10/2025,INEXISTENTE
19/10/2025,INEXISTENTE
20/10/2025,INEXISTENTE
21/10/2025,INEXISTENTE
22/10/2025,INEXISTENTE
23/10/2025,INEXISTENTE
24/10/2025,INEXISTENTE
25/10/2025,INEXISTENTE
26/10/2025,INEXISTENTE
27/10/2025,INEXISTENTE
28/10/2025,INEXISTENTE
29/10/2025,INEXISTENTE
30/10/2025,INEXISTENTE
31/10/2025,INEXISTENTE
01/11/2025,INEXISTENTE
02/11/2025,INEXISTENTE
03/11/2025,INEXISTENTE
04/11/2025,INEXISTENTE
05/11/2025,INEXISTENTE
06/11/2025,INEXISTENTE
07/11/2025,INEXISTENTE
08/11/2025,INEXISTENTE
09/11/2025,INEXISTENTE
10/11/2025,INEXISTENTE
11/11/2025,INEXISTENTE
12/11/2025,INEXISTENTE
13/11/2025,INEXISTENTE
14/11/2025,INEXISTENTE
15/11/2025,INEXISTENTE
16/11/2025,INEXISTENTE
17/11/2025,INEXISTENTE
18/11/2025,INEXISTENTE
19/11/2025,INEXISTENTE
20/11/2025,INEXISTENTE
21/11/2025,INEXISTENTE
22/11/2025,INEXISTENTE
23/11/2025,INEXISTENTE
24/11/2025,INEXISTENTE
25/11/2025,INEXISTENTE
26/11/2025,INEXISTENTE
27/11/2025,INEXISTENTE
28/11/2025,INEXISTENTE
29/11/2025,INEXISTENTE
30/11/2025,INEXISTENTE
01/12/2025,INEXISTENTE
02/12/2025,INEXISTENTE
03/12/2025,INEXISTENTE
04/12/2025,INEXISTENTE
05/12/2025,INEXISTENTE
06/12/2025,INEXISTENTE
07/12/2025,INEXISTENTE
08/12/2025,INEXISTENTE
09/12/2025,INEXISTENTE
10/12/2025,INEXISTENTE
11/12/2025,INEXISTENTE
12/12/2025,INEXISTENTE
13/12/2025,INEXISTENTE
14/12/2025,INEXISTENTE
15/12/2025,INEXISTENTE
16/12/2025,INEXISTENTE
17/12/2025,INEXISTENTE
18/12/2025,INEXISTENTE
19/12/2025,INEXISTENTE
20/12/2025,INEXISTENTE
21/12/2025,INEXISTENTE
22/12/2025,INEXISTENTE
23/12/2025,INEXISTENTE
24/12/2025,INEXISTENTE
25/12/2025,INEXISTENTE
26/12/2025,INEXISTENTE
27/12/2025,INEXISTENTE
28/12/2025,INEXISTENTE
29/12/2025,INEXISTENTE
30/12/2025,INEXISTENTE
31/12/2025,INEXISTENTE
