data,precip_total_mm
01/01/2020,0
02/01/2020,0
03/01/2020,0.2
04/01/2020,0.8
05/01/2020,0
06/01/2020,0.4
07/01/2020,0.2
08/01/2020,0
09/01/2020,0
10/01/2020,0
11/01/2020,0
12/01/2020,0
13/01/2020,0
14/01/2020,0
15/01/2020,2.6
16/01/2020,0
17/01/2020,0
18/01/2020,0
19/01/2020,0.8
20/01/2020,0
21/01/2020,0
22/01/2020,9.4
23/01/2020,7.6
24/01/2020,0.2
25/01/2020,0
26/01/2020,0
27/01/2020,0
28/01/2020,0
29/01/2020,0
30/01/2020,0
31/01/2020,3
01/02/2020,0
02/02/2020,0
03/02/2020,0
04/02/2020,0
05/02/2020,9.2
06/02/2020,0.2
07/02/2020,4.2
08/02/2020,6.4
09/02/2020,0.6
10/02/2020,0
11/02/2020,0
12/02/2020,0.2
13/02/2020,0
14/02/2020,0
15/02/2020,0
16/02/2020,0
17/02/2020,0.4
18/02/2020,0
19/02/2020,0
20/02/2020,0
21/02/2020,2.6
22/02/2020,3.6
23/02/2020,0
24/02/2020,0
25/02/2020,0
26/02/2020,0
27/02/2020,0.2
28/02/2020,0
29/02/2020,0
01/03/2020,0
02/03/2020,7.4
03/03/2020,1
04/03/2020,1
05/03/2020,0.4
06/03/2020,6.8
07/03/2020,7.6
08/03/2020,1.2
09/03/2020,3.4
10/03/2020,0
11/03/2020,0
12/03/2020,11
13/03/2020,0.2
14/03/2020,0
15/03/2020,3.2
16/03/2020,0
17/03/2020,0
18/03/2020,0
19/03/2020,0
20/03/2020,0
21/03/2020,0.2
22/03/2020,0.6
23/03/2020,0
24/03/2020,0
25/03/2020,0.2
26/03/2020,0.6
27/03/2020,0.2
28/03/2020,0
29/03/2020,0
30/03/2020,0
31/03/2020,0
01/04/2020,0
02/04/2020,0
03/04/2020,0
04/04/2020,0
05/04/2020,0
06/04/2020,0
07/04/2020,0.2
08/04/2020,0
09/04/2020,2.2
10/04/2020,0
11/04/2020,0
12/04/2020,0
13/04/2020,0
14/04/2020,0.8
15/04/2020,0
16/04/2020,0.2
17/04/2020,0
18/04/2020,0.2
19/04/2020,0
20/04/2020,2.4
21/04/2020,0
22/04/2020,0.2
23/04/2020,0
24/04/2020,0.4
25/04/2020,0
26/04/2020,0
27/04/2020,0
28/04/2020,0
29/04/2020,0
30/04/2020,0
01/05/2020,0
02/05/2020,0
03/05/2020,0
04/05/2020,0
05/05/2020,0
06/05/2020,3.6
07/05/2020,0
08/05/2020,0.2
09/05/2020,0
10/05/2020,0
11/05/2020,0
12/05/2020,0
13/05/2020,0
14/05/2020,0
15/05/2020,0
16/05/2020,0.2
17/05/2020,0
18/05/2020,0
19/05/2020,0.4
20/05/2020,0
21/05/2020,0
22/05/2020,0
23/05/2020,0
24/05/2020,0
25/05/2020,0
26/05/2020,0
27/05/2020,0
28/05/2020,0
29/05/2020,0
30/05/2020,0
31/05/2020,0
01/06/2020,0
02/06/2020,0
03/06/2020,0
04/06/2020,0
05/06/2020,0
06/06/2020,0
07/06/2020,0
08/06/2020,0
09/06/2020,0
10/06/2020,0
11/06/2020,0
12/06/2020,0
13/06/2020,0
14/06/2020,0
15/06/2020,0
16/06/2020,0
17/06/2020,0
18/06/2020,0
19/06/2020,0
20/06/2020,0
21/06/2020,0
22/06/2020,0
23/06/2020,0
24/06/2020,0
25/06/2020,0
26/06/2020,0
27/06/2020,0
28/06/2020,0
29/06/2020,0
30/06/2020,0
01/07/2020,0
02/07/2020,0
03/07/2020,0
04/07/2020,0
05/07/2020,0
06/07/2020,0
07/07/2020,0
08/07/2020,0
09/07/2020,0
10/07/2020,0
11/07/2020,0
12/07/2020,0
13/07/2020,0
14/07/2020,0
15/07/2020,0
16/07/2020,0
17/07/2020,0
18/07/2020,0
19/07/2020,0
20/07/2020,0
21/07/2020,0
22/07/2020,0
23/07/2020,0
24/07/2020,0
25/07/2020,0
26/07/2020,0
27/07/2020,0
28/07/2020,0
29/07/2020,0
30/07/2020,0
31/07/2020,0
01/08/2020,0
02/08/2020,0
03/08/2020,0
04/08/2020,0
05/08/2020,0
06/08/2020,0
07/08/2020,0
08/08/2020,0
09/08/2020,0
10/08/2020,0
11/08/2020,0
12/08/2020,0
13/08/2020,0
14/08/2020,0
15/08/2020,0
16/08/2020,0
17/08/2020,0
18/08/2020,0
19/08/2020,0
20/08/2020,0
21/08/2020,0
22/08/2020,0
23/08/2020,0
24/08/2020,0
25/08/2020,0
26/08/2020,0
27/08/2020,0
28/08/2020,0
29/08/2020,0
30/08/2020,0
31/08/2020,0
01/09/2020,0
02/09/2020,0
03/09/2020,0
04/09/2020,0
05/09/2020,0
06/09/2020,0
07/09/2020,0
08/09/2020,0
09/09/2020,0
10/09/2020,0
11/09/2020,0
12/09/2020,0
13/09/2020,0
14/09/2020,0
15/09/2020,0
16/09/2020,0
17/09/2020,0
18/09/2020,0
19/09/2020,0
20/09/2020,0
21/09/2020,0
22/09/2020,0
23/09/2020,0
24/09/2020,0
25/09/2020,0
26/09/2020,0
27/09/2020,0
28/09/2020,0
29/09/2020,0
30/09/2020,0
01/10/2020,0
02/10/2020,0
03/10/2020,0
04/10/2020,0
05/10/2020,0
06/10/2020,0
07/10/2020,0
08/10/2020,0
09/10/2020,0
10/10/2020,0
11/10/2020,0
12/10/2020,0
13/10/2020,0
14/10/2020,0
15/10/2020,0
16/10/2020,0
17/10/2020,0
18/10/2020,0
19/10/2020,0
20/10/2020,0
21/10/2020,0
22/10/2020,0
23/10/2020,0
24/10/2020,0
25/10/2020,0
26/10/2020,0
27/10/2020,0
28/10/2020,0
29/10/2020,0
30/10/2020,0
31/10/2020,0
01/11/2020,0
02/11/2020,0
03/11/2020,0
04/11/2020,0
05/11/2020,0
06/11/2020,0
07/11/2020,0
08/11/2020,0
09/11/2020,0
10/11/2020,0
11/11/2020,0
12/11/2020,0
13/11/2020,0
14/11/2020,0
15/11/2020,0
16/11/2020,0
17/11/2020,0
18/11/2020,0
19/11/2020,0
20/11/2020,0
21/11/2020,0
22/11/2020,0
23/11/2020,0
24/11/2020,0
25/11/2020,0
26/11/2020,0
27/11/2020,0
28/11/2020,0
29/11/2020,0
30/11/2020,0
01/12/2020,0
02/12/2020,0
03/12/2020,0
04/12/2020,0
05/12/2020,0
06/12/2020,0
07/12/2020,0
08/12/2020,0
09/12/2020,0
10/12/2020,0
11/12/2020,0
12/12/2020,0
13/12/2020,0.4
14/12/2020,0
15/12/2020,0
16/12/2020,0
17/12/2020,0
18/12/2020,0
19/12/2020,0
20/12/2020,0
21/12/2020,0.2
22/12/2020,0
23/12/2020,0
24/12/2020,0.2
25/12/2020,0.2
26/12/2020,0
27/12/2020,0
28/12/2020,0
29/12/2020,0.2
30/12/2020,0
31/12/2020,0
01/01/2021,0
02/01/2021,0
03/01/2021,0
04/01/2021,0
05/01/2021,0
06/01/2021,0
07/01/2021,0
08/01/2021,0
09/01/2021,0
10/01/2021,0
11/01/2021,0
12/01/2021,0
13/01/2021,0
14/01/2021,0
15/01/2021,0
16/01/2021,0
17/01/2021,0
18/01/2021,0
19/01/2021,0
20/01/2021,0
21/01/2021,0
22/01/2021,0
23/01/2021,0
24/01/2021,0
25/01/2021,0
26/01/2021,0
27/01/2021,0
28/01/2021,0
29/01/2021,0
30/01/2021,0
31/01/2021,0
01/02/2021,0
02/02/2021,0.4
03/02/2021,0
04/02/2021,0
05/02/2021,3.4
06/02/2021,0
07/02/2021,0
08/02/2021,4.2
09/02/2021,3.6
10/02/2021,0.4
11/02/2021,0
12/02/2021,0
13/02/2021,0
14/02/2021,0
15/02/2021,8
16/02/2021,0
17/02/2021,0
18/02/2021,0
19/02/2021,0
20/02/2021,7.8
21/02/2021,0
22/02/2021,0
23/02/2021,3.2
24/02/2021,0.2
25/02/2021,0.2
26/02/2021,0
27/02/2021,0
28/02/2021,0
01/03/2021,0.8
02/03/2021,0
03/03/2021,0
04/03/2021,0
05/03/2021,0
06/03/2021,1
07/03/2021,0
08/03/2021,0.2
09/03/2021,0
10/03/2021,0
11/03/2021,0
12/03/2021,0
13/03/2021,0
14/03/2021,0.6
15/03/2021,0
16/03/2021,0
17/03/2021,5.2
18/03/2021,0
19/03/2021,0
20/03/2021,0
21/03/2021,2.8
22/03/2021,0
23/03/2021,0
24/03/2021,0
25/03/2021,0
26/03/2021,0
27/03/2021,0
28/03/2021,0
29/03/2021,0
30/03/2021,0
31/03/2021,0
01/04/2021,0
02/04/2021,0
03/04/2021,0
04/04/2021,0
05/04/2021,0
06/04/2021,7.6
07/04/2021,0
08/04/2021,0
09/04/2021,0.2
10/04/2021,0
11/04/2021,0
12/04/2021,0
13/04/2021,0.8
14/04/2021,0
15/04/2021,0
16/04/2021,0.2
17/04/2021,0
18/04/2021,0
19/04/2021,0
20/04/2021,1.4
21/04/2021,0
22/04/2021,0
23/04/2021,0
24/04/2021,0
25/04/2021,0
26/04/2021,0
27/04/2021,0
28/04/2021,0
29/04/2021,0
30/04/2021,13.4
01/05/2021,0
02/05/2021,0
03/05/2021,0
04/05/2021,0
05/05/2021,0
06/05/2021,0
07/05/2021,0
08/05/2021,0
09/05/2021,0
10/05/2021,0
11/05/2021,0
12/05/2021,0
13/05/2021,0
14/05/2021,0
15/05/2021,0
16/05/2021,0
17/05/2021,0
18/05/2021,0
19/05/2021,0
20/05/2021,0
21/05/2021,0
22/05/2021,0
23/05/2021,0
24/05/2021,0
25/05/2021,0
26/05/2021,0
27/05/2021,0
28/05/2021,0
29/05/2021,0
30/05/2021,0
31/05/2021,0
01/06/2021,0
02/06/2021,0
03/06/2021,0
04/06/2021,0
05/06/2021,0
06/06/2021,0
07/06/2021,0
08/06/2021,0
09/06/2021,0
10/06/2021,0
11/06/2021,0
12/06/2021,0
13/06/2021,0
14/06/2021,0
15/06/2021,0
16/06/2021,0
17/06/2021,0
18/06/2021,0
19/06/2021,0
20/06/2021,0
21/06/2021,0
22/06/2021,0
23/06/2021,0
24/06/2021,0
25/06/2021,0
26/06/2021,0
27/06/2021,0
28/06/2021,0
29/06/2021,0
30/06/2021,0
01/07/2021,0
02/07/2021,0
03/07/2021,0
04/07/2021,0
05/07/2021,0
06/07/2021,0
07/07/2021,0
08/07/2021,0
09/07/2021,0
10/07/2021,0
11/07/2021,0
12/07/2021,0
13/07/2021,0
14/07/2021,0
15/07/2021,0
16/07/2021,0
17/07/2021,0
18/07/2021,0
19/07/2021,0
20/07/2021,0
21/07/2021,0
22/07/2021,0
23/07/2021,0
24/07/2021,0
25/07/2021,0
26/07/2021,0
27/07/2021,0
28/07/2021,0
29/07/2021,0
30/07/2021,0
31/07/2021,0
01/08/2021,0
02/08/2021,0
03/08/2021,0
04/08/2021,0
05/08/2021,0
06/08/2021,0
07/08/2021,0
08/08/2021,0
09/08/2021,0
10/08/2021,0
11/08/2021,0
12/08/2021,0
13/08/2021,0
14/08/2021,0
15/08/2021,0
16/08/2021,0
17/08/2021,0
18/08/2021,0
19/08/2021,0
20/08/2021,0
21/08/2021,0
22/08/2021,0
23/08/2021,0
24/08/2021,0
25/08/2021,0
26/08/2021,0
27/08/2021,0
28/08/2021,0
29/08/2021,0
30/08/2021,0
31/08/2021,0
01/09/2021,0
02/09/2021,0.8
03/09/2021,0
04/09/2021,0
05/09/2021,0
06/09/2021,0
07/09/2021,0
08/09/2021,0
09/09/2021,0
10/09/2021,0
11/09/2021,0
12/09/2021,0
13/09/2021,1.6
14/09/2021,0
15/09/2021,0
16/09/2021,0
17/09/2021,0
18/09/2021,0
19/09/2021,0
20/09/2021,0
21/09/2021,0
22/09/2021,0
23/09/2021,0
24/09/2021,62.8
25/09/2021,1.6
26/09/2021,45.8
27/09/2021,0
28/09/2021,0
29/09/2021,0
30/09/2021,0
01/10/2021,0
02/10/2021,3.8
03/10/2021,0.2
04/10/2021,0
05/10/2021,0
06/10/2021,0
07/10/2021,0
08/10/2021,0
09/10/2021,0
10/10/2021,4.8
11/10/2021,13.2
12/10/2021,0
13/10/2021,0
14/10/2021,8.4
15/10/2021,0
16/10/2021,16.8
17/10/2021,0.2
18/10/2021,0
19/10/2021,49.2
20/10/2021,0
21/10/2021,0.2
22/10/2021,19.4
23/10/2021,0
24/10/2021,0
25/10/2021,3
26/10/2021,0
27/10/2021,5.2
28/10/2021,0
29/10/2021,0
30/10/2021,5.8
31/10/2021,0.2
01/11/2021,16.8
02/11/2021,0
03/11/2021,66.8
04/11/2021,14
05/11/2021,35.8
06/11/2021,1
07/11/2021,3.4
08/11/2021,0
09/11/2021,0
10/11/2021,31.2
11/11/2021,15.2
12/11/2021,3.8
13/11/2021,0
14/11/2021,19
15/11/2021,2
16/11/2021,0.6
17/11/2021,0
18/11/2021,15.6
19/11/2021,0
20/11/2021,68
21/11/2021,0
22/11/2021,2.6
23/11/2021,0
24/11/2021,1.4
25/11/2021,0.2
26/11/2021,0
27/11/2021,0
28/11/2021,0
29/11/2021,19.8
30/11/2021,0
01/12/2021,10
02/12/2021,2.8
03/12/2021,5.8
04/12/2021,1.2
05/12/2021,4.4
06/12/2021,2.6
07/12/2021,0.2
08/12/2021,30
09/12/2021,0.2
10/12/2021,8.8
11/12/2021,18.6
12/12/2021,0
13/12/2021,7.8
14/12/2021,0.2
15/12/2021,0
16/12/2021,8.6
17/12/2021,0
18/12/2021,1.6
19/12/2021,10.2
20/12/2021,2.2
21/12/2021,10.2
22/12/2021,6.8
23/12/2021,17
24/12/2021,44.4
25/12/2021,15.8
26/12/2021,0.2
27/12/2021,33.2
28/12/2021,0
29/12/2021,23.4
30/12/2021,3.8
31/12/2021,9.2
01/01/2022,41.4
02/01/2022,4
03/01/2022,0.2
04/01/2022,2.6
05/01/2022,30.2
06/01/2022,11.8
07/01/2022,6.4
08/01/2022,88.2
09/01/2022,3.4
10/01/2022,1.6
11/01/2022,69.6
12/01/2022,14.6
13/01/2022,5.4
14/01/2022,0
15/01/2022,0
16/01/2022,0
17/01/2022,0
18/01/2022,0
19/01/2022,14.2
20/01/2022,0
21/01/2022,0
22/01/2022,0
23/01/2022,0
24/01/2022,61.6
25/01/2022,0.2
26/01/2022,5.4
27/01/2022,0
28/01/2022,0.6
29/01/2022,8.8
30/01/2022,0.8
31/01/2022,14
01/02/2022,0.2
02/02/2022,0
03/02/2022,26.8
04/02/2022,0
05/02/2022,0
06/02/2022,0
07/02/2022,0
08/02/2022,0
09/02/2022,5
10/02/2022,2.2
11/02/2022,6
12/02/2022,0.2
13/02/2022,29.4
14/02/2022,26.2
15/02/2022,0
16/02/2022,0
17/02/2022,0
18/02/2022,0
19/02/2022,55.2
20/02/2022,9.6
21/02/2022,1.6
22/02/2022,0.6
23/02/2022,59.4
24/02/2022,0
25/02/2022,0
26/02/2022,0
27/02/2022,2.6
28/02/2022,0
01/03/2022,37.8
02/03/2022,0.2
03/03/2022,0.6
04/03/2022,0
05/03/2022,0
06/03/2022,14.2
07/03/2022,17.8
08/03/2022,38.4
09/03/2022,18.2
10/03/2022,1.2
11/03/2022,3.6
12/03/2022,0
13/03/2022,0
14/03/2022,0.2
15/03/2022,0.2
16/03/2022,64.6
17/03/2022,13.4
18/03/2022,0
19/03/2022,2
20/03/2022,0
21/03/2022,0.8
22/03/2022,1
23/03/2022,0
24/03/2022,29.6
25/03/2022,2.4
26/03/2022,0
27/03/2022,0
28/03/2022,0
29/03/2022,32.6
30/03/2022,3.8
31/03/2022,0
01/04/2022,1
02/04/2022,3.2
03/04/2022,0.2
04/04/2022,0
05/04/2022,0
06/04/2022,0
07/04/2022,0
08/04/2022,0
09/04/2022,0
10/04/2022,0
11/04/2022,0
12/04/2022,0
13/04/2022,0
14/04/2022,75
15/04/2022,0
16/04/2022,7.4
17/04/2022,0.2
18/04/2022,3.2
19/04/2022,0
20/04/2022,0
21/04/2022,0
22/04/2022,0
23/04/2022,0
24/04/2022,2.4
25/04/2022,0
26/04/2022,0
27/04/2022,0
28/04/2022,0
29/04/2022,0
30/04/2022,0
01/05/2022,0
02/05/2022,0
03/05/2022,0
04/05/2022,0
05/05/2022,0
06/05/2022,0
07/05/2022,9
08/05/2022,0.2
09/05/2022,0
10/05/2022,0
11/05/2022,0
12/05/2022,0
13/05/2022,0
14/05/2022,0
15/05/2022,0
16/05/2022,0
17/05/2022,0
18/05/2022,0
19/05/2022,0
20/05/2022,0
21/05/2022,0
22/05/2022,0
23/05/2022,0
24/05/2022,0
25/05/2022,0
26/05/2022,0
27/05/2022,0
28/05/2022,0
29/05/2022,0
30/05/2022,0
31/05/2022,0
01/06/2022,0
02/06/2022,0
03/06/2022,0
04/06/2022,0
05/06/2022,0
06/06/2022,0
07/06/2022,0
08/06/2022,0
09/06/2022,0
10/06/2022,0
11/06/2022,0
12/06/2022,0
13/06/2022,0
14/06/2022,0
15/06/2022,0
16/06/2022,0
17/06/2022,0
18/06/2022,0
19/06/2022,0
20/06/2022,0
21/06/2022,0
22/06/2022,0
23/06/2022,0
24/06/2022,0
25/06/2022,0
26/06/2022,0
27/06/2022,0
28/06/2022,0
29/06/2022,0
30/06/2022,0
01/07/2022,0
02/07/2022,0
03/07/2022,0
04/07/2022,0
05/07/2022,0
06/07/2022,0
07/07/2022,0
08/07/2022,0
09/07/2022,0
10/07/2022,0
11/07/2022,0
12/07/2022,0
13/07/2022,0
14/07/2022,0
15/07/2022,0
16/07/2022,0
17/07/2022,0
18/07/2022,0
19/07/2022,0
20/07/2022,0
21/07/2022,0
22/07/2022,0
23/07/2022,0
24/07/2022,0
25/07/2022,0
26/07/2022,0
27/07/2022,0
28/07/2022,0
29/07/2022,0
30/07/2022,0
31/07/2022,0
01/08/2022,0
02/08/2022,0
03/08/2022,0
04/08/2022,0
05/08/2022,0
06/08/2022,0
07/08/2022,0
08/08/2022,0
09/08/2022,0
10/08/2022,0
11/08/2022,0
12/08/2022,0
13/08/2022,0
14/08/2022,0
15/08/2022,0
16/08/2022,0
17/08/2022,0
18/08/2022,0
19/08/2022,0
20/08/2022,0
21/08/2022,0
22/08/2022,0
23/08/2022,0
24/08/2022,0
25/08/2022,0
26/08/2022,0
27/08/2022,0
28/08/2022,0
29/08/2022,0
30/08/2022,0
31/08/2022,0
01/09/2022,0
02/09/2022,0
03/09/2022,0
04/09/2022,0
05/09/2022,0
06/09/2022,0
07/09/2022,0
08/09/2022,0
09/09/2022,0
10/09/2022,0
11/09/2022,0
12/09/2022,0
13/09/2022,0
14/09/2022,0
15/09/2022,0
16/09/2022,0
17/09/2022,0
18/09/2022,2
19/09/2022,0.4
20/09/2022,0
21/09/2022,0.2
22/09/2022,12.4
23/09/2022,20.2
24/09/2022,0
25/09/2022,0
26/09/2022,0
27/09/2022,0
28/09/2022,0
29/09/2022,0
30/09/2022,0
01/10/2022,0
02/10/2022,0
03/10/2022,0
04/10/2022,0
05/10/2022,0
06/10/2022,0
07/10/2022,0
08/10/2022,0
09/10/2022,0
10/10/2022,0
11/10/2022,0
12/10/2022,0
13/10/2022,0
14/10/2022,0
15/10/2022,0
16/10/2022,0
17/10/2022,0
18/10/2022,0
19/10/2022,0
20/10/2022,0
21/10/2022,0
22/10/2022,24.4
23/10/2022,0
24/10/2022,6.8
25/10/2022,26.6
26/10/2022,0.2
27/10/2022,0
28/10/2022,0
29/10/2022,24
30/10/2022,0
31/10/2022,0
01/11/2022,4.6
02/11/2022,7
03/11/2022,0
04/11/2022,0
05/11/2022,0
06/11/2022,16.2
07/11/2022,0.2
08/11/2022,0
09/11/2022,0.2
10/11/2022,52
11/11/2022,0.2
12/11/2022,17.4
13/11/2022,0
14/11/2022,0
15/11/2022,0.2
16/11/2022,0
17/11/2022,1.2
18/11/2022,54.8
19/11/2022,0
20/11/2022,3.8
21/11/2022,0.2
22/11/2022,0
23/11/2022,9.2
24/11/2022,10.6
25/11/2022,0
26/11/2022,0
27/11/2022,0
28/11/2022,0
29/11/2022,18.6
30/11/2022,3.8
01/12/2022,1.8
02/12/2022,0
03/12/2022,2.8
04/12/2022,0
05/12/2022,1
06/12/2022,3.6
07/12/2022,0
08/12/2022,1.4
09/12/2022,16.6
10/12/2022,1
11/12/2022,0.4
12/12/2022,0.2
13/12/2022,6.4
14/12/2022,36.8
15/12/2022,0
16/12/2022,16.8
17/12/2022,5
18/12/2022,48
19/12/2022,29.2
20/12/2022,9.8
21/12/2022,19
22/12/2022,30
23/12/2022,23.2
24/12/2022,34.4
25/12/2022,6
26/12/2022,26.4
27/12/2022,2
28/12/2022,43
29/12/2022,0.2
30/12/2022,2.6
31/12/2022,0.2
01/01/2023,0
01/02/2023,0
01/03/2023,0
01/04/2023,0
01/05/2023,9.8
01/06/2023,34.2
01/07/2023,3.2
01/08/2023,15.2
01/09/2023,5.6
01/10/2023,1.6
01/11/2023,48.6
01/12/2023,0
02/01/2023,20.2
02/02/2023,1
02/03/2023,2
02/04/2023,0
02/05/2023,1.2
02/06/2023,3.8
02/07/2023,8.8
02/08/2023,0.6
02/09/2023,0
02/10/2023,0
02/11/2023,0
02/12/2023,9.4
03/01/2023,5
03/02/2023,0.2
03/03/2023,0
03/04/2023,0
03/05/2023,0
03/06/2023,0
03/07/2023,2.4
03/08/2023,4.2
03/09/2023,5
03/10/2023,0
03/11/2023,0
03/12/2023,0
04/01/2023,0.6
04/02/2023,0.2
04/03/2023,0
04/04/2023,0
04/05/2023,0
04/06/2023,8.8
04/07/2023,19
04/08/2023,0.2
04/09/2023,0
04/10/2023,0.2
04/11/2023,0
04/12/2023,0
05/01/2023,0.2
05/02/2023,0
05/03/2023,0
05/04/2023,0
05/05/2023,0.2
05/06/2023,0
05/07/2023,0
05/08/2023,0
05/09/2023,0
05/10/2023,0
05/11/2023,0
05/12/2023,0
06/01/2023,0
06/02/2023,4.2
06/03/2023,0
06/04/2023,0
06/05/2023,0
06/06/2023,0
06/07/2023,0
06/08/2023,0
06/09/2023,0
06/10/2023,0
06/11/2023,0
06/12/2023,0
07/01/2023,0
07/02/2023,0
07/03/2023,0
07/04/2023,0
07/05/2023,0
07/06/2023,0
07/07/2023,0
07/08/2023,0
07/09/2023,0
07/10/2023,0
07/11/2023,0
07/12/2023,0
08/01/2023,0
08/02/2023,0
08/03/2023,0
08/04/2023,0
08/05/2023,0
08/06/2023,0
08/07/2023,0
08/08/2023,0
08/09/2023,0
08/10/2023,0
08/11/2023,0
08/12/2023,0
09/01/2023,2.4
09/02/2023,0
09/03/2023,0
09/04/2023,0
09/05/2023,5
09/06/2023,0.2
09/07/2023,0
09/08/2023,0
09/09/2023,0
09/10/2023,0
09/11/2023,0
09/12/2023,0
10/01/2023,0
10/02/2023,0
10/03/2023,0
10/04/2023,0
10/05/2023,0
10/06/2023,9
10/07/2023,0.4
10/08/2023,0
10/09/2023,7
10/10/2023,1
10/11/2023,15
10/12/2023,11.4
11/01/2023,0
11/02/2023,0
11/03/2023,0
11/04/2023,0
11/05/2023,0
11/06/2023,12.8
11/07/2023,0
11/08/2023,13.8
11/09/2023,19.4
11/10/2023,0
11/11/2023,0
11/12/2023,0
12/01/2023,8.2
12/02/2023,0
12/03/2023,12.4
12/04/2023,0.2
12/05/2023,0.2
12/06/2023,0
12/07/2023,0
12/08/2023,0
12/09/2023,0
12/10/2023,0
12/11/2023,11.8
12/12/2023,0
01/01/2024,1.2
02/01/2024,18.6
03/01/2024,0.4
04/01/2024,11.6
05/01/2024,4
06/01/2024,0.2
07/01/2024,0
08/01/2024,0
09/01/2024,0
10/01/2024,0
11/01/2024,0
12/01/2024,0
13/01/2024,0
14/01/2024,0
15/01/2024,0
16/01/2024,0
17/01/2024,0
18/01/2024,0.2
19/01/2024,0
20/01/2024,0
21/01/2024,0
22/01/2024,0
23/01/2024,0.2
24/01/2024,4
25/01/2024,1.2
26/01/2024,0
27/01/2024,1
28/01/2024,0
29/01/2024,0.2
30/01/2024,0
31/01/2024,0
01/02/2024,0
02/02/2024,0
03/02/2024,0.2
04/02/2024,1.4
05/02/2024,0
06/02/2024,0
07/02/2024,0
08/02/2024,0.2
09/02/2024,0
10/02/2024,0
11/02/2024,0
12/02/2024,0
13/02/2024,0
14/02/2024,0
15/02/2024,0.2
16/02/2024,0
17/02/2024,0.2
18/02/2024,0
19/02/2024,0
20/02/2024,8
21/02/2024,0
22/02/2024,0
23/02/2024,0
24/02/2024,0
25/02/2024,0
26/02/2024,0
27/02/2024,0
28/02/2024,0
29/02/2024,0.2
01/03/2024,0
02/03/2024,0
03/03/2024,0
04/03/2024,0
05/03/2024,2.2
06/03/2024,0
07/03/2024,0
08/03/2024,0
09/03/2024,0.2
10/03/2024,0
11/03/2024,0
12/03/2024,0
13/03/2024,1.2
14/03/2024,0
15/03/2024,0
16/03/2024,0
17/03/2024,0
18/03/2024,0
19/03/2024,1
20/03/2024,0.2
21/03/2024,2.6
22/03/2024,0.6
23/03/2024,0
24/03/2024,0
25/03/2024,44.6
26/03/2024,7.2
27/03/2024,8.6
28/03/2024,44.2
29/03/2024,0.4
30/03/2024,34
31/03/2024,0.2
01/04/2024,7.6
02/04/2024,0.6
03/04/2024,0.4
04/04/2024,2.8
05/04/2024,14.2
06/04/2024,0.2
07/04/2024,4.4
08/04/2024,0.2
09/04/2024,2.6
10/04/2024,43
11/04/2024,0.2
12/04/2024,7.6
13/04/2024,12.2
14/04/2024,0.4
15/04/2024,0
16/04/2024,0
17/04/2024,0
18/04/2024,0
19/04/2024,0
20/04/2024,2.8
21/04/2024,0.2
22/04/2024,0
23/04/2024,0
24/04/2024,23.8
25/04/2024,0
26/04/2024,0
27/04/2024,0
28/04/2024,0
29/04/2024,0
30/04/2024,0
01/05/2024,0
02/05/2024,0
03/05/2024,0
04/05/2024,0
05/05/2024,0
06/05/2024,0
07/05/2024,0
08/05/2024,0
09/05/2024,0
10/05/2024,0
11/05/2024,0
12/05/2024,0
13/05/2024,0
14/05/2024,0
15/05/2024,0
16/05/2024,0
17/05/2024,0
18/05/2024,0
19/05/2024,0
20/05/2024,0
21/05/2024,0
22/05/2024,0
23/05/2024,0
24/05/2024,0
25/05/2024,0
26/05/2024,0
27/05/2024,0
28/05/2024,0
29/05/2024,0
30/05/2024,0
31/05/2024,0
01/06/2024,0
02/06/2024,0
03/06/2024,0
04/06/2024,0
05/06/2024,0
06/06/2024,0
07/06/2024,0
08/06/2024,0
09/06/2024,0
10/06/2024,0
11/06/2024,0
12/06/2024,0
13/06/2024,0
14/06/2024,0
15/06/2024,0
16/06/2024,0
17/06/2024,0
18/06/2024,0
19/06/2024,0
20/06/2024,0
21/06/2024,0
22/06/2024,0
23/06/2024,0
24/06/2024,0
25/06/2024,0
26/06/2024,0
27/06/2024,0
28/06/2024,0
29/06/2024,0
30/06/2024,0
01/07/2024,0
02/07/2024,0
03/07/2024,0
04/07/2024,0
05/07/2024,0
06/07/2024,0
07/07/2024,0
08/07/2024,0
09/07/2024,0
10/07/2024,0
11/07/2024,0
12/07/2024,0
13/07/2024,0
14/07/2024,0
15/07/2024,0
16/07/2024,0
17/07/2024,0
18/07/2024,0
19/07/2024,0
20/07/2024,0
21/07/2024,0
22/07/2024,0
23/07/2024,0
24/07/2024,0
25/07/2024,0
26/07/2024,0
27/07/2024,0
28/07/2024,0
29/07/2024,0
30/07/2024,0
31/07/2024,0
01/08/2024,0
02/08/2024,0
03/08/2024,0
04/08/2024,0
05/08/2024,0
06/08/2024,0
07/08/2024,0
08/08/2024,0
09/08/2024,0
10/08/2024,0
11/08/2024,0
12/08/2024,0
13/08/2024,0
14/08/2024,0
15/08/2024,0
16/08/2024,0
17/08/2024,0
18/08/2024,0
19/08/2024,0
20/08/2024,0
21/08/2024,0
22/08/2024,0
23/08/2024,0
24/08/2024,0
25/08/2024,0
26/08/2024,0
27/08/2024,0
28/08/2024,0
29/08/2024,0
30/08/2024,0
31/08/2024,0
01/09/2024,0
02/09/2024,0
03/09/2024,0
04/09/2024,0
05/09/2024,0
06/09/2024,0
07/09/2024,0
08/09/2024,0
09/09/2024,0
10/09/2024,0
11/09/2024,0
12/09/2024,0
13/09/2024,0
14/09/2024,0
15/09/2024,0
16/09/2024,0
17/09/2024,0
18/09/2024,0
19/09/2024,0
20/09/2024,0
21/09/2024,0
22/09/2024,0
23/09/2024,0
24/09/2024,0
25/09/2024,0
26/09/2024,0
27/09/2024,0
28/09/2024,0
29/09/2024,0
30/09/2024,0
01/10/2024,0
02/10/2024,0
03/10/2024,0
04/10/2024,0
05/10/2024,0
06/10/2024,0
07/10/2024,0
08/10/2024,0
09/10/2024,0
10/10/2024,0
11/10/2024,0
12/10/2024,0
13/10/2024,0
14/10/2024,2
15/10/2024,58.8
16/10/2024,0
17/10/2024,0
18/10/2024,0
19/10/2024,5.4
20/10/2024,0
21/10/2024,81
22/10/2024,0
23/10/2024,0
24/10/2024,0
25/10/2024,8.2
26/10/2024,2.2
27/10/2024,10.2
28/10/2024,24
29/10/2024,0
30/10/2024,0
31/10/2024,0.2
01/11/2024,0
02/11/2024,0
03/11/2024,2.2
04/11/2024,29.2
05/11/2024,7
06/11/2024,0
07/11/2024,25.4
08/11/2024,0.4
09/11/2024,0
10/11/2024,0
11/11/2024,27.6
12/11/2024,0.2
13/11/2024,0
14/11/2024,6
15/11/2024,2
16/11/2024,2.8
17/11/2024,0.6
18/11/2024,0
19/11/2024,0.4
20/11/2024,0
21/11/2024,0
22/11/2024,9.4
23/11/2024,53.6
24/11/2024,74
25/11/2024,2.8
26/11/2024,9.6
27/11/2024,0.8
28/11/2024,0
29/11/2024,0
30/11/2024,0
01/12/2024,13.8
02/12/2024,0.2
03/12/2024,11
04/12/2024,0
05/12/2024,3.6
06/12/2024,1.4
07/12/2024,0
08/12/2024,0.8
09/12/2024,0.2
10/12/2024,34
11/12/2024,0.2
12/12/2024,0
13/12/2024,0
14/12/2024,0
15/12/2024,12.4
16/12/2024,0
17/12/2024,1.2
18/12/2024,0
19/12/2024,0
20/12/2024,1.4
21/12/2024,1.2
22/12/2024,0.2
23/12/2024,0
24/12/2024,18.4
25/12/2024,6.4
26/12/2024,1
27/12/2024,38
28/12/2024,0
29/12/2024,0
30/12/2024,59.8
31/12/2024,0.8
01/01/2025,0
02/01/2025,0
03/01/2025,27.4
04/01/2025,0
05/01/2025,2.8
06/01/2025,6.6
07/01/2025,6.4
08/01/2025,36
09/01/2025,38.4
10/01/2025,68.6
11/01/2025,26.2
12/01/2025,31.4
13/01/2025,0.2
14/01/2025,0
15/01/2025,5.6
16/01/2025,0.8
17/01/2025,2.4
18/01/2025,6.4
19/01/2025,0.6
20/01/2025,0.2
21/01/2025,6.6
22/01/2025,0.4
23/01/2025,6.4
24/01/2025,71
25/01/2025,36
26/01/2025,8
27/01/2025,38.4
28/01/2025,68.6
29/01/2025,21.8
30/01/2025,26.2
31/01/2025,31.4
01/02/2025,7
02/02/2025,0.2
03/02/2025,0
04/02/2025,0
05/02/2025,0
06/02/2025,5.6
07/02/2025,0
08/02/2025,0.8
09/02/2025,2.2
10/02/2025,2.4
11/02/2025,0.2
12/02/2025,6.4
13/02/2025,0.2
14/02/2025,0.6
15/02/2025,14
16/02/2025,0.2
17/02/2025,32.8
18/02/2025,1.8
19/02/2025,10.8
20/02/2025,0
21/02/2025,0
22/02/2025,0
23/02/2025,0
24/02/2025,11.8
25/02/2025,22.6
26/02/2025,26.8
27/02/2025,0.6
28/02/2025,6.8
01/03/2025,0
02/03/2025,0
03/03/2025,47.4
04/03/2025,0.4
05/03/2025,0
06/03/2025,0
07/03/2025,0.2
08/03/2025,0
09/03/2025,0
10/03/2025,0.2
11/03/2025,0.2
12/03/2025,2
13/03/2025,23.8
14/03/2025,0.6
15/03/2025,23
16/03/2025,0.2
17/03/2025,12.2
18/03/2025,0
19/03/2025,0
20/03/2025,16
21/03/2025,0
22/03/2025,0
23/03/2025,3.4
24/03/2025,0
25/03/2025,0
26/03/2025,4.6
27/03/2025,0.2
28/03/2025,0
29/03/2025,0
30/03/2025,0
31/03/2025,41
01/04/2025,46.2
02/04/2025,0.2
03/04/2025,3.6
04/04/2025,65.8
05/04/2025,0
06/04/2025,2
07/04/2025,4.2
08/04/2025,0.2
09/04/2025,0
10/04/2025,8.6
11/04/2025,0
12/04/2025,0
13/04/2025,0.6
14/04/2025,31.4
15/04/2025,0.2
16/04/2025,0
17/04/2025,0
18/04/2025,0
19/04/2025,1
20/04/2025,1
21/04/2025,10.8
22/04/2025,0
23/04/2025,0
24/04/2025,0
25/04/2025,0
26/04/2025,0
27/04/2025,0
28/04/2025,0.6
29/04/2025,0.2
30/04/2025,1.6
01/05/2025,0
02/05/2025,0
03/05/2025,0
04/05/2025,6
05/05/2025,0.2
06/05/2025,0
07/05/2025,0
08/05/2025,0
09/05/2025,0
10/05/2025,0
11/05/2025,0
12/05/2025,40.2
13/05/2025,0.2
14/05/2025,0
15/05/2025,0
16/05/2025,2.8
17/05/2025,22
18/05/2025,0.2
19/05/2025,0
20/05/2025,0
21/05/2025,0
22/05/2025,0
23/05/2025,0
24/05/2025,0
25/05/2025,0
26/05/2025,0
27/05/2025,0
28/05/2025,0
29/05/2025,0
30/05/2025,0
31/05/2025,0
01/06/2025,0
02/06/2025,0
03/06/2025,0
04/06/2025,0
05/06/2025,0
06/06/2025,0
07/06/2025,0
08/06/2025,0
09/06/2025,0
10/06/2025,0
11/06/2025,0
12/06/2025,0
13/06/2025,0
14/06/2025,0
15/06/2025,0
16/06/2025,0
17/06/2025,0
18/06/2025,0
19/06/2025,0
20/06/2025,0
21/06/2025,0
22/06/2025,0
23/06/2025,0
24/06/2025,0
25/06/2025,0
26/06/2025,0
27/06/2025,0
28/06/2025,0
29/06/2025,0
30/06/2025,0
01/07/2025,0
02/07/2025,0
03/07/2025,0
04/07/2025,0
05/07/2025,0
06/07/2025,0
07/07/2025,0
08/07/2025,0
09/07/2025,0
10/07/2025,0
11/07/2025,0
12/07/2025,0
13/07/2025,0
14/07/2025,0
15/07/2025,0
16/07/2025,0
17/07/2025,0
18/07/2025,0
19/07/2025,0
20/07/2025,0
21/07/2025,0
22/07/2025,0
23/07/2025,0
24/07/2025,0
25/07/2025,0
26/07/2025,0
27/07/2025,0
28/07/2025,0
29/07/2025,0
30/07/2025,0
31/07/2025,0
01/08/2025,0
02/08/2025,0
03/08/2025,0
04/08/2025,0
05/08/2025,0
06/08/2025,0
07/08/2025,0
08/08/2025,0
09/08/2025,0
10/08/2025,0
11/08/2025,0
12/08/2025,0
13/08/2025,0
14/08/2025,0
15/08/2025,0
16/08/2025,0
17/08/2025,0
18/08/2025,0
19/08/2025,0
20/08/2025,0
21/08/2025,0
22/08/2025,0
23/08/2025,0
24/08/2025,0
25/08/2025,0
26/08/2025,0
27/08/2025,0
28/08/2025,0
29/08/2025,0
30/08/2025,0
31/08/2025,0
01/09/2025,0
02/09/2025,0
03/09/2025,0
04/09/2025,0
05/09/2025,0
06/09/2025,0
07/09/2025,0
08/09/2025,0
09/09/2025,0
10/09/2025,0
11/09/2025,0
12/09/2025,0
13/09/2025,0
14/09/2025,0
15/09/2025,0
16/09/2025,0
17/09/2025,0
18/09/2025,0
19/09/2025,0
20/09/2025,0
21/09/2025,0
22/09/2025,27.6
23/09/2025,0.2
24/09/2025,0.2
25/09/2025,0
26/09/2025,0
27/09/2025,27.6
28/09/2025,0
29/09/2025,0
30/09/2025,0
01/10/2025,0
02/10/2025,0
03/10/2025,0
04/10/2025,0
05/10/2025,0
06/10/2025,0
07/10/2025,0
08/10/2025,2.2
09/10/2025,0.2
10/10/2025,0
11/10/2025,0.2
12/10/2025,1.4
13/10/2025,0
14/10/2025,0.4
15/10/2025,3.2
16/10/2025,0
17/10/2025,0
18/10/2025,0.8
19/10/2025,1.8
20/10/2025,10.8
21/10/2025,0
22/10/2025,4.4
23/10/2025,0
24/10/2025,0
25/10/2025,0
26/10/2025,0
27/10/2025,0
28/10/2025,0
29/10/2025,0
30/10/2025,0
31/10/2025,0
01/11/2025,21.6
02/11/2025,0.2
03/11/2025,0
04/11/2025,13
05/11/2025,3.6
06/11/2025,1.2
07/11/2025,0
08/11/2025,7.4
09/11/2025,0.2
10/11/2025,19.4
11/11/2025,6
12/11/2025,7.8
13/11/2025,0
14/11/2025,0
15/11/2025,0
16/11/2025,0
17/11/2025,14.2
18/11/2025,4.6
19/11/2025,0
20/11/2025,0
21/11/2025,0
22/11/2025,35.8
23/11/2025,0
24/11/2025,0
25/11/2025,0
26/11/2025,0
27/11/2025,0.2
28/11/2025,0
29/11/2025,0
30/11/2025,20.8
01/12/2025,2.6
02/12/2025,0.6
03/12/2025,0
04/12/2025,23.4
05/12/2025,1.8
06/12/2025,0.4
07/12/2025,25.8
08/12/2025,17.8
09/12/2025,0.2
10/12/2025,2.6
11/12/2025,0.2
12/12/2025,12.4
13/12/2025,0.8
14/12/2025,0
15/12/2025,6
16/12/2025,10.6
17/12/2025,5.4
18/12/2025,5.4
19/12/2025,1.8
20/12/2025,3.4
21/12/2025,5.2
22/12/2025,6.4
23/12/2025,0.2
24/12/2025,2
25/12/2025,11.2
26/12/2025,3.4
27/12/2025,0
28/12/2025,0
29/12/2025,0
30/12/2025,0
31/12/2025,10.8
