data,scpdsi
01/01/2020,0.44
02/01/2020,0.44
03/01/2020,0.44
04/01/2020,0.44
05/01/2020,0.44
06/01/2020,0.44
07/01/2020,0.44
08/01/2020,0.44
09/01/2020,0.44
10/01/2020,0.44
11/01/2020,0.44
12/01/2020,0.44
13/01/2020,0.44
14/01/2020,0.44
15/01/2020,0.44
16/01/2020,0.44
17/01/2020,0.44
18/01/2020,0.44
19/01/2020,0.44
20/01/2020,0.44
21/01/2020,0.44
22/01/2020,0.44
23/01/2020,0.44
24/01/2020,0.44
25/01/2020,0.44
26/01/2020,0.44
27/01/2020,0.44
28/01/2020,0.44
29/01/2020,0.44
30/01/2020,0.44
31/01/2020,0.44
01/02/2020,1.88
02/02/2020,1.88
03/02/2020,1.88
04/02/2020,1.88
05/02/2020,1.88
06/02/2020,1.88
07/02/2020,1.88
08/02/2020,1.88
09/02/2020,1.88
10/02/2020,1.88
11/02/2020,1.88
12/02/2020,1.88
13/02/2020,1.88
14/02/2020,1.88
15/02/2020,1.88
16/02/2020,1.88
17/02/2020,1.88
18/02/2020,1.88
19/02/2020,1.88
20/02/2020,1.88
21/02/2020,1.88
22/02/2020,1.88
23/02/2020,1.88
24/02/2020,1.88
25/02/2020,1.88
26/02/2020,1.88
27/02/2020,1.88
28/02/2020,1.88
29/02/2020,1.88
01/03/2020,1.33
02/03/2020,1.33
03/03/2020,1.33
04/03/2020,1.33
05/03/2020,1.33
06/03/2020,1.33
07/03/2020,1.33
08/03/2020,1.33
09/03/2020,1.33
10/03/2020,1.33
11/03/2020,1.33
12/03/2020,1.33
13/03/2020,1.33
14/03/2020,1.33
15/03/2020,1.33
16/03/2020,1.33
17/03/2020,1.33
18/03/2020,1.33
19/03/2020,1.33
20/03/2020,1.33
21/03/2020,1.33
22/03/2020,1.33
23/03/2020,1.33
24/03/2020,1.33
25/03/2020,1.33
26/03/2020,1.33
27/03/2020,1.33
28/03/2020,1.33
29/03/2020,1.33
30/03/2020,1.33
31/03/2020,1.33
01/04/2020,1.0
02/04/2020,1.0
03/04/2020,1.0
04/04/2020,1.0
05/04/2020,1.0
06/04/2020,1.0
07/04/2020,1.0
08/04/2020,1.0
09/04/2020,1.0
10/04/2020,1.0
11/04/2020,1.0
12/04/2020,1.0
13/04/2020,1.0
14/04/2020,1.0
15/04/2020,1.0
16/04/2020,1.0
17/04/2020,1.0
18/04/2020,1.0
19/04/2020,1.0
20/04/2020,1.0
21/04/2020,1.0
22/04/2020,1.0
23/04/2020,1.0
24/04/2020,1.0
25/04/2020,1.0
26/04/2020,1.0
27/04/2020,1.0
28/04/2020,1.0
29/04/2020,1.0
30/04/2020,1.0
01/05/2020,-3.69
02/05/2020,-3.69
03/05/2020,-3.69
04/05/2020,-3.69
05/05/2020,-3.69
06/05/2020,-3.69
07/05/2020,-3.69
08/05/2020,-3.69
09/05/2020,-3.69
10/05/2020,-3.69
11/05/2020,-3.69
12/05/2020,-3.69
13/05/2020,-3.69
14/05/2020,-3.69
15/05/2020,-3.69
16/05/2020,-3.69
17/05/2020,-3.69
18/05/2020,-3.69
19/05/2020,-3.69
20/05/2020,-3.69
21/05/2020,-3.69
22/05/2020,-3.69
23/05/2020,-3.69
24/05/2020,-3.69
25/05/2020,-3.69
26/05/2020,-3.69
27/05/2020,-3.69
28/05/2020,-3.69
29/05/2020,-3.69
30/05/2020,-3.69
31/05/2020,-3.69
01/06/2020,-3.69
02/06/2020,-3.69
03/06/2020,-3.69
04/06/2020,-3.69
05/06/2020,-3.69
06/06/2020,-3.69
07/06/2020,-3.69
08/06/2020,-3.69
09/06/2020,-3.69
10/06/2020,-3.69
11/06/2020,-3.69
12/06/2020,-3.69
13/06/2020,-3.69
14/06/2020,-3.69
15/06/2020,-3.69
16/06/2020,-3.69
17/06/2020,-3.69
18/06/2020,-3.69
19/06/2020,-3.69
20/06/2020,-3.69
21/06/2020,-3.69
22/06/2020,-3.69
23/06/2020,-3.69
24/06/2020,-3.69
25/06/2020,-3.69
26/06/2020,-3.69
27/06/2020,-3.69
28/06/2020,-3.69
29/06/2020,-3.69
30/06/2020,-3.69
01/07/2020,-3.88
02/07/2020,-3.88
03/07/2020,-3.88
04/07/2020,-3.88
05/07/2020,-3.88
06/07/2020,-3.88
07/07/2020,-3.88
08/07/2020,-3.88
09/07/2020,-3.88
10/07/2020,-3.88
11/07/2020,-3.88
12/07/2020,-3.88
13/07/2020,-3.88
14/07/2020,-3.88
15/07/2020,-3.88
16/07/2020,-3.88
17/07/2020,-3.88
18/07/2020,-3.88
19/07/2020,-3.88
20/07/2020,-3.88
21/07/2020,-3.88
22/07/2020,-3.88
23/07/2020,-3.88
24/07/2020,-3.88
25/07/2020,-3.88
26/07/2020,-3.88
27/07/2020,-3.88
28/07/2020,-3.88
29/07/2020,-3.88
30/07/2020,-3.88
31/07/2020,-3.88
01/08/2020,-2.27
02/08/2020,-2.27
03/08/2020,-2.27
04/08/2020,-2.27
05/08/2020,-2.27
06/08/2020,-2.27
07/08/2020,-2.27
08/08/2020,-2.27
09/08/2020,-2.27
10/08/2020,-2.27
11/08/2020,-2.27
12/08/2020,-2.27
13/08/2020,-2.27
14/08/2020,-2.27
15/08/2020,-2.27
16/08/2020,-2.27
17/08/2020,-2.27
18/08/2020,-2.27
19/08/2020,-2.27
20/08/2020,-2.27
21/08/2020,-2.27
22/08/2020,-2.27
23/08/2020,-2.27
24/08/2020,-2.27
25/08/2020,-2.27
26/08/2020,-2.27
27/08/2020,-2.27
28/08/2020,-2.27
29/08/2020,-2.27
30/08/2020,-2.27
31/08/2020,-2.27
01/09/2020,-2.8
02/09/2020,-2.8
03/09/2020,-2.8
04/09/2020,-2.8
05/09/2020,-2.8
06/09/2020,-2.8
07/09/2020,-2.8
08/09/2020,-2.8
09/09/2020,-2.8
10/09/2020,-2.8
11/09/2020,-2.8
12/09/2020,-2.8
13/09/2020,-2.8
14/09/2020,-2.8
15/09/2020,-2.8
16/09/2020,-2.8
17/09/2020,-2.8
18/09/2020,-2.8
19/09/2020,-2.8
20/09/2020,-2.8
21/09/2020,-2.8
22/09/2020,-2.8
23/09/2020,-2.8
24/09/2020,-2.8
25/09/2020,-2.8
26/09/2020,-2.8
27/09/2020,-2.8
28/09/2020,-2.8
29/09/2020,-2.8
30/09/2020,-2.8
01/10/2020,1.27
02/10/2020,1.27
03/10/2020,1.27
04/10/2020,1.27
05/10/2020,1.27
06/10/2020,1.27
07/10/2020,1.27
08/10/2020,1.27
09/10/2020,1.27
10/10/2020,1.27
11/10/2020,1.27
12/10/2020,1.27
13/10/2020,1.27
14/10/2020,1.27
15/10/2020,1.27
16/10/2020,1.27
17/10/2020,1.27
18/10/2020,1.27
19/10/2020,1.27
20/10/2020,1.27
21/10/2020,1.27
22/10/2020,1.27
23/10/2020,1.27
24/10/2020,1.27
25/10/2020,1.27
26/10/2020,1.27
27/10/2020,1.27
28/10/2020,1.27
29/10/2020,1.27
30/10/2020,1.27
31/10/2020,1.27
01/11/2020,-0.45
02/11/2020,-0.45
03/11/2020,-0.45
04/11/2020,-0.45
05/11/2020,-0.45
06/11/2020,-0.45
07/11/2020,-0.45
08/11/2020,-0.45
09/11/2020,-0.45
10/11/2020,-0.45
11/11/2020,-0.45
12/11/2020,-0.45
13/11/2020,-0.45
14/11/2020,-0.45
15/11/2020,-0.45
16/11/2020,-0.45
17/11/2020,-0.45
18/11/2020,-0.45
19/11/2020,-0.45
20/11/2020,-0.45
21/11/2020,-0.45
22/11/2020,-0.45
23/11/2020,-0.45
24/11/2020,-0.45
25/11/2020,-0.45
26/11/2020,-0.45
27/11/2020,-0.45
28/11/2020,-0.45
29/11/2020,-0.45
30/11/2020,-0.45
01/12/2020,1.92
02/12/2020,1.92
03/12/2020,1.92
04/12/2020,1.92
05/12/2020,1.92
06/12/2020,1.92
07/12/2020,1.92
08/12/2020,1.92
09/12/2020,1.92
10/12/2020,1.92
11/12/2020,1.92
12/12/2020,1.92
13/12/2020,1.92
14/12/2020,1.92
15/12/2020,1.92
16/12/2020,1.92
17/12/2020,1.92
18/12/2020,1.92
19/12/2020,1.92
20/12/2020,1.92
21/12/2020,1.92
22/12/2020,1.92
23/12/2020,1.92
24/12/2020,1.92
25/12/2020,1.92
26/12/2020,1.92
27/12/2020,1.92
28/12/2020,1.92
29/12/2020,1.92
30/12/2020,1.92
31/12/2020,1.92
01/01/2021,1.58
02/01/2021,1.58
03/01/2021,1.58
04/01/2021,1.58
05/01/2021,1.58
06/01/2021,1.58
07/01/2021,1.58
08/01/2021,1.58
09/01/2021,1.58
10/01/2021,1.58
11/01/2021,1.58
12/01/2021,1.58
13/01/2021,1.58
14/01/2021,1.58
15/01/2021,1.58
16/01/2021,1.58
17/01/2021,1.58
18/01/2021,1.58
19/01/2021,1.58
20/01/2021,1.58
21/01/2021,1.58
22/01/2021,1.58
23/01/2021,1.58
24/01/2021,1.58
25/01/2021,1.58
26/01/2021,1.58
27/01/2021,1.58
28/01/2021,1.58
29/01/2021,1.58
30/01/2021,1.58
31/01/2021,1.58
01/02/2021,0.03
02/02/2021,0.03
03/02/2021,0.03
04/02/2021,0.03
05/02/2021,0.03
06/02/2021,0.03
07/02/2021,0.03
08/02/2021,0.03
09/02/2021,0.03
10/02/2021,0.03
11/02/2021,0.03
12/02/2021,0.03
13/02/2021,0.03
14/02/2021,0.03
15/02/2021,0.03
16/02/2021,0.03
17/02/2021,0.03
18/02/2021,0.03
19/02/2021,0.03
20/02/2021,0.03
21/02/2021,0.03
22/02/2021,0.03
23/02/2021,0.03
24/02/2021,0.03
25/02/2021,0.03
26/02/2021,0.03
27/02/2021,0.03
28/02/2021,0.03
01/03/2021,-0.05
02/03/2021,-0.05
03/03/2021,-0.05
04/03/2021,-0.05
05/03/2021,-0.05
06/03/2021,-0.05
07/03/2021,-0.05
08/03/2021,-0.05
09/03/2021,-0.05
10/03/2021,-0.05
11/03/2021,-0.05
12/03/2021,-0.05
13/03/2021,-0.05
14/03/2021,-0.05
15/03/2021,-0.05
16/03/2021,-0.05
17/03/2021,-0.05
18/03/2021,-0.05
19/03/2021,-0.05
20/03/2021,-0.05
21/03/2021,-0.05
22/03/2021,-0.05
23/03/2021,-0.05
24/03/2021,-0.05
25/03/2021,-0.05
26/03/2021,-0.05
27/03/2021,-0.05
28/03/2021,-0.05
29/03/2021,-0.05
30/03/2021,-0.05
31/03/2021,-0.05
01/04/2021,-0.04
02/04/2021,-0.04
03/04/2021,-0.04
04/04/2021,-0.04
05/04/2021,-0.04
06/04/2021,-0.04
07/04/2021,-0.04
08/04/2021,-0.04
09/04/2021,-0.04
10/04/2021,-0.04
11/04/2021,-0.04
12/04/2021,-0.04
13/04/2021,-0.04
14/04/2021,-0.04
15/04/2021,-0.04
16/04/2021,-0.04
17/04/2021,-0.04
18/04/2021,-0.04
19/04/2021,-0.04
20/04/2021,-0.04
21/04/2021,-0.04
22/04/2021,-0.04
23/04/2021,-0.04
24/04/2021,-0.04
25/04/2021,-0.04
26/04/2021,-0.04
27/04/2021,-0.04
28/04/2021,-0.04
29/04/2021,-0.04
30/04/2021,-0.04
01/05/2021,-3.39
02/05/2021,-3.39
03/05/2021,-3.39
04/05/2021,-3.39
05/05/2021,-3.39
06/05/2021,-3.39
07/05/2021,-3.39
08/05/2021,-3.39
09/05/2021,-3.39
10/05/2021,-3.39
11/05/2021,-3.39
12/05/2021,-3.39
13/05/2021,-3.39
14/05/2021,-3.39
15/05/2021,-3.39
16/05/2021,-3.39
17/05/2021,-3.39
18/05/2021,-3.39
19/05/2021,-3.39
20/05/2021,-3.39
21/05/2021,-3.39
22/05/2021,-3.39
23/05/2021,-3.39
24/05/2021,-3.39
25/05/2021,-3.39
26/05/2021,-3.39
27/05/2021,-3.39
28/05/2021,-3.39
29/05/2021,-3.39
30/05/2021,-3.39
31/05/2021,-3.39
01/06/2021,-2.95
02/06/2021,-2.95
03/06/2021,-2.95
04/06/2021,-2.95
05/06/2021,-2.95
06/06/2021,-2.95
07/06/2021,-2.95
08/06/2021,-2.95
09/06/2021,-2.95
10/06/2021,-2.95
11/06/2021,-2.95
12/06/2021,-2.95
13/06/2021,-2.95
14/06/2021,-2.95
15/06/2021,-2.95
16/06/2021,-2.95
17/06/2021,-2.95
18/06/2021,-2.95
19/06/2021,-2.95
20/06/2021,-2.95
21/06/2021,-2.95
22/06/2021,-2.95
23/06/2021,-2.95
24/06/2021,-2.95
25/06/2021,-2.95
26/06/2021,-2.95
27/06/2021,-2.95
28/06/2021,-2.95
29/06/2021,-2.95
30/06/2021,-2.95
01/07/2021,-3.14
02/07/2021,-3.14
03/07/2021,-3.14
04/07/2021,-3.14
05/07/2021,-3.14
06/07/2021,-3.14
07/07/2021,-3.14
08/07/2021,-3.14
09/07/2021,-3.14
10/07/2021,-3.14
11/07/2021,-3.14
12/07/2021,-3.14
13/07/2021,-3.14
14/07/2021,-3.14
15/07/2021,-3.14
16/07/2021,-3.14
17/07/2021,-3.14
18/07/2021,-3.14
19/07/2021,-3.14
20/07/2021,-3.14
21/07/2021,-3.14
22/07/2021,-3.14
23/07/2021,-3.14
24/07/2021,-3.14
25/07/2021,-3.14
26/07/2021,-3.14
27/07/2021,-3.14
28/07/2021,-3.14
29/07/2021,-3.14
30/07/2021,-3.14
31/07/2021,-3.14
01/08/2021,-3.42
02/08/2021,-3.42
03/08/2021,-3.42
04/08/2021,-3.42
05/08/2021,-3.42
06/08/2021,-3.42
07/08/2021,-3.42
08/08/2021,-3.42
09/08/2021,-3.42
10/08/2021,-3.42
11/08/2021,-3.42
12/08/2021,-3.42
13/08/2021,-3.42
14/08/2021,-3.42
15/08/2021,-3.42
16/08/2021,-3.42
17/08/2021,-3.42
18/08/2021,-3.42
19/08/2021,-3.42
20/08/2021,-3.42
21/08/2021,-3.42
22/08/2021,-3.42
23/08/2021,-3.42
24/08/2021,-3.42
25/08/2021,-3.42
26/08/2021,-3.42
27/08/2021,-3.42
28/08/2021,-3.42
29/08/2021,-3.42
30/08/2021,-3.42
31/08/2021,-3.42
01/09/2021,-2.78
02/09/2021,-2.78
03/09/2021,-2.78
04/09/2021,-2.78
05/09/2021,-2.78
06/09/2021,-2.78
07/09/2021,-2.78
08/09/2021,-2.78
09/09/2021,-2.78
10/09/2021,-2.78
11/09/2021,-2.78
12/09/2021,-2.78
13/09/2021,-2.78
14/09/2021,-2.78
15/09/2021,-2.78
16/09/2021,-2.78
17/09/2021,-2.78
18/09/2021,-2.78
19/09/2021,-2.78
20/09/2021,-2.78
21/09/2021,-2.78
22/09/2021,-2.78
23/09/2021,-2.78
24/09/2021,-2.78
25/09/2021,-2.78
26/09/2021,-2.78
27/09/2021,-2.78
28/09/2021,-2.78
29/09/2021,-2.78
30/09/2021,-2.78
01/10/2021,-0.15
02/10/2021,-0.15
03/10/2021,-0.15
04/10/2021,-0.15
05/10/2021,-0.15
06/10/2021,-0.15
07/10/2021,-0.15
08/10/2021,-0.15
09/10/2021,-0.15
10/10/2021,-0.15
11/10/2021,-0.15
12/10/2021,-0.15
13/10/2021,-0.15
14/10/2021,-0.15
15/10/2021,-0.15
16/10/2021,-0.15
17/10/2021,-0.15
18/10/2021,-0.15
19/10/2021,-0.15
20/10/2021,-0.15
21/10/2021,-0.15
22/10/2021,-0.15
23/10/2021,-0.15
24/10/2021,-0.15
25/10/2021,-0.15
26/10/2021,-0.15
27/10/2021,-0.15
28/10/2021,-0.15
29/10/2021,-0.15
30/10/2021,-0.15
31/10/2021,-0.15
01/11/2021,0.23
02/11/2021,0.23
03/11/2021,0.23
04/11/2021,0.23
05/11/2021,0.23
06/11/2021,0.23
07/11/2021,0.23
08/11/2021,0.23
09/11/2021,0.23
10/11/2021,0.23
11/11/2021,0.23
12/11/2021,0.23
13/11/2021,0.23
14/11/2021,0.23
15/11/2021,0.23
16/11/2021,0.23
17/11/2021,0.23
18/11/2021,0.23
19/11/2021,0.23
20/11/2021,0.23
21/11/2021,0.23
22/11/2021,0.23
23/11/2021,0.23
24/11/2021,0.23
25/11/2021,0.23
26/11/2021,0.23
27/11/2021,0.23
28/11/2021,0.23
29/11/2021,0.23
30/11/2021,0.23
01/12/2021,0.42
02/12/2021,0.42
03/12/2021,0.42
04/12/2021,0.42
05/12/2021,0.42
06/12/2021,0.42
07/12/2021,0.42
08/12/2021,0.42
09/12/2021,0.42
10/12/2021,0.42
11/12/2021,0.42
12/12/2021,0.42
13/12/2021,0.42
14/12/2021,0.42
15/12/2021,0.42
16/12/2021,0.42
17/12/2021,0.42
18/12/2021,0.42
19/12/2021,0.42
20/12/2021,0.42
21/12/2021,0.42
22/12/2021,0.42
23/12/2021,0.42
24/12/2021,0.42
25/12/2021,0.42
26/12/2021,0.42
27/12/2021,0.42
28/12/2021,0.42
29/12/2021,0.42
30/12/2021,0.42
31/12/2021,0.42
01/01/2022,0.64
02/01/2022,0.64
03/01/2022,0.64
04/01/2022,0.64
05/01/2022,0.64
06/01/2022,0.64
07/01/2022,0.64
08/01/2022,0.64
09/01/2022,0.64
10/01/2022,0.64
11/01/2022,0.64
12/01/2022,0.64
13/01/2022,0.64
14/01/2022,0.64
15/01/2022,0.64
16/01/2022,0.64
17/01/2022,0.64
18/01/2022,0.64
19/01/2022,0.64
20/01/2022,0.64
21/01/2022,0.64
22/01/2022,0.64
23/01/2022,0.64
24/01/2022,0.64
25/01/2022,0.64
26/01/2022,0.64
27/01/2022,0.64
28/01/2022,0.64
29/01/2022,0.64
30/01/2022,0.64
31/01/2022,0.64
01/02/2022,1.46
02/02/2022,1.46
03/02/2022,1.46
04/02/2022,1.46
05/02/2022,1.46
06/02/2022,1.46
07/02/2022,1.46
08/02/2022,1.46
09/02/2022,1.46
10/02/2022,1.46
11/02/2022,1.46
12/02/2022,1.46
13/02/2022,1.46
14/02/2022,1.46
15/02/2022,1.46
16/02/2022,1.46
17/02/2022,1.46
18/02/2022,1.46
19/02/2022,1.46
20/02/2022,1.46
21/02/2022,1.46
22/02/2022,1.46
23/02/2022,1.46
24/02/2022,1.46
25/02/2022,1.46
26/02/2022,1.46
27/02/2022,1.46
28/02/2022,1.46
01/03/2022,-0.0
02/03/2022,-0.0
03/03/2022,-0.0
04/03/2022,-0.0
05/03/2022,-0.0
06/03/2022,-0.0
07/03/2022,-0.0
08/03/2022,-0.0
09/03/2022,-0.0
10/03/2022,-0.0
11/03/2022,-0.0
12/03/2022,-0.0
13/03/2022,-0.0
14/03/2022,-0.0
15/03/2022,-0.0
16/03/2022,-0.0
17/03/2022,-0.0
18/03/2022,-0.0
19/03/2022,-0.0
20/03/2022,-0.0
21/03/2022,-0.0
22/03/2022,-0.0
23/03/2022,-0.0
24/03/2022,-0.0
25/03/2022,-0.0
26/03/2022,-0.0
27/03/2022,-0.0
28/03/2022,-0.0
29/03/2022,-0.0
30/03/2022,-0.0
31/03/2022,-0.0
01/04/2022,0.79
02/04/2022,0.79
03/04/2022,0.79
04/04/2022,0.79
05/04/2022,0.79
06/04/2022,0.79
07/04/2022,0.79
08/04/2022,0.79
09/04/2022,0.79
10/04/2022,0.79
11/04/2022,0.79
12/04/2022,0.79
13/04/2022,0.79
14/04/2022,0.79
15/04/2022,0.79
16/04/2022,0.79
17/04/2022,0.79
18/04/2022,0.79
19/04/2022,0.79
20/04/2022,0.79
21/04/2022,0.79
22/04/2022,0.79
23/04/2022,0.79
24/04/2022,0.79
25/04/2022,0.79
26/04/2022,0.79
27/04/2022,0.79
28/04/2022,0.79
29/04/2022,0.79
30/04/2022,0.79
01/05/2022,-2.82
02/05/2022,-2.82
03/05/2022,-2.82
04/05/2022,-2.82
05/05/2022,-2.82
06/05/2022,-2.82
07/05/2022,-2.82
08/05/2022,-2.82
09/05/2022,-2.82
10/05/2022,-2.82
11/05/2022,-2.82
12/05/2022,-2.82
13/05/2022,-2.82
14/05/2022,-2.82
15/05/2022,-2.82
16/05/2022,-2.82
17/05/2022,-2.82
18/05/2022,-2.82
19/05/2022,-2.82
20/05/2022,-2.82
21/05/2022,-2.82
22/05/2022,-2.82
23/05/2022,-2.82
24/05/2022,-2.82
25/05/2022,-2.82
26/05/2022,-2.82
27/05/2022,-2.82
28/05/2022,-2.82
29/05/2022,-2.82
30/05/2022,-2.82
31/05/2022,-2.82
01/06/2022,-3.91
02/06/2022,-3.91
03/06/2022,-3.91
04/06/2022,-3.91
05/06/2022,-3.91
06/06/2022,-3.91
07/06/2022,-3.91
08/06/2022,-3.91
09/06/2022,-3.91
10/06/2022,-3.91
11/06/2022,-3.91
12/06/2022,-3.91
13/06/2022,-3.91
14/06/2022,-3.91
15/06/2022,-3.91
16/06/2022,-3.91
17/06/2022,-3.91
18/06/2022,-3.91
19/06/2022,-3.91
20/06/2022,-3.91
21/06/2022,-3.91
22/06/2022,-3.91
23/06/2022,-3.91
24/06/2022,-3.91
25/06/2022,-3.91
26/06/2022,-3.91
27/06/2022,-3.91
28/06/2022,-3.91
29/06/2022,-3.91
30/06/2022,-3.91
01/07/2022,-2.78
02/07/2022,-2.78
03/07/2022,-2.78
04/07/2022,-2.78
05/07/2022,-2.78
06/07/2022,-2.78
07/07/2022,-2.78
08/07/2022,-2.78
09/07/2022,-2.78
10/07/2022,-2.78
11/07/2022,-2.78
12/07/2022,-2.78
13/07/2022,-2.78
14/07/2022,-2.78
15/07/2022,-2.78
16/07/2022,-2.78
17/07/2022,-2.78
18/07/2022,-2.78
19/07/2022,-2.78
20/07/2022,-2.78
21/07/2022,-2.78
22/07/2022,-2.78
23/07/2022,-2.78
24/07/2022,-2.78
25/07/2022,-2.78
26/07/2022,-2.78
27/07/2022,-2.78
28/07/2022,-2.78
29/07/2022,-2.78
30/07/2022,-2.78
31/07/2022,-2.78
01/08/2022,-3.66
02/08/2022,-3.66
03/08/2022,-3.66
04/08/2022,-3.66
05/08/2022,-3.66
06/08/2022,-3.66
07/08/2022,-3.66
08/08/2022,-3.66
09/08/2022,-3.66
10/08/2022,-3.66
11/08/2022,-3.66
12/08/2022,-3.66
13/08/2022,-3.66
14/08/2022,-3.66
15/08/2022,-3.66
16/08/2022,-3.66
17/08/2022,-3.66
18/08/2022,-3.66
19/08/2022,-3.66
20/08/2022,-3.66
21/08/2022,-3.66
22/08/2022,-3.66
23/08/2022,-3.66
24/08/2022,-3.66
25/08/2022,-3.66
26/08/2022,-3.66
27/08/2022,-3.66
28/08/2022,-3.66
29/08/2022,-3.66
30/08/2022,-3.66
31/08/2022,-3.66
01/09/2022,-3.87
02/09/2022,-3.87
03/09/2022,-3.87
04/09/2022,-3.87
05/09/2022,-3.87
06/09/2022,-3.87
07/09/2022,-3.87
08/09/2022,-3.87
09/09/2022,-3.87
10/09/2022,-3.87
11/09/2022,-3.87
12/09/2022,-3.87
13/09/2022,-3.87
14/09/2022,-3.87
15/09/2022,-3.87
16/09/2022,-3.87
17/09/2022,-3.87
18/09/2022,-3.87
19/09/2022,-3.87
20/09/2022,-3.87
21/09/2022,-3.87
22/09/2022,-3.87
23/09/2022,-3.87
24/09/2022,-3.87
25/09/2022,-3.87
26/09/2022,-3.87
27/09/2022,-3.87
28/09/2022,-3.87
29/09/2022,-3.87
30/09/2022,-3.87
01/10/2022,1.87
02/10/2022,1.87
03/10/2022,1.87
04/10/2022,1.87
05/10/2022,1.87
06/10/2022,1.87
07/10/2022,1.87
08/10/2022,1.87
09/10/2022,1.87
10/10/2022,1.87
11/10/2022,1.87
12/10/2022,1.87
13/10/2022,1.87
14/10/2022,1.87
15/10/2022,1.87
16/10/2022,1.87
17/10/2022,1.87
18/10/2022,1.87
19/10/2022,1.87
20/10/2022,1.87
21/10/2022,1.87
22/10/2022,1.87
23/10/2022,1.87
24/10/2022,1.87
25/10/2022,1.87
26/10/2022,1.87
27/10/2022,1.87
28/10/2022,1.87
29/10/2022,1.87
30/10/2022,1.87
31/10/2022,1.87
01/11/2022,1.91
02/11/2022,1.91
03/11/2022,1.91
04/11/2022,1.91
05/11/2022,1.91
06/11/2022,1.91
07/11/2022,1.91
08/11/2022,1.91
09/11/2022,1.91
10/11/2022,1.91
11/11/2022,1.91
12/11/2022,1.91
13/11/2022,1.91
14/11/2022,1.91
15/11/2022,1.91
16/11/2022,1.91
17/11/2022,1.91
18/11/2022,1.91
19/11/2022,1.91
20/11/2022,1.91
21/11/2022,1.91
22/11/2022,1.91
23/11/2022,1.91
24/11/2022,1.91
25/11/2022,1.91
26/11/2022,1.91
27/11/2022,1.91
28/11/2022,1.91
29/11/2022,1.91
30/11/2022,1.91
01/12/2022,1.52
02/12/2022,1.52
03/12/2022,1.52
04/12/2022,1.52
05/12/2022,1.52
06/12/2022,1.52
07/12/2022,1.52
08/12/2022,1.52
09/12/2022,1.52
10/12/2022,1.52
11/12/2022,1.52
12/12/2022,1.52
13/12/2022,1.52
14/12/2022,1.52
15/12/2022,1.52
16/12/2022,1.52
17/12/2022,1.52
18/12/2022,1.52
19/12/2022,1.52
20/12/2022,1.52
21/12/2022,1.52
22/12/2022,1.52
23/12/2022,1.52
24/12/2022,1.52
25/12/2022,1.52
26/12/2022,1.52
27/12/2022,1.52
28/12/2022,1.52
29/12/2022,1.52
30/12/2022,1.52
31/12/2022,1.52
01/01/2023,0.26
02/01/2023,0.26
03/01/2023,0.26
04/01/2023,0.26
05/01/2023,0.26
06/01/2023,0.26
07/01/2023,0.26
08/01/2023,0.26
09/01/2023,0.26
10/01/2023,0.26
11/01/2023,0.26
12/01/2023,0.26
13/01/2023,0.26
14/01/2023,0.26
15/01/2023,0.26
16/01/2023,0.26
17/01/2023,0.26
18/01/2023,0.26
19/01/2023,0.26
20/01/2023,0.26
21/01/2023,0.26
22/01/2023,0.26
23/01/2023,0.26
24/01/2023,0.26
25/01/2023,0.26
26/01/2023,0.26
27/01/2023,0.26
28/01/2023,0.26
29/01/2023,0.26
30/01/2023,0.26
31/01/2023,0.26
01/02/2023,-0.26
02/02/2023,-0.26
03/02/2023,-0.26
04/02/2023,-0.26
05/02/2023,-0.26
06/02/2023,-0.26
07/02/2023,-0.26
08/02/2023,-0.26
09/02/2023,-0.26
10/02/2023,-0.26
11/02/2023,-0.26
12/02/2023,-0.26
13/02/2023,-0.26
14/02/2023,-0.26
15/02/2023,-0.26
16/02/2023,-0.26
17/02/2023,-0.26
18/02/2023,-0.26
19/02/2023,-0.26
20/02/2023,-0.26
21/02/2023,-0.26
22/02/2023,-0.26
23/02/2023,-0.26
24/02/2023,-0.26
25/02/2023,-0.26
26/02/2023,-0.26
27/02/2023,-0.26
28/02/2023,-0.26
01/03/2023,1.21
02/03/2023,1.21
03/03/2023,1.21
04/03/2023,1.21
05/03/2023,1.21
06/03/2023,1.21
07/03/2023,1.21
08/03/2023,1.21
09/03/2023,1.21
10/03/2023,1.21
11/03/2023,1.21
12/03/2023,1.21
13/03/2023,1.21
14/03/2023,1.21
15/03/2023,1.21
16/03/2023,1.21
17/03/2023,1.21
18/03/2023,1.21
19/03/2023,1.21
20/03/2023,1.21
21/03/2023,1.21
22/03/2023,1.21
23/03/2023,1.21
24/03/2023,1.21
25/03/2023,1.21
26/03/2023,1.21
27/03/2023,1.21
28/03/2023,1.21
29/03/2023,1.21
30/03/2023,1.21
31/03/2023,1.21
01/04/2023,0.6
02/04/2023,0.6
03/04/2023,0.6
04/04/2023,0.6
05/04/2023,0.6
06/04/2023,0.6
07/04/2023,0.6
08/04/2023,0.6
09/04/2023,0.6
10/04/2023,0.6
11/04/2023,0.6
12/04/2023,0.6
13/04/2023,0.6
14/04/2023,0.6
15/04/2023,0.6
16/04/2023,0.6
17/04/2023,0.6
18/04/2023,0.6
19/04/2023,0.6
20/04/2023,0.6
21/04/2023,0.6
22/04/2023,0.6
23/04/2023,0.6
24/04/2023,0.6
25/04/2023,0.6
26/04/2023,0.6
27/04/2023,0.6
28/04/2023,0.6
29/04/2023,0.6
30/04/2023,0.6
01/05/2023,-3.76
02/05/2023,-3.76
03/05/2023,-3.76
04/05/2023,-3.76
05/05/2023,-3.76
06/05/2023,-3.76
07/05/2023,-3.76
08/05/2023,-3.76
09/05/2023,-3.76
10/05/2023,-3.76
11/05/2023,-3.76
12/05/2023,-3.76
13/05/2023,-3.76
14/05/2023,-3.76
15/05/2023,-3.76
16/05/2023,-3.76
17/05/2023,-3.76
18/05/2023,-3.76
19/05/2023,-3.76
20/05/2023,-3.76
21/05/2023,-3.76
22/05/2023,-3.76
23/05/2023,-3.76
24/05/2023,-3.76
25/05/2023,-3.76
26/05/2023,-3.76
27/05/2023,-3.76
28/05/2023,-3.76
29/05/2023,-3.76
30/05/2023,-3.76
31/05/2023,-3.76
01/06/2023,-3.01
02/06/2023,-3.01
03/06/2023,-3.01
04/06/2023,-3.01
05/06/2023,-3.01
06/06/2023,-3.01
07/06/2023,-3.01
08/06/2023,-3.01
09/06/2023,-3.01
10/06/2023,-3.01
11/06/2023,-3.01
12/06/2023,-3.01
13/06/2023,-3.01
14/06/2023,-3.01
15/06/2023,-3.01
16/06/2023,-3.01
17/06/2023,-3.01
18/06/2023,-3.01
19/06/2023,-3.01
20/06/2023,-3.01
21/06/2023,-3.01
22/06/2023,-3.01
23/06/2023,-3.01
24/06/2023,-3.01
25/06/2023,-3.01
26/06/2023,-3.01
27/06/2023,-3.01
28/06/2023,-3.01
29/06/2023,-3.01
30/06/2023,-3.01
01/07/2023,-3.93
02/07/2023,-3.93
03/07/2023,-3.93
04/07/2023,-3.93
05/07/2023,-3.93
06/07/2023,-3.93
07/07/2023,-3.93
08/07/2023,-3.93
09/07/2023,-3.93
10/07/2023,-3.93
11/07/2023,-3.93
12/07/2023,-3.93
13/07/2023,-3.93
14/07/2023,-3.93
15/07/2023,-3.93
16/07/2023,-3.93
17/07/2023,-3.93
18/07/2023,-3.93
19/07/2023,-3.93
20/07/2023,-3.93
21/07/2023,-3.93
22/07/2023,-3.93
23/07/2023,-3.93
24/07/2023,-3.93
25/07/2023,-3.93
26/07/2023,-3.93
27/07/2023,-3.93
28/07/2023,-3.93
29/07/2023,-3.93
30/07/2023,-3.93
31/07/2023,-3.93
01/08/2023,-2.18
02/08/2023,-2.18
03/08/2023,-2.18
04/08/2023,-2.18
05/08/2023,-2.18
06/08/2023,-2.18
07/08/2023,-2.18
08/08/2023,-2.18
09/08/2023,-2.18
10/08/2023,-2.18
11/08/2023,-2.18
12/08/2023,-2.18
13/08/2023,-2.18
14/08/2023,-2.18
15/08/2023,-2.18
16/08/2023,-2.18
17/08/2023,-2.18
18/08/2023,-2.18
19/08/2023,-2.18
20/08/2023,-2.18
21/08/2023,-2.18
22/08/2023,-2.18
23/08/2023,-2.18
24/08/2023,-2.18
25/08/2023,-2.18
26/08/2023,-2.18
27/08/2023,-2.18
28/08/2023,-2.18
29/08/2023,-2.18
30/08/2023,-2.18
31/08/2023,-2.18
01/09/2023,-3.48
02/09/2023,-3.48
03/09/2023,-3.48
04/09/2023,-3.48
05/09/2023,-3.48
06/09/2023,-3.48
07/09/2023,-3.48
08/09/2023,-3.48
09/09/2023,-3.48
10/09/2023,-3.48
11/09/2023,-3.48
12/09/2023,-3.48
13/09/2023,-3.48
14/09/2023,-3.48
15/09/2023,-3.48
16/09/2023,-3.48
17/09/2023,-3.48
18/09/2023,-3.48
19/09/2023,-3.48
20/09/2023,-3.48
21/09/2023,-3.48
22/09/2023,-3.48
23/09/2023,-3.48
24/09/2023,-3.48
25/09/2023,-3.48
26/09/2023,-3.48
27/09/2023,-3.48
28/09/2023,-3.48
29/09/2023,-3.48
30/09/2023,-3.48
01/10/2023,1.16
02/10/2023,1.16
03/10/2023,1.16
04/10/2023,1.16
05/10/2023,1.16
06/10/2023,1.16
07/10/2023,1.16
08/10/2023,1.16
09/10/2023,1.16
10/10/2023,1.16
11/10/2023,1.16
12/10/2023,1.16
13/10/2023,1.16
14/10/2023,1.16
15/10/2023,1.16
16/10/2023,1.16
17/10/2023,1.16
18/10/2023,1.16
19/10/2023,1.16
20/10/2023,1.16
21/10/2023,1.16
22/10/2023,1.16
23/10/2023,1.16
24/10/2023,1.16
25/10/2023,1.16
26/10/2023,1.16
27/10/2023,1.16
28/10/2023,1.16
29/10/2023,1.16
30/10/2023,1.16
31/10/2023,1.16
01/11/2023,0.28
02/11/2023,0.28
03/11/2023,0.28
04/11/2023,0.28
05/11/2023,0.28
06/11/2023,0.28
07/11/2023,0.28
08/11/2023,0.28
09/11/2023,0.28
10/11/2023,0.28
11/11/2023,0.28
12/11/2023,0.28
13/11/2023,0.28
14/11/2023,0.28
15/11/2023,0.28
16/11/2023,0.28
17/11/2023,0.28
18/11/2023,0.28
19/11/2023,0.28
20/11/2023,0.28
21/11/2023,0.28
22/11/2023,0.28
23/11/2023,0.28
24/11/2023,0.28
25/11/2023,0.28
26/11/2023,0.28
27/11/2023,0.28
28/11/2023,0.28
29/11/2023,0.28
30/11/2023,0.28
01/12/2023,0.8
02/12/2023,0.8
03/12/2023,0.8
04/12/2023,0.8
05/12/2023,0.8
06/12/2023,0.8
07/12/2023,0.8
08/12/2023,0.8
09/12/2023,0.8
10/12/2023,0.8
11/12/2023,0.8
12/12/2023,0.8
13/12/2023,0.8
14/12/2023,0.8
15/12/2023,0.8
16/12/2023,0.8
17/12/2023,0.8
18/12/2023,0.8
19/12/2023,0.8
20/12/2023,0.8
21/12/2023,0.8
22/12/2023,0.8
23/12/2023,0.8
24/12/2023,0.8
25/12/2023,0.8
26/12/2023,0.8
27/12/2023,0.8
28/12/2023,0.8
29/12/2023,0.8
30/12/2023,0.8
31/12/2023,0.8
01/01/2024,0.87
02/01/2024,0.87
03/01/2024,0.87
04/01/2024,0.87
05/01/2024,0.87
06/01/2024,0.87
07/01/2024,0.87
08/01/2024,0.87
09/01/2024,0.87
10/01/2024,0.87
11/01/2024,0.87
12/01/2024,0.87
13/01/2024,0.87
14/01/2024,0.87
15/01/2024,0.87
16/01/2024,0.87
17/01/2024,0.87
18/01/2024,0.87
19/01/2024,0.87
20/01/2024,0.87
21/01/2024,0.87
22/01/2024,0.87
23/01/2024,0.87
24/01/2024,0.87
25/01/2024,0.87
26/01/2024,0.87
27/01/2024,0.87
28/01/2024,0.87
29/01/2024,0.87
30/01/2024,0.87
31/01/2024,0.87
01/02/2024,-0.04
02/02/2024,-0.04
03/02/2024,-0.04
04/02/2024,-0.04
05/02/2024,-0.04
06/02/2024,-0.04
07/02/2024,-0.04
08/02/2024,-0.04
09/02/2024,-0.04
10/02/2024,-0.04
11/02/2024,-0.04
12/02/2024,-0.04
13/02/2024,-0.04
14/02/2024,-0.04
15/02/2024,-0.04
16/02/2024,-0.04
17/02/2024,-0.04
18/02/2024,-0.04
19/02/2024,-0.04
20/02/2024,-0.04
21/02/2024,-0.04
22/02/2024,-0.04
23/02/2024,-0.04
24/02/2024,-0.04
25/02/2024,-0.04
26/02/2024,-0.04
27/02/2024,-0.04
28/02/2024,-0.04
29/02/2024,-0.04
01/03/2024,1.92
02/03/2024,1.92
03/03/2024,1.92
04/03/2024,1.92
05/03/2024,1.92
06/03/2024,1.92
07/03/2024,1.92
08/03/2024,1.92
09/03/2024,1.92
10/03/2024,1.92
11/03/2024,1.92
12/03/2024,1.92
13/03/2024,1.92
14/03/2024,1.92
15/03/2024,1.92
16/03/2024,1.92
17/03/2024,1.92
18/03/2024,1.92
19/03/2024,1.92
20/03/2024,1.92
21/03/2024,1.92
22/03/2024,1.92
23/03/2024,1.92
24/03/2024,1.92
25/03/2024,1.92
26/03/2024,1.92
27/03/2024,1.92
28/03/2024,1.92
29/03/2024,1.92
30/03/2024,1.92
31/03/2024,1.92
01/04/2024,1.44
02/04/2024,1.44
03/04/2024,1.44
04/04/2024,1.44
05/04/2024,1.44
06/04/2024,1.44
07/04/2024,1.44
08/04/2024,1.44
09/04/2024,1.44
10/04/2024,1.44
11/04/2024,1.44
12/04/2024,1.44
13/04/2024,1.44
14/04/2024,1.44
15/04/2024,1.44
16/04/2024,1.44
17/04/2024,1.44
18/04/2024,1.44
19/04/2024,1.44
20/04/2024,1.44
21/04/2024,1.44
22/04/2024,1.44
23/04/2024,1.44
24/04/2024,1.44
25/04/2024,1.44
26/04/2024,1.44
27/04/2024,1.44
28/04/2024,1.44
29/04/2024,1.44
30/04/2024,1.44
01/05/2024,-2.12
02/05/2024,-2.12
03/05/2024,-2.12
04/05/2024,-2.12
05/05/2024,-2.12
06/05/2024,-2.12
07/05/2024,-2.12
08/05/2024,-2.12
09/05/2024,-2.12
10/05/2024,-2.12
11/05/2024,-2.12
12/05/2024,-2.12
13/05/2024,-2.12
14/05/2024,-2.12
15/05/2024,-2.12
16/05/2024,-2.12
17/05/2024,-2.12
18/05/2024,-2.12
19/05/2024,-2.12
20/05/2024,-2.12
21/05/2024,-2.12
22/05/2024,-2.12
23/05/2024,-2.12
24/05/2024,-2.12
25/05/2024,-2.12
26/05/2024,-2.12
27/05/2024,-2.12
28/05/2024,-2.12
29/05/2024,-2.12
30/05/2024,-2.12
31/05/2024,-2.12
01/06/2024,-2.21
02/06/2024,-2.21
03/06/2024,-2.21
04/06/2024,-2.21
05/06/2024,-2.21
06/06/2024,-2.21
07/06/2024,-2.21
08/06/2024,-2.21
09/06/2024,-2.21
10/06/2024,-2.21
11/06/2024,-2.21
12/06/2024,-2.21
13/06/2024,-2.21
14/06/2024,-2.21
15/06/2024,-2.21
16/06/2024,-2.21
17/06/2024,-2.21
18/06/2024,-2.21
19/06/2024,-2.21
20/06/2024,-2.21
21/06/2024,-2.21
22/06/2024,-2.21
23/06/2024,-2.21
24/06/2024,-2.21
25/06/2024,-2.21
26/06/2024,-2.21
27/06/2024,-2.21
28/06/2024,-2.21
29/06/2024,-2.21
30/06/2024,-2.21
01/07/2024,-2.8
02/07/2024,-2.8
03/07/2024,-2.8
04/07/2024,-2.8
05/07/2024,-2.8
06/07/2024,-2.8
07/07/2024,-2.8
08/07/2024,-2.8
09/07/2024,-2.8
10/07/2024,-2.8
11/07/2024,-2.8
12/07/2024,-2.8
13/07/2024,-2.8
14/07/2024,-2.8
15/07/2024,-2.8
16/07/2024,-2.8
17/07/2024,-2.8
18/07/2024,-2.8
19/07/2024,-2.8
20/07/2024,-2.8
21/07/2024,-2.8
22/07/2024,-2.8
23/07/2024,-2.8
24/07/2024,-2.8
25/07/2024,-2.8
26/07/2024,-2.8
27/07/2024,-2.8
28/07/2024,-2.8
29/07/2024,-2.8
30/07/2024,-2.8
31/07/2024,-2.8
01/08/2024,-2.16
02/08/2024,-2.16
03/08/2024,-2.16
04/08/2024,-2.16
05/08/2024,-2.16
06/08/2024,-2.16
07/08/2024,-2.16
08/08/2024,-2.16
09/08/2024,-2.16
10/08/2024,-2.16
11/08/2024,-2.16
12/08/2024,-2.16
13/08/2024,-2.16
14/08/2024,-2.16
15/08/2024,-2.16
16/08/2024,-2.16
17/08/2024,-2.16
18/08/2024,-2.16
19/08/2024,-2.16
20/08/2024,-2.16
21/08/2024,-2.16
22/08/2024,-2.16
23/08/2024,-2.16
24/08/2024,-2.16
25/08/2024,-2.16
26/08/2024,-2.16
27/08/2024,-2.16
28/08/2024,-2.16
29/08/2024,-2.16
30/08/2024,-2.16
31/08/2024,-2.16
01/09/2024,-3.82
02/09/2024,-3.82
03/09/2024,-3.82
04/09/2024,-3.82
05/09/2024,-3.82
06/09/2024,-3.82
07/09/2024,-3.82
08/09/2024,-3.82
09/09/2024,-3.82
10/09/2024,-3.82
11/09/2024,-3.82
12/09/2024,-3.82
13/09/2024,-3.82
14/09/2024,-3.82
15/09/2024,-3.82
16/09/2024,-3.82
17/09/2024,-3.82
18/09/2024,-3.82
19/09/2024,-3.82
20/09/2024,-3.82
21/09/2024,-3.82
22/09/2024,-3.82
23/09/2024,-3.82
24/09/2024,-3.82
25/09/2024,-3.82
26/09/2024,-3.82
27/09/2024,-3.82
28/09/2024,-3.82
29/09/2024,-3.82
30/09/2024,-3.82
01/10/2024,-0.01
02/10/2024,-0.01
03/10/2024,-0.01
04/10/2024,-0.01
05/10/2024,-0.01
06/10/2024,-0.01
07/10/2024,-0.01
08/10/2024,-0.01
09/10/2024,-0.01
10/10/2024,-0.01
11/10/2024,-0.01
12/10/2024,-0.01
13/10/2024,-0.01
14/10/2024,-0.01
15/10/2024,-0.01
16/10/2024,-0.01
17/10/2024,-0.01
18/10/2024,-0.01
19/10/2024,-0.01
20/10/2024,-0.01
21/10/2024,-0.01
22/10/2024,-0.01
23/10/2024,-0.01
24/10/2024,-0.01
25/10/2024,-0.01
26/10/2024,-0.01
27/10/2024,-0.01
28/10/2024,-0.01
29/10/2024,-0.01
30/10/2024,-0.01
31/10/2024,-0.01
01/11/2024,-0.39
02/11/2024,-0.39
03/11/2024,-0.39
04/11/2024,-0.39
05/11/2024,-0.39
06/11/2024,-0.39
07/11/2024,-0.39
08/11/2024,-0.39
09/11/2024,-0.39
10/11/2024,-0.39
11/11/2024,-0.39
12/11/2024,-0.39
13/11/2024,-0.39
14/11/2024,-0.39
15/11/2024,-0.39
16/11/2024,-0.39
17/11/2024,-0.39
18/11/2024,-0.39
19/11/2024,-0.39
20/11/2024,-0.39
21/11/2024,-0.39
22/11/2024,-0.39
23/11/2024,-0.39
24/11/2024,-0.39
25/11/2024,-0.39
26/11/2024,-0.39
27/11/2024,-0.39
28/11/2024,-0.39
29/11/2024,-0.39
30/11/2024,-0.39
01/12/2024,0.31
02/12/2024,0.31
03/12/2024,0.31
04/12/2024,0.31
05/12/2024,0.31
06/12/2024,0.31
07/12/2024,0.31
08/12/2024,0.31
09/12/2024,0.31
10/12/2024,0.31
11/12/2024,0.31
12/12/2024,0.31
13/12/2024,0.31
14/12/2024,0.31
15/12/2024,0.31
16/12/2024,0.31
17/12/2024,0.31
18/12/2024,0.31
19/12/2024,0.31
20/12/2024,0.31
21/12/2024,0.31
22/12/2024,0.31
23/12/2024,0.31
24/12/2024,0.31
25/12/2024,0.31
26/12/2024,0.31
27/12/2024,0.31
28/12/2024,0.31
29/12/2024,0.31
30/12/2024,0.31
31/12/2024,0.31
01/01/2025,0.47
02/01/2025,0.47
03/01/2025,0.47
04/01/2025,0.47
05/01/2025,0.47
06/01/2025,0.47
07/01/2025,0.47
08/01/2025,0.47
09/01/2025,0.47
10/01/2025,0.47
11/01/2025,0.47
12/01/2025,0.47
13/01/2025,0.47
14/01/2025,0.47
15/01/2025,0.47
16/01/2025,0.47
17/01/2025,0.47
18/01/2025,0.47
19/01/2025,0.47
20/01/2025,0.47
21/01/2025,0.47
22/01/2025,0.47
23/01/2025,0.47
24/01/2025,0.47
25/01/2025,0.47
26/01/2025,0.47
27/01/2025,0.47
28/01/2025,0.47
29/01/2025,0.47
30/01/2025,0.47
31/01/2025,0.47
01/02/2025,0.18
02/02/2025,0.18
03/02/2025,0.18
04/02/2025,0.18
05/02/2025,0.18
06/02/2025,0.18
07/02/2025,0.18
08/02/2025,0.18
09/02/2025,0.18
10/02/2025,0.18
11/02/2025,0.18
12/02/2025,0.18
13/02/2025,0.18
14/02/2025,0.18
15/02/2025,0.18
16/02/2025,0.18
17/02/2025,0.18
18/02/2025,0.18
19/02/2025,0.18
20/02/2025,0.18
21/02/2025,0.18
22/02/2025,0.18
23/02/2025,0.18
24/02/2025,0.18
25/02/2025,0.18
26/02/2025,0.18
27/02/2025,0.18
28/02/2025,0.18
01/03/2025,1.57
02/03/2025,1.57
03/03/2025,1.57
04/03/2025,1.57
05/03/2025,1.57
06/03/2025,1.57
07/03/2025,1.57
08/03/2025,1.57
09/03/2025,1.57
10/03/2025,1.57
11/03/2025,1.57
12/03/2025,1.57
13/03/2025,1.57
14/03/2025,1.57
15/03/2025,1.57
16/03/2025,1.57
17/03/2025,1.57
18/03/2025,1.57
19/03/2025,1.57
20/03/2025,1.57
21/03/2025,1.57
22/03/2025,1.57
23/03/2025,1.57
24/03/2025,1.57
25/03/2025,1.57
26/03/2025,1.57
27/03/2025,1.57
28/03/2025,1.57
29/03/2025,1.57
30/03/2025,1.57
31/03/2025,1.57
01/04/2025,0.39
02/04/2025,0.39
03/04/2025,0.39
04/04/2025,0.39
05/04/2025,0.39
06/04/2025,0.39
07/04/2025,0.39
08/04/2025,0.39
09/04/2025,0.39
10/04/2025,0.39
11/04/2025,0.39
12/04/2025,0.39
13/04/2025,0.39
14/04/2025,0.39
15/04/2025,0.39
16/04/2025,0.39
17/04/2025,0.39
18/04/2025,0.39
19/04/2025,0.39
20/04/2025,0.39
21/04/2025,0.39
22/04/2025,0.39
23/04/2025,0.39
24/04/2025,0.39
25/04/2025,0.39
26/04/2025,0.39
27/04/2025,0.39
28/04/2025,0.39
29/04/2025,0.39
30/04/2025,0.39
01/05/2025,-3.44
02/05/2025,-3.44
03/05/2025,-3.44
04/05/2025,-3.44
05/05/2025,-3.44
06/05/2025,-3.44
07/05/2025,-3.44
08/05/2025,-3.44
09/05/2025,-3.44
10/05/2025,-3.44
11/05/2025,-3.44
12/05/2025,-3.44
13/05/2025,-3.44
14/05/2025,-3.44
15/05/2025,-3.44
16/05/2025,-3.44
17/05/2025,-3.44
18/05/2025,-3.44
19/05/2025,-3.44
20/05/2025,-3.44
21/05/2025,-3.44
22/05/2025,-3.44
23/05/2025,-3.44
24/05/2025,-3.44
25/05/2025,-3.44
26/05/2025,-3.44
27/05/2025,-3.44
28/05/2025,-3.44
29/05/2025,-3.44
30/05/2025,-3.44
31/05/2025,-3.44
01/06/2025,-2.91
02/06/2025,-2.91
03/06/2025,-2.91
04/06/2025,-2.91
05/06/2025,-2.91
06/06/2025,-2.91
07/06/2025,-2.91
08/06/2025,-2.91
09/06/2025,-2.91
10/06/2025,-2.91
11/06/2025,-2.91
12/06/2025,-2.91
13/06/2025,-2.91
14/06/2025,-2.91
15/06/2025,-2.91
16/06/2025,-2.91
17/06/2025,-2.91
18/06/2025,-2.91
19/06/2025,-2.91
20/06/2025,-2.91
21/06/2025,-2.91
22/06/2025,-2.91
23/06/2025,-2.91
24/06/2025,-2.91
25/06/2025,-2.91
26/06/2025,-2.91
27/06/2025,-2.91
28/06/2025,-2.91
29/06/2025,-2.91
30/06/2025,-2.91
01/07/2025,-3.72
02/07/2025,-3.72
03/07/2025,-3.72
04/07/2025,-3.72
05/07/2025,-3.72
06/07/2025,-3.72
07/07/2025,-3.72
08/07/2025,-3.72
09/07/2025,-3.72
10/07/2025,-3.72
11/07/2025,-3.72
12/07/2025,-3.72
13/07/2025,-3.72
14/07/2025,-3.72
15/07/2025,-3.72
16/07/2025,-3.72
17/07/2025,-3.72
18/07/2025,-3.72
19/07/2025,-3.72
20/07/2025,-3.72
21/07/2025,-3.72
22/07/2025,-3.72
23/07/2025,-3.72
24/07/2025,-3.72
25/07/2025,-3.72
26/07/2025,-3.72
27/07/2025,-3.72
28/07/2025,-3.72
29/07/2025,-3.72
30/07/2025,-3.72
31/07/2025,-3.72
01/08/2025,-2.4
02/08/2025,-2.4
03/08/2025,-2.4
04/08/2025,-2.4
05/08/2025,-2.4
06/08/2025,-2.4
07/08/2025,-2.4
08/08/2025,-2.4
09/08/2025,-2.4
10/08/2025,-2.4
11/08/2025,-2.4
12/08/2025,-2.4
13/08/2025,-2.4
14/08/2025,-2.4
15/08/2025,-2.4
16/08/2025,-2.4
17/08/2025,-2.4
18/08/2025,-2.4
19/08/2025,-2.4
20/08/2025,-2.4
21/08/2025,-2.4
22/08/2025,-2.4
23/08/2025,-2.4
24/08/2025,-2.4
25/08/2025,-2.4
26/08/2025,-2.4
27/08/2025,-2.4
28/08/2025,-2.4
29/08/2025,-2.4
30/08/2025,-2.4
31/08/2025,-2.4
01/09/2025,-3.85
02/09/2025,-3.85
03/09/2025,-3.85
04/09/2025,-3.85
05/09/2025,-3.85
06/09/2025,-3.85
07/09/2025,-3.85
08/09/2025,-3.85
09/09/2025,-3.85
10/09/2025,-3.85
11/09/2025,-3.85
12/09/2025,-3.85
13/09/2025,-3.85
14/09/2025,-3.85
15/09/2025,-3.85
16/09/2025,-3.85
17/09/2025,-3.85
18/09/2025,-3.85
19/09/2025,-3.85
20/09/2025,-3.85
21/09/2025,-3.85
22/09/2025,-3.85
23/09/2025,-3.85
24/09/2025,-3.85
25/09/2025,-3.85
26/09/2025,-3.85
27/09/2025,-3.85
28/09/2025,-3.85
29/09/2025,-3.85
30/09/2025,-3.85
01/10/2025,1.97
02/10/2025,1.97
03/10/2025,1.97
04/10/2025,1.97
05/10/2025,1.97
06/10/2025,1.97
07/10/2025,1.97
08/10/2025,1.97
09/10/2025,1.97
10/10/2025,1.97
11/10/2025,1.97
12/10/2025,1.97
13/10/2025,1.97
14/10/2025,1.97
15/10/2025,1.97
16/10/2025,1.97
17/10/2025,1.97
18/10/2025,1.97
19/10/2025,1.97
20/10/2025,1.97
21/10/2025,1.97
22/10/2025,1.97
23/10/2025,1.97
24/10/2025,1.97
25/10/2025,1.97
26/10/2025,1.97
27/10/2025,1.97
28/10/2025,1.97
29/10/2025,1.97
30/10/2025,1.97
31/10/2025,1.97
01/11/2025,1.43
02/11/2025,1.43
03/11/2025,1.43
04/11/2025,1.43
05/11/2025,1.43
06/11/2025,1.43
07/11/2025,1.43
08/11/2025,1.43
09/11/2025,1.43
10/11/2025,1.43
11/11/2025,1.43
12/11/2025,1.43
13/11/2025,1.43
14/11/2025,1.43
15/11/2025,1.43
16/11/2025,1.43
17/11/2025,1.43
18/11/2025,1.43
19/11/2025,1.43
20/11/2025,1.43
21/11/2025,1.43
22/11/2025,1.43
23/11/2025,1.43
24/11/2025,1.43
25/11/2025,1.43
26/11/2025,1.43
27/11/2025,1.43
28/11/2025,1.43
29/11/2025,1.43
30/11/2025,1.43
01/12/2025,-0.0
02/12/2025,-0.0
03/12/2025,-0.0
04/12/2025,-0.0
05/12/2025,-0.0
06/12/2025,-0.0
07/12/2025,-0.0
08/12/2025,-0.0
09/12/2025,-0.0
10/12/2025,-0.0
11/12/2025,-0.0
12/12/2025,-0.0
13/12/2025,-0.0
14/12/2025,-0.0
15/12/2025,-0.0
16/12/2025,-0.0
17/12/2025,-0.0
18/12/2025,-0.0
19/12/2025,-0.0
20/12/2025,-0.0
21/12/2025,-0.0
22/12/2025,-0.0
23/12/2025,-0.0
24/12/2025,-0.0
25/12/2025,-0.0
26/12/2025,-0.0
27/12/2025,-0.0
28/12/2025,-0.0
29/12/2025,-0.0
30/12/2025,-0.0
31/12/2025,-0.0
