data,TEMPERATURA
01/01/2020,30.67
02/01/2020,28.33
03/01/2020,26
04/01/2020,25.95
05/01/2020,28.1
06/01/2020,27.04
07/01/2020,27
08/01/2020,30.2
09/01/2020,30.83
10/01/2020,33.02
11/01/2020,29.48
12/01/2020,31.47
13/01/2020,26.76
14/01/2020,33.92
15/01/2020,34.2
16/01/2020,33.5
17/01/2020,27.1
18/01/2020,33.68
19/01/2020,31.33
20/01/2020,29.58
21/01/2020,31.2
22/01/2020,27.15
23/01/2020,27.33
24/01/2020,27.76
25/01/2020,27.77
26/01/2020,28.53
27/01/2020,29.09
28/01/2020,28.88
29/01/2020,28.38
30/01/2020,32
31/01/2020,31.93
01/02/2020,32.84
02/02/2020,34.04
03/02/2020,30.44
04/02/2020,27.36
05/02/2020,27.82
06/02/2020,26.89
07/02/2020,25.36
08/02/2020,24.8
09/02/2020,25.2
10/02/2020,29.58
11/02/2020,33.7
12/02/2020,24.45
13/02/2020,31.18
14/02/2020,34.13
15/02/2020,33.56
16/02/2020,30.66
17/02/2020,27.5
18/02/2020,30.07
19/02/2020,29.29
20/02/2020,29
21/02/2020,29.2
22/02/2020,28.62
23/02/2020,30.46
24/02/2020,28.61
25/02/2020,32.06
26/02/2020,28
27/02/2020,31.82
28/02/2020,28.23
29/02/2020,27.51
01/03/2020,28.57
02/03/2020,28.18
03/03/2020,29.41
04/03/2020,28.33
05/03/2020,29.12
06/03/2020,26.71
07/03/2020,26.44
08/03/2020,29.02
09/03/2020,28.28
10/03/2020,29.16
11/03/2020,29.29
12/03/2020,27.62
13/03/2020,30.5
14/03/2020,30.4
15/03/2020,28.18
16/03/2020,28.08
17/03/2020,31.26
18/03/2020,31.43
19/03/2020,31.9
20/03/2020,28.93
21/03/2020,28.51
22/03/2020,27.84
23/03/2020,30.6
24/03/2020,27.6
25/03/2020,28.22
26/03/2020,28.38
27/03/2020,29.96
28/03/2020,29.58
29/03/2020,30.95
30/03/2020,32.51
31/03/2020,32.68
01/04/2020,32.4
02/04/2020,32.51
03/04/2020,33.39
04/04/2020,33.31
05/04/2020,34.43
06/04/2020,33.3
07/04/2020,30.55
08/04/2020,30.29
09/04/2020,31.16
10/04/2020,30.45
11/04/2020,28.2
12/04/2020,28.4
13/04/2020,30.4
14/04/2020,28.85
15/04/2020,26.5
16/04/2020,28.5
17/04/2020,29.85
18/04/2020,25
19/04/2020,29.3
20/04/2020,27.92
21/04/2020,28.8
22/04/2020,29
23/04/2020,29.4
24/04/2020,28.11
25/04/2020,30.64
26/04/2020,30.53
27/04/2020,30.61
28/04/2020,30.54
29/04/2020,30.57
30/04/2020,31.48
01/05/2020,30.87
02/05/2020,30.66
03/05/2020,30.96
04/05/2020,31.32
05/05/2020,31.11
06/05/2020,29.65
07/05/2020,25.63
08/05/2020,30.14
09/05/2020,29.93
10/05/2020,30.28
11/05/2020,30.28
12/05/2020,30.34
13/05/2020,30.59
14/05/2020,30.91
15/05/2020,30.5
16/05/2020,30.49
17/05/2020,30.87
18/05/2020,26.7
19/05/2020,27.66
20/05/2020,30.55
21/05/2020,30.32
22/05/2020,31.07
23/05/2020,31.31
24/05/2020,27.25
25/05/2020,28.02
26/05/2020,28.07
27/05/2020,27.79
28/05/2020,29.09
29/05/2020,29.82
30/05/2020,28.57
31/05/2020,29.15
01/06/2020,29.46
02/06/2020,29.63
03/06/2020,30.91
04/06/2020,31.41
05/06/2020,31.69
06/06/2020,31.33
07/06/2020,31.38
08/06/2020,30.82
09/06/2020,30.92
10/06/2020,30.9
11/06/2020,31.04
12/06/2020,31.09
13/06/2020,30
14/06/2020,31.15
15/06/2020,30.94
16/06/2020,29.56
17/06/2020,29.22
18/06/2020,29.2
19/06/2020,29.49
20/06/2020,30.36
21/06/2020,30.22
22/06/2020,29.75
23/06/2020,29.93
24/06/2020,30.48
25/06/2020,30.67
26/06/2020,31.34
27/06/2020,30.03
28/06/2020,31.57
29/06/2020,30.44
30/06/2020,29.49
01/07/2020,30.23
02/07/2020,30.78
03/07/2020,31.48
04/07/2020,31.55
05/07/2020,30.92
06/07/2020,30.89
07/07/2020,30.51
08/07/2020,31.36
09/07/2020,30.7
10/07/2020,30.71
11/07/2020,31.26
12/07/2020,30.93
13/07/2020,32.11
14/07/2020,31.86
15/07/2020,31.57
16/07/2020,30.92
17/07/2020,31.56
18/07/2020,29.83
19/07/2020,30.7
20/07/2020,30.5
21/07/2020,30.64
22/07/2020,30.82
23/07/2020,30.39
24/07/2020,30.57
25/07/2020,30.79
26/07/2020,30.72
27/07/2020,29.9
28/07/2020,30.18
29/07/2020,31.91
30/07/2020,32.29
31/07/2020,31.26
01/08/2020,29.09
02/08/2020,31.23
03/08/2020,31.32
04/08/2020,30.9
05/08/2020,31.06
06/08/2020,30.29
07/08/2020,28.93
08/08/2020,30.38
09/08/2020,31.58
10/08/2020,32.33
11/08/2020,32.31
12/08/2020,33.32
13/08/2020,34.26
14/08/2020,33.91
15/08/2020,34.77
16/08/2020,34.5
17/08/2020,34.66
18/08/2020,36.19
19/08/2020,35.31
20/08/2020,34.9
21/08/2020,30.94
22/08/2020,31.7
23/08/2020,33.08
24/08/2020,34.15
25/08/2020,34.93
26/08/2020,34.34
27/08/2020,34.84
28/08/2020,35.23
29/08/2020,36.3
30/08/2020,36.26
31/08/2020,36.17
01/09/2020,35.68
02/09/2020,34.38
03/09/2020,34.23
04/09/2020,33.79
05/09/2020,35.37
06/09/2020,35.24
07/09/2020,35.52
08/09/2020,36.8
09/09/2020,37.03
10/09/2020,36.79
11/09/2020,37.06
12/09/2020,36.44
13/09/2020,34.68
14/09/2020,35.29
15/09/2020,35.51
16/09/2020,35.79
17/09/2020,36.84
18/09/2020,37.2
19/09/2020,37.21
20/09/2020,35.37
21/09/2020,34.33
22/09/2020,27.1
23/09/2020,34.09
24/09/2020,35.45
25/09/2020,35.77
26/09/2020,32.75
27/09/2020,35.2
28/09/2020,38.73
29/09/2020,40.19
30/09/2020,37.45
01/10/2020,35.81
02/10/2020,38.31
03/10/2020,37.53
04/10/2020,37.71
05/10/2020,38.51
06/10/2020,36.56
07/10/2020,36.04
08/10/2020,37.61
09/10/2020,36.61
10/10/2020,33.62
11/10/2020,29.25
12/10/2020,32.24
13/10/2020,32.34
14/10/2020,32.14
15/10/2020,34.93
16/10/2020,34.74
17/10/2020,37.38
18/10/2020,33.51
19/10/2020,27.1
20/10/2020,34.94
21/10/2020,35.51
22/10/2020,36.67
23/10/2020,33.51
24/10/2020,28.55
25/10/2020,28.54
26/10/2020,33.22
27/10/2020,30.15
28/10/2020,25.65
29/10/2020,30.88
30/10/2020,33.6
31/10/2020,26.45
01/11/2020,27.6
02/11/2020,26.13
03/11/2020,29.78
04/11/2020,28.7
05/11/2020,33.4
06/11/2020,34.14
07/11/2020,28.11
08/11/2020,35.58
09/11/2020,34.98
10/11/2020,30.53
11/11/2020,35.63
12/11/2020,33.34
13/11/2020,27
14/11/2020,32.59
15/11/2020,30.98
16/11/2020,29.31
17/11/2020,29.13
18/11/2020,30.6
19/11/2020,26.63
20/11/2020,29.06
21/11/2020,31.37
22/11/2020,28.98
23/11/2020,30.43
24/11/2020,31.54
25/11/2020,33.13
26/11/2020,33.15
27/11/2020,33.53
28/11/2020,33.9
29/11/2020,33.03
30/11/2020,32.55
01/12/2020,34.7
02/12/2020,36.6
03/12/2020,34.73
04/12/2020,30.6
05/12/2020,32.13
06/12/2020,25.13
07/12/2020,31.95
08/12/2020,32.56
09/12/2020,26.29
10/12/2020,28.7
11/12/2020,27.55
12/12/2020,28.35
13/12/2020,30.65
14/12/2020,35.15
15/12/2020,34.03
16/12/2020,34.7
17/12/2020,30.84
18/12/2020,29.86
19/12/2020,33.7
20/12/2020,30.6
21/12/2020,27.82
22/12/2020,29.28
23/12/2020,27.26
24/12/2020,29.04
25/12/2020,28.09
26/12/2020,27.07
27/12/2020,31.32
28/12/2020,33.1
29/12/2020,34.16
30/12/2020,34.54
31/12/2020,33.4
01/01/2021,30.67
02/01/2021,28.33
03/01/2021,26
04/01/2021,29.7
05/01/2021,33.23
06/01/2021,35.23
07/01/2021,33.75
08/01/2021,32.46
09/01/2021,31.52
10/01/2021,31.88
11/01/2021,30.35
12/01/2021,31
13/01/2021,29.3
14/01/2021,26.54
15/01/2021,28.57
16/01/2021,24.93
17/01/2021,29.41
18/01/2021,30.18
19/01/2021,29.73
20/01/2021,33.68
21/01/2021,31.45
22/01/2021,27.84
23/01/2021,30.57
24/01/2021,32.5
25/01/2021,30.63
26/01/2021,33.95
27/01/2021,28.75
28/01/2021,32.1
29/01/2021,32.4
30/01/2021,32.9
31/01/2021,28.9
01/02/2021,32.8
02/02/2021,30.2
03/02/2021,29.95
04/02/2021,30.65
05/02/2021,28.89
06/02/2021,28.93
07/02/2021,26.25
08/02/2021,24.83
09/02/2021,29.3
10/02/2021,28.84
11/02/2021,30.87
12/02/2021,26.4
13/02/2021,28.78
14/02/2021,30.17
15/02/2021,27
16/02/2021,26.4
17/02/2021,27.88
18/02/2021,26.5
19/02/2021,28.88
20/02/2021,26.77
21/02/2021,25.2
22/02/2021,30.27
23/02/2021,26.96
24/02/2021,29.97
25/02/2021,28.61
26/02/2021,27.15
27/02/2021,24.83
28/02/2021,27.78
01/03/2021,26.78
02/03/2021,26.86
03/03/2021,28.92
04/03/2021,28.29
05/03/2021,30.83
06/03/2021,27.49
07/03/2021,30.96
08/03/2021,27.41
09/03/2021,29.37
10/03/2021,28.46
11/03/2021,29.34
12/03/2021,29.54
13/03/2021,28.67
14/03/2021,28.13
15/03/2021,30.86
16/03/2021,30.33
17/03/2021,28.42
18/03/2021,28.16
19/03/2021,26.75
20/03/2021,29.29
21/03/2021,29.76
22/03/2021,30.1
23/03/2021,32.14
24/03/2021,32.71
25/03/2021,32.13
26/03/2021,30.88
27/03/2021,31.71
28/03/2021,32.94
29/03/2021,30.55
30/03/2021,32.98
31/03/2021,33.12
01/04/2021,31.83
02/04/2021,28.02
03/04/2021,30.31
04/04/2021,32.93
05/04/2021,31.05
06/04/2021,29.39
07/04/2021,30.6
08/04/2021,27.37
09/04/2021,29.6
10/04/2021,31.24
11/04/2021,30.18
12/04/2021,30.61
13/04/2021,31.1
14/04/2021,32.05
15/04/2021,29.8
16/04/2021,31.81
17/04/2021,29.9
18/04/2021,28.21
19/04/2021,27.53
20/04/2021,26.33
21/04/2021,28.2
22/04/2021,29.61
23/04/2021,30.17
24/04/2021,31.63
25/04/2021,31.91
26/04/2021,28.98
27/04/2021,30.46
28/04/2021,29.9
29/04/2021,28.13
30/04/2021,28.23
01/05/2021,29.91
02/05/2021,29.72
03/05/2021,30.51
04/05/2021,30.06
05/05/2021,30.54
06/05/2021,30.29
07/05/2021,28.85
08/05/2021,30.49
09/05/2021,32.18
10/05/2021,30.68
11/05/2021,29.74
12/05/2021,30.66
13/05/2021,31.42
14/05/2021,32.19
15/05/2021,30.2
16/05/2021,29.8
17/05/2021,30.48
18/05/2021,28.98
19/05/2021,30.17
20/05/2021,31.18
21/05/2021,32.56
22/05/2021,32.12
23/05/2021,30.7
24/05/2021,31.24
25/05/2021,32.93
26/05/2021,32.61
27/05/2021,31.6
28/05/2021,31.07
29/05/2021,30.42
30/05/2021,31.28
31/05/2021,30.97
01/06/2021,31.48
02/06/2021,31.31
03/06/2021,32.59
04/06/2021,31.73
05/06/2021,30.93
06/06/2021,31.05
07/06/2021,31.07
08/06/2021,31.01
09/06/2021,31.86
10/06/2021,32.29
11/06/2021,31.08
12/06/2021,30.1
13/06/2021,30.83
14/06/2021,31.66
15/06/2021,29.73
16/06/2021,29.52
17/06/2021,30.82
18/06/2021,30.75
19/06/2021,32.29
20/06/2021,31.37
21/06/2021,32.78
22/06/2021,32.07
23/06/2021,32.01
24/06/2021,32.6
25/06/2021,31.47
26/06/2021,30.7
27/06/2021,30.34
28/06/2021,30.28
29/06/2021,25.77
30/06/2021,25.21
01/07/2021,28.66
02/07/2021,31.14
03/07/2021,31.79
04/07/2021,30.78
05/07/2021,31.07
06/07/2021,31.56
07/07/2021,32.01
08/07/2021,30.02
09/07/2021,31.93
10/07/2021,31.49
11/07/2021,30.9
12/07/2021,31.98
13/07/2021,32.63
14/07/2021,31.93
15/07/2021,31.47
16/07/2021,32.42
17/07/2021,33.24
18/07/2021,32.89
19/07/2021,31.2
20/07/2021,31.66
21/07/2021,33.47
22/07/2021,32.63
23/07/2021,31.9
24/07/2021,31.37
25/07/2021,31.57
26/07/2021,31.73
27/07/2021,32.58
28/07/2021,33.08
29/07/2021,27.14
30/07/2021,29.06
31/07/2021,32.66
01/08/2021,33.16
02/08/2021,32.48
03/08/2021,32.72
04/08/2021,32.49
05/08/2021,32.51
06/08/2021,32.31
07/08/2021,31.58
08/08/2021,31.83
09/08/2021,32.83
10/08/2021,34.24
11/08/2021,35.07
12/08/2021,35.17
13/08/2021,34.64
14/08/2021,34.72
15/08/2021,34.63
16/08/2021,34.79
17/08/2021,34.9
18/08/2021,34.39
19/08/2021,32.88
20/08/2021,33.34
21/08/2021,34.32
22/08/2021,34.92
23/08/2021,35.66
24/08/2021,36.3
25/08/2021,36.35
26/08/2021,35.38
27/08/2021,35.89
28/08/2021,36.44
29/08/2021,35.76
30/08/2021,34.91
31/08/2021,34.88
01/09/2021,32.11
02/09/2021,27.82
03/09/2021,28.53
04/09/2021,29.24
05/09/2021,30.6
06/09/2021,29.48
07/09/2021,30.2
08/09/2021,29.75
09/09/2021,29.76
10/09/2021,30.16
11/09/2021,31.04
12/09/2021,29.35
13/09/2021,29.26
14/09/2021,29
15/09/2021,29.91
16/09/2021,30.62
17/09/2021,30.39
18/09/2021,29.45
19/09/2021,29.14
20/09/2021,29.69
21/09/2021,30.38
22/09/2021,30.57
23/09/2021,30.48
24/09/2021,25.2
25/09/2021,26.91
26/09/2021,23.58
27/09/2021,26.15
28/09/2021,29.21
29/09/2021,29.5
30/09/2021,28.49
01/10/2021,28.61
02/10/2021,26.48
03/10/2021,26.73
04/10/2021,28.3
05/10/2021,29.25
06/10/2021,31.53
07/10/2021,30.58
08/10/2021,30.4
09/10/2021,29.21
10/10/2021,28.65
11/10/2021,26.04
12/10/2021,28.41
13/10/2021,29.91
14/10/2021,26.56
15/10/2021,27.45
16/10/2021,25.74
17/10/2021,27.25
18/10/2021,28.22
19/10/2021,25.43
20/10/2021,28.71
21/10/2021,28.65
22/10/2021,24.99
23/10/2021,25.8
24/10/2021,28.22
25/10/2021,27.18
26/10/2021,28.83
27/10/2021,27.76
28/10/2021,29.56
29/10/2021,29.53
30/10/2021,27.4
31/10/2021,27.72
01/11/2021,26.45
02/11/2021,26.84
03/11/2021,25.01
04/11/2021,26.47
05/11/2021,25.67
06/11/2021,26.41
07/11/2021,24.59
08/11/2021,26.27
09/11/2021,25.93
10/11/2021,24.06
11/11/2021,25.05
12/11/2021,25.9
13/11/2021,26.88
14/11/2021,26.01
15/11/2021,24.59
16/11/2021,25.67
17/11/2021,27.72
18/11/2021,25.15
19/11/2021,27
20/11/2021,26.55
21/11/2021,27.63
22/11/2021,26.88
23/11/2021,26.38
24/11/2021,26.57
25/11/2021,28.23
26/11/2021,28.03
27/11/2021,28.87
28/11/2021,28.56
29/11/2021,24.1
30/11/2021,26.65
01/12/2021,26.05
02/12/2021,26.01
03/12/2021,26.6
04/12/2021,25.97
05/12/2021,25.37
06/12/2021,26.65
07/12/2021,26.67
08/12/2021,25.89
09/12/2021,25.84
10/12/2021,26.44
11/12/2021,25.7
12/12/2021,25.53
13/12/2021,26.21
14/12/2021,26.66
15/12/2021,27.28
16/12/2021,25.82
17/12/2021,26.39
18/12/2021,25.9
19/12/2021,25.72
20/12/2021,26.63
21/12/2021,26.62
22/12/2021,26.15
23/12/2021,25.89
24/12/2021,24.92
25/12/2021,25.11
26/12/2021,26.91
27/12/2021,25.81
28/12/2021,26.49
29/12/2021,25.02
30/12/2021,24.95
31/12/2021,24.6
01/01/2022,24.8
02/01/2022,25.86
03/01/2022,26.43
04/01/2022,25.82
05/01/2022,25.28
06/01/2022,24.71
07/01/2022,25.99
08/01/2022,24.22
09/01/2022,24.83
10/01/2022,26.06
11/01/2022,24.8
12/01/2022,23.81
13/01/2022,25.6
14/01/2022,27.6
15/01/2022,29.43
16/01/2022,28.74
17/01/2022,26.38
18/01/2022,26.6
19/01/2022,26.06
20/01/2022,27.25
21/01/2022,27.55
22/01/2022,28.9
23/01/2022,29.93
24/01/2022,26.41
25/01/2022,26.08
26/01/2022,25.81
27/01/2022,26
28/01/2022,25.92
29/01/2022,24.91
30/01/2022,25.11
31/01/2022,24.83
01/02/2022,26.44
02/02/2022,28.18
03/02/2022,26.58
04/02/2022,28
05/02/2022,25.96
06/02/2022,26.16
07/02/2022,26.69
08/02/2022,26.66
09/02/2022,25.82
10/02/2022,26.01
11/02/2022,24.88
12/02/2022,25.8
13/02/2022,25.24
14/02/2022,25.58
15/02/2022,27.47
16/02/2022,27
17/02/2022,26.35
18/02/2022,27.25
19/02/2022,23.5
20/02/2022,25.35
21/02/2022,26.8
22/02/2022,26.23
23/02/2022,24.39
24/02/2022,25.5
25/02/2022,28.62
26/02/2022,29.61
27/02/2022,28.33
28/02/2022,29.01
01/03/2022,26.71
02/03/2022,25.38
03/03/2022,24.9
04/03/2022,26.4
05/03/2022,27.12
06/03/2022,25.27
07/03/2022,25.34
08/03/2022,25.31
09/03/2022,25.37
10/03/2022,26.35
11/03/2022,26.88
12/03/2022,25.93
13/03/2022,27.35
14/03/2022,25.53
15/03/2022,27.04
16/03/2022,24.98
17/03/2022,26.77
18/03/2022,26.86
19/03/2022,27.83
20/03/2022,27.59
21/03/2022,25.55
22/03/2022,26.18
23/03/2022,27.35
24/03/2022,26.77
25/03/2022,25.95
26/03/2022,27.99
27/03/2022,27.3
28/03/2022,28.26
29/03/2022,24.38
30/03/2022,26
31/03/2022,28
01/04/2022,27.52
02/04/2022,26.95
03/04/2022,27.96
04/04/2022,27.6
05/04/2022,28.52
06/04/2022,28.97
07/04/2022,27.48
08/04/2022,27.59
09/04/2022,29.44
10/04/2022,28.95
11/04/2022,28.85
12/04/2022,29.2
13/04/2022,27.8
14/04/2022,26.3
15/04/2022,25.92
16/04/2022,26.9
17/04/2022,27.05
18/04/2022,27.14
19/04/2022,27.21
20/04/2022,27.21
21/04/2022,27.61
22/04/2022,26.63
23/04/2022,27.2
24/04/2022,27.65
25/04/2022,27.8
26/04/2022,27.41
27/04/2022,26.68
28/04/2022,27.19
29/04/2022,27.9
30/04/2022,27.25
01/05/2022,26.6
02/05/2022,27.05
03/05/2022,28.24
04/05/2022,27.68
05/05/2022,27.97
06/05/2022,28.26
07/05/2022,26.69
08/05/2022,27.33
09/05/2022,27.55
10/05/2022,27.11
11/05/2022,27.05
12/05/2022,26.63
13/05/2022,26.54
14/05/2022,26.95
15/05/2022,27.01
16/05/2022,27.59
17/05/2022,26.66
18/05/2022,21.79
19/05/2022,18.83
20/05/2022,19.26
21/05/2022,20.88
22/05/2022,21.82
23/05/2022,23.39
24/05/2022,25.5
25/05/2022,25.2
26/05/2022,24.83
27/05/2022,25.65
28/05/2022,25.87
29/05/2022,25.34
30/05/2022,24.8
31/05/2022,25.49
01/06/2022,26.41
02/06/2022,26.9
03/06/2022,27.07
04/06/2022,26.02
05/06/2022,25.62
06/06/2022,25.15
07/06/2022,25.01
08/06/2022,24.97
09/06/2022,24.77
10/06/2022,25.08
11/06/2022,25.13
12/06/2022,25.06
13/06/2022,25.15
14/06/2022,25.75
15/06/2022,26.58
16/06/2022,26.2
17/06/2022,25.62
18/06/2022,25.15
19/06/2022,25.88
20/06/2022,24.82
21/06/2022,25.2
22/06/2022,24.84
23/06/2022,25.44
24/06/2022,25.42
25/06/2022,26.13
26/06/2022,25.01
27/06/2022,24.6
28/06/2022,24.09
29/06/2022,24.62
30/06/2022,24.27
01/07/2022,25.1
02/07/2022,25.66
03/07/2022,26.42
04/07/2022,24.35
05/07/2022,23.56
06/07/2022,24.81
07/07/2022,25.07
08/07/2022,25.67
09/07/2022,26.15
10/07/2022,25.06
11/07/2022,24.28
12/07/2022,25
13/07/2022,24.95
14/07/2022,25.25
15/07/2022,26.62
16/07/2022,26.87
17/07/2022,25.82
18/07/2022,25.09
19/07/2022,24.78
20/07/2022,26.41
21/07/2022,25.17
22/07/2022,26.44
23/07/2022,26.8
24/07/2022,25.73
25/07/2022,25.25
26/07/2022,25.5
27/07/2022,24.85
28/07/2022,24.89
29/07/2022,24.6
30/07/2022,24.69
31/07/2022,26.62
01/08/2022,25.66
02/08/2022,26.09
03/08/2022,27.6
04/08/2022,26.65
05/08/2022,27.08
06/08/2022,27.5
07/08/2022,28.45
08/08/2022,28.58
09/08/2022,28.01
10/08/2022,27.08
11/08/2022,24.98
12/08/2022,25.96
13/08/2022,27.25
14/08/2022,27.4
15/08/2022,27.36
16/08/2022,29.23
17/08/2022,27.19
18/08/2022,27.15
19/08/2022,27.14
20/08/2022,27.22
21/08/2022,26.43
22/08/2022,25.95
23/08/2022,27.96
24/08/2022,27.01
25/08/2022,28.49
26/08/2022,29.33
27/08/2022,27.83
28/08/2022,28.12
29/08/2022,28.69
30/08/2022,28.02
31/08/2022,27.67
01/09/2022,27.35
02/09/2022,26.3
03/09/2022,27.14
04/09/2022,27.89
05/09/2022,28.28
06/09/2022,29.96
07/09/2022,27.42
08/09/2022,27.57
09/09/2022,28.44
10/09/2022,28.72
11/09/2022,29.23
12/09/2022,31.51
13/09/2022,30.48
14/09/2022,30.12
15/09/2022,29.94
16/09/2022,31.02
17/09/2022,31.22
18/09/2022,28.34
19/09/2022,25.55
20/09/2022,29.38
21/09/2022,28.4
22/09/2022,27.57
23/09/2022,25.42
24/09/2022,28.29
25/09/2022,26.36
26/09/2022,28.44
27/09/2022,29.03
28/09/2022,29
29/09/2022,28.95
30/09/2022,30.4
01/10/2022,30.5
02/10/2022,28.75
03/10/2022,29.91
04/10/2022,29.53
05/10/2022,28.85
06/10/2022,29.01
07/10/2022,27.52
08/10/2022,28.7
09/10/2022,28.02
10/10/2022,28.51
11/10/2022,28.97
12/10/2022,30.4
13/10/2022,29.99
14/10/2022,30.07
15/10/2022,30.5
16/10/2022,29.86
17/10/2022,30.17
18/10/2022,30.38
19/10/2022,30.37
20/10/2022,30.33
21/10/2022,29.12
22/10/2022,26.66
23/10/2022,28.04
24/10/2022,27.92
25/10/2022,25.92
26/10/2022,26.59
27/10/2022,28.17
28/10/2022,28.74
29/10/2022,24.54
30/10/2022,27.61
31/10/2022,29.09
01/11/2022,26
02/11/2022,22.42
03/11/2022,26.23
04/11/2022,27.95
05/11/2022,27.43
06/11/2022,26.65
07/11/2022,27.59
08/11/2022,26.81
09/11/2022,28.36
10/11/2022,27.14
11/11/2022,26.84
12/11/2022,25.61
13/11/2022,27.23
14/11/2022,27.55
15/11/2022,27.24
16/11/2022,26.12
17/11/2022,27.27
18/11/2022,25.9
19/11/2022,26.45
20/11/2022,24.55
21/11/2022,26.61
22/11/2022,26.46
23/11/2022,27.3
24/11/2022,25.73
25/11/2022,25.25
26/11/2022,26.62
27/11/2022,26.3
28/11/2022,27.58
29/11/2022,25.55
30/11/2022,23.57
01/12/2022,25.69
02/12/2022,25.98
03/12/2022,25.13
04/12/2022,25.35
05/12/2022,24.77
06/12/2022,23.88
07/12/2022,27.43
08/12/2022,29.02
09/12/2022,25.45
10/12/2022,27.11
11/12/2022,28.85
12/12/2022,27.78
13/12/2022,27.41
14/12/2022,25.54
15/12/2022,26.89
16/12/2022,24.71
17/12/2022,25.49
18/12/2022,25.18
19/12/2022,24.39
20/12/2022,24.42
21/12/2022,25.1
22/12/2022,23.31
23/12/2022,24.25
24/12/2022,23.84
25/12/2022,24.5
26/12/2022,23.6
27/12/2022,24.66
28/12/2022,24.2
29/12/2022,25.2
30/12/2022,25.73
31/12/2022,25.9
01/01/2023,27.77
02/01/2023,27.11
03/01/2023,26.67
04/01/2023,26.11
05/01/2023,25.7
06/01/2023,24.02
07/01/2023,25.53
08/01/2023,26.04
09/01/2023,25.58
10/01/2023,26.67
11/01/2023,25.2
12/01/2023,27.46
13/01/2023,24.3
14/01/2023,26.59
15/01/2023,27.8
16/01/2023,26.87
17/01/2023,23.68
18/01/2023,25.58
19/01/2023,24.25
20/01/2023,25.85
21/01/2023,26.23
22/01/2023,24.29
23/01/2023,25.41
24/01/2023,25.57
25/01/2023,26.99
26/01/2023,26.52
27/01/2023,24.47
28/01/2023,25.61
29/01/2023,25.99
30/01/2023,25.54
31/01/2023,26.63
01/02/2023,26.19
02/02/2023,25.35
03/02/2023,26.18
04/02/2023,27.69
05/02/2023,27.09
06/02/2023,26.39
07/02/2023,27.1
08/02/2023,26.34
09/02/2023,27.41
10/02/2023,27.95
11/02/2023,28.95
12/02/2023,27.16
13/02/2023,28.78
14/02/2023,30.51
15/02/2023,28.65
16/02/2023,28.53
17/02/2023,27.72
18/02/2023,26.8
19/02/2023,25.17
20/02/2023,25.76
21/02/2023,25.85
22/02/2023,23.97
23/02/2023,27.66
24/02/2023,25.98
25/02/2023,28
26/02/2023,27.39
27/02/2023,26.81
28/02/2023,24.95
01/03/2023,25.62
02/03/2023,27.36
03/03/2023,26.39
04/03/2023,26.11
05/03/2023,27.66
06/03/2023,27.85
07/03/2023,26.77
08/03/2023,25.42
09/03/2023,26.49
10/03/2023,28.03
11/03/2023,26.66
12/03/2023,26.41
13/03/2023,25.83
14/03/2023,25.47
15/03/2023,26.33
16/03/2023,25.47
17/03/2023,25.3
18/03/2023,24.41
19/03/2023,22.7
20/03/2023,24.45
21/03/2023,23.39
22/03/2023,25.28
23/03/2023,24.7
24/03/2023,25.62
25/03/2023,26.31
26/03/2023,27.36
27/03/2023,26.7
28/03/2023,25.43
29/03/2023,26.96
30/03/2023,27.45
31/03/2023,28.34
01/04/2023,26.06
02/04/2023,26.35
03/04/2023,25.06
04/04/2023,26.16
05/04/2023,26.97
06/04/2023,26.57
07/04/2023,24.82
08/04/2023,26.65
09/04/2023,26.65
10/04/2023,26.75
11/04/2023,26.16
12/04/2023,26.94
13/04/2023,25.62
14/04/2023,27.33
15/04/2023,28.14
16/04/2023,28.58
17/04/2023,27.48
18/04/2023,26.36
19/04/2023,27.73
20/04/2023,26.48
21/04/2023,28.34
22/04/2023,27.08
23/04/2023,27.46
24/04/2023,27.4
25/04/2023,27.5
26/04/2023,27.93
27/04/2023,27.77
28/04/2023,28.04
29/04/2023,28.39
30/04/2023,26.93
01/05/2023,26.1
02/05/2023,27.61
03/05/2023,25.94
04/05/2023,25.78
05/05/2023,25.9
06/05/2023,28.05
07/05/2023,27.98
08/05/2023,27.11
09/05/2023,27.13
10/05/2023,28.08
11/05/2023,27.89
12/05/2023,27.75
13/05/2023,27.46
14/05/2023,27.86
15/05/2023,27.47
16/05/2023,28.16
17/05/2023,27.53
18/05/2023,27.49
19/05/2023,27.9
20/05/2023,26.64
21/05/2023,25.77
22/05/2023,26.4
23/05/2023,25.99
24/05/2023,26.63
25/05/2023,26.65
26/05/2023,26.4
27/05/2023,27.35
28/05/2023,26.95
29/05/2023,26.95
30/05/2023,27.31
31/05/2023,25.65
01/06/2023,27.59
02/06/2023,27.93
03/06/2023,27.7
04/06/2023,27.13
05/06/2023,26.29
06/06/2023,25.75
07/06/2023,26.31
08/06/2023,25.86
09/06/2023,26.48
10/06/2023,26.68
11/06/2023,27.95
12/06/2023,27.57
13/06/2023,26.53
14/06/2023,25.74
15/06/2023,25.58
16/06/2023,26.04
17/06/2023,26.57
18/06/2023,26.54
19/06/2023,27.05
20/06/2023,27.07
21/06/2023,26.73
22/06/2023,26.05
23/06/2023,26.2
24/06/2023,27.28
25/06/2023,25.36
26/06/2023,25.55
27/06/2023,25.01
28/06/2023,25.83
29/06/2023,25.67
30/06/2023,25
01/07/2023,25.43
02/07/2023,24.95
03/07/2023,24.94
04/07/2023,25.28
05/07/2023,24.77
06/07/2023,25.05
07/07/2023,24.88
08/07/2023,25.24
09/07/2023,26.12
10/07/2023,26.88
11/07/2023,26.48
12/07/2023,27.24
13/07/2023,26.95
14/07/2023,25.65
15/07/2023,26.47
16/07/2023,27.78
17/07/2023,27.57
18/07/2023,26.88
19/07/2023,27.22
20/07/2023,25.99
21/07/2023,24.64
22/07/2023,25.34
23/07/2023,25.2
24/07/2023,25.46
25/07/2023,25.57
26/07/2023,25.85
27/07/2023,26.12
28/07/2023,26.97
29/07/2023,27.06
30/07/2023,27.8
31/07/2023,28.08
01/08/2023,28.86
02/08/2023,27.1
03/08/2023,26.83
04/08/2023,27.08
05/08/2023,28
06/08/2023,29.03
07/08/2023,28.05
08/08/2023,27.51
09/08/2023,27.65
10/08/2023,28.75
11/08/2023,28
12/08/2023,28.04
13/08/2023,26.42
14/08/2023,27.3
15/08/2023,27.12
16/08/2023,25.97
17/08/2023,27.78
18/08/2023,29
19/08/2023,28.43
20/08/2023,29.19
21/08/2023,28.7
22/08/2023,29.97
23/08/2023,29.63
24/08/2023,29.9
25/08/2023,29.39
26/08/2023,27.13
27/08/2023,28
28/08/2023,28.59
29/08/2023,28.95
30/08/2023,26.87
31/08/2023,28.68
01/09/2023,28.21
02/09/2023,26.99
03/09/2023,29.09
04/09/2023,29.88
05/09/2023,29.09
06/09/2023,30.39
07/09/2023,29.87
08/09/2023,29.21
09/09/2023,29.91
10/09/2023,30.32
11/09/2023,30.31
12/09/2023,30.16
13/09/2023,30.53
14/09/2023,29.61
15/09/2023,30.91
16/09/2023,32.17
17/09/2023,30.25
18/09/2023,29.73
19/09/2023,29.98
20/09/2023,30.7
21/09/2023,30.73
22/09/2023,31.08
23/09/2023,31.73
24/09/2023,31.5
25/09/2023,31.77
26/09/2023,32.03
27/09/2023,29.15
28/09/2023,29.4
29/09/2023,27.59
30/09/2023,29.32
01/10/2023,31.43
02/10/2023,32.21
03/10/2023,30.06
04/10/2023,30.82
05/10/2023,30.3
06/10/2023,28.04
07/10/2023,28.58
08/10/2023,31.14
09/10/2023,30.75
10/10/2023,28.8
11/10/2023,27.23
12/10/2023,28.88
13/10/2023,30.46
14/10/2023,28.56
15/10/2023,28.02
16/10/2023,29.7
17/10/2023,31.03
18/10/2023,30.9
19/10/2023,31.23
20/10/2023,31.11
21/10/2023,32.45
22/10/2023,31.95
23/10/2023,28.71
24/10/2023,28.44
25/10/2023,30.78
26/10/2023,26.1
27/10/2023,27.82
28/10/2023,30.46
29/10/2023,30.65
30/10/2023,30.77
31/10/2023,28.39
01/11/2023,30.55
02/11/2023,28.73
03/11/2023,28.83
04/11/2023,28.4
05/11/2023,29.86
06/11/2023,28.39
07/11/2023,28.57
08/11/2023,27.8
09/11/2023,27.33
10/11/2023,28.83
11/11/2023,29.71
12/11/2023,30.38
13/11/2023,29.62
14/11/2023,30.19
15/11/2023,32.44
16/11/2023,28.78
17/11/2023,29.23
18/11/2023,29.59
19/11/2023,31.23
20/11/2023,28.24
21/11/2023,28.65
22/11/2023,27.97
23/11/2023,27.96
24/11/2023,28.32
25/11/2023,31.03
26/11/2023,28.28
27/11/2023,26.92
28/11/2023,30.41
29/11/2023,30.96
30/11/2023,30.04
01/12/2023,28.26
02/12/2023,29.31
03/12/2023,27.58
04/12/2023,26.31
05/12/2023,27.52
06/12/2023,31.06
07/12/2023,31.95
08/12/2023,30.5
09/12/2023,31.5
10/12/2023,30.94
11/12/2023,26
12/12/2023,28.78
13/12/2023,30.13
14/12/2023,28.43
15/12/2023,29.97
16/12/2023,29.88
17/12/2023,28.41
18/12/2023,28.44
19/12/2023,32.65
20/12/2023,24.42
21/12/2023,28.1
22/12/2023,28.2
23/12/2023,26.82
24/12/2023,33.99
25/12/2023,36.23
26/12/2023,32.69
27/12/2023,35.69
28/12/2023,24.2
29/12/2023,33.66
30/12/2023,25.73
31/12/2023,25.9
01/01/2024,26
#DIV/0!
03/01/2024,27.7
04/01/2024,27.39
#DIV/0!
06/01/2024,29.59
07/01/2024,31.02
08/01/2024,25.38
09/01/2024,29.59
#DIV/0!
#DIV/0!
#DIV/0!
13/01/2024,32.87
14/01/2024,28.82
#DIV/0!
#DIV/0!
#DIV/0!
18/01/2024,30.78
19/01/2024,33.66
20/01/2024,34.6
21/01/2024,33.52
22/01/2024,33.55
23/01/2024,30.32
24/01/2024,28.88
25/01/2024,30.42
26/01/2024,28.44
27/01/2024,29.24
28/01/2024,25.54
29/01/2024,27.75
#DIV/0!
#DIV/0!
#DIV/0!
#DIV/0!
#DIV/0!
04/02/2024,31.52
#DIV/0!
#DIV/0!
#DIV/0!
08/02/2024,29.91
09/02/2024,32.17
#DIV/0!
#DIV/0!
#DIV/0!
#DIV/0!
14/02/2024,35.6
15/02/2024,33.53
16/02/2024,35.05
#DIV/0!
18/02/2024,30.73
#DIV/0!
20/02/2024,29.09
#DIV/0!
22/02/2024,29.43
23/02/2024,28.93
#DIV/0!
#DIV/0!
26/02/2024,33.98
#DIV/0!
28/02/2024,34.04
#DIV/0!
#DIV/0!
#DIV/0!
#DIV/0!
04/03/2024,30.22
#DIV/0!
06/03/2024,32.54
#DIV/0!
#DIV/0!
09/03/2024,31.24
10/03/2024,32.53
11/03/2024,35
#DIV/0!
13/03/2024,28.83
14/03/2024,28.54
15/03/2024,30.24
16/03/2024,27.92
17/03/2024,28.66
18/03/2024,30.17
19/03/2024,27.18
20/03/2024,26.94
21/03/2024,28.13
22/03/2024,28.14
23/03/2024,26.91
24/03/2024,28.15
25/03/2024,25.05
26/03/2024,25.63
27/03/2024,26.85
28/03/2024,24.56
29/03/2024,27.28
30/03/2024,25.73
31/03/2024,27.83
01/04/2024,26.49
02/04/2024,27.09
03/04/2024,27.26
04/04/2024,27.12
05/04/2024,25.14
06/04/2024,26.72
07/04/2024,25.88
08/04/2024,27.51
09/04/2024,27.88
10/04/2024,26.81
11/04/2024,27.78
12/04/2024,27.49
13/04/2024,26.85
14/04/2024,26.36
15/04/2024,27.47
16/04/2024,28.13
17/04/2024,28.88
18/04/2024,28.92
19/04/2024,28.02
20/04/2024,26.86
21/04/2024,27.95
22/04/2024,28.03
23/04/2024,28.8
24/04/2024,27.49
25/04/2024,28.15
26/04/2024,28.38
27/04/2024,28.93
28/04/2024,28.58
29/04/2024,28.18
30/04/2024,28.73
01/05/2024,27.55
02/05/2024,27.55
03/05/2024,27.97
04/05/2024,28.73
05/05/2024,27.43
06/05/2024,27.4
07/05/2024,28.33
08/05/2024,27.57
09/05/2024,27.81
10/05/2024,27.41
11/05/2024,27.37
12/05/2024,27.95
13/05/2024,26.99
14/05/2024,27.95
15/05/2024,27.8
16/05/2024,28.88
17/05/2024,26.94
18/05/2024,26.69
19/05/2024,26.73
20/05/2024,27.75
21/05/2024,28.53
22/05/2024,27.14
23/05/2024,27.43
24/05/2024,27.85
25/05/2024,27.04
26/05/2024,26.85
27/05/2024,26.1
28/05/2024,26.4
29/05/2024,27.07
30/05/2024,27.28
31/05/2024,26.89
01/06/2024,26.58
02/06/2024,25.5
03/06/2024,26.19
04/06/2024,26.38
05/06/2024,26.64
06/06/2024,26.17
07/06/2024,25.56
08/06/2024,26.48
09/06/2024,25.73
10/06/2024,26
11/06/2024,26.37
12/06/2024,27.02
13/06/2024,25.35
14/06/2024,25.5
15/06/2024,25.9
16/06/2024,25.6
17/06/2024,24.56
18/06/2024,24.95
19/06/2024,25.06
20/06/2024,26.6
21/06/2024,26.35
22/06/2024,25.62
23/06/2024,26.21
24/06/2024,26.98
25/06/2024,27.45
26/06/2024,25.24
27/06/2024,25.46
28/06/2024,25.26
29/06/2024,25.71
30/06/2024,25.5
01/07/2024,25.82
02/07/2024,27.07
03/07/2024,25.65
04/07/2024,25.65
05/07/2024,25.92
06/07/2024,26.49
07/07/2024,25.98
08/07/2024,26.56
09/07/2024,26.27
10/07/2024,26.36
11/07/2024,26.48
12/07/2024,26.56
13/07/2024,26.22
14/07/2024,24.98
15/07/2024,24.23
16/07/2024,24.19
17/07/2024,24.4
18/07/2024,24.31
19/07/2024,24.81
20/07/2024,25.13
21/07/2024,23.99
22/07/2024,24.49
23/07/2024,24.9
24/07/2024,25.12
25/07/2024,25.71
26/07/2024,25.3
27/07/2024,25.28
28/07/2024,26.19
29/07/2024,26.99
30/07/2024,27.17
31/07/2024,27.96
01/08/2024,26.95
02/08/2024,26.43
03/08/2024,25.52
04/08/2024,25.56
05/08/2024,24.95
06/08/2024,25.79
07/08/2024,25.9
08/08/2024,26.06
09/08/2024,26.4
10/08/2024,24.38
11/08/2024,26.14
12/08/2024,26.63
13/08/2024,26.81
14/08/2024,27.85
15/08/2024,28.42
16/08/2024,29.48
17/08/2024,29.34
18/08/2024,28.12
19/08/2024,27.8
20/08/2024,28.1
21/08/2024,28.29
22/08/2024,28.91
23/08/2024,29.06
24/08/2024,28.66
25/08/2024,27.83
26/08/2024,25.95
27/08/2024,28.31
28/08/2024,29.19
29/08/2024,28.14
30/08/2024,27.6
31/08/2024,28.19
01/09/2024,28.94
02/09/2024,28.58
03/09/2024,28.68
04/09/2024,28.72
05/09/2024,28.61
06/09/2024,29.36
07/09/2024,29.2
08/09/2024,29.62
09/09/2024,28.81
10/09/2024,28.74
11/09/2024,29.18
12/09/2024,29.21
13/09/2024,29.16
14/09/2024,30.21
15/09/2024,30.24
16/09/2024,30.29
17/09/2024,30.47
18/09/2024,30.6
19/09/2024,31.58
20/09/2024,30.4
21/09/2024,31.05
22/09/2024,30.7
23/09/2024,31.1
24/09/2024,32.14
25/09/2024,31.57
26/09/2024,30.91
27/09/2024,30.66
28/09/2024,31.92
29/09/2024,32.79
30/09/2024,33
01/10/2024,30.93
02/10/2024,31.09
03/10/2024,31.43
04/10/2024,31.32
05/10/2024,32.37
06/10/2024,32.74
07/10/2024,30.28
08/10/2024,30.61
09/10/2024,31.91
10/10/2024,31.42
11/10/2024,29.15
12/10/2024,29.89
13/10/2024,31.77
14/10/2024,30.42
15/10/2024,25.79
16/10/2024,27.58
17/10/2024,27.08
18/10/2024,26.87
19/10/2024,26.24
20/10/2024,27.69
21/10/2024,23.7
22/10/2024,27.65
23/10/2024,31.13
24/10/2024,31.62
25/10/2024,29.39
26/10/2024,28.26
27/10/2024,26.14
28/10/2024,27.03
29/10/2024,28.7
30/10/2024,27.22
31/10/2024,26.47
01/11/2024,26.97
02/11/2024,29.19
03/11/2024,27.9
04/11/2024,27.27
05/11/2024,25.46
06/11/2024,26.89
07/11/2024,26.73
08/11/2024,27.36
09/11/2024,27.1
10/11/2024,27.81
11/11/2024,26.5
12/11/2024,26.72
13/11/2024,27.71
14/11/2024,26.06
15/11/2024,25.47
16/11/2024,26.39
17/11/2024,27.41
18/11/2024,27.72
19/11/2024,28.66
20/11/2024,29.06
21/11/2024,29.35
22/11/2024,26.27
23/11/2024,25.37
24/11/2024,24.49
25/11/2024,26.33
26/11/2024,26.25
27/11/2024,27.81
28/11/2024,28.1
29/11/2024,28.14
30/11/2024,27.6
01/12/2024,27.4
02/12/2024,26.83
03/12/2024,26.68
04/12/2024,27.95
05/12/2024,27.18
06/12/2024,27.75
07/12/2024,28.36
08/12/2024,25.99
09/12/2024,27.64
10/12/2024,26.5
11/12/2024,26.8
12/12/2024,29.2
13/12/2024,28.66
14/12/2024,27.86
15/12/2024,26.75
16/12/2024,27
17/12/2024,26.66
18/12/2024,27.35
19/12/2024,28.68
20/12/2024,27.86
21/12/2024,27.12
22/12/2024,26.13
23/12/2024,28.13
24/12/2024,26.03
25/12/2024,26.53
26/12/2024,26.3
27/12/2024,26.13
28/12/2024,27.14
29/12/2024,27.74
30/12/2024,25.7
31/12/2024,26.66
01/01/2025,27.94
02/01/2025,27.1
03/01/2025,26.14
04/01/2025,28.6
05/01/2025,25.36
06/01/2025,26.09
07/01/2025,26.
08/01/2025,26.09
09/01/2025,24.7
10/01/2025,24.38
11/01/2025,25.59
12/01/2025,24.63
13/01/2025,24.64
14/01/2025,23.81
15/01/2025,24.48
16/01/2025,24.12
17/01/2025,24.94
18/01/2025,26.31
19/01/2025,25.9
20/01/2025,26.82
21/01/2025,26.85
22/01/2025,26.53
23/01/2025,27.65
24/01/2025,29.25
25/01/2025,27.8
26/01/2025,25.82
27/01/2025,27.91
28/01/2025,28.15
29/01/2025,27.94
30/01/2025,26.6
31/01/2025,24.99
01/02/2025,25.93
02/02/2025,25.23
03/02/2025,26.27
04/02/2025,26.7
05/02/2025,27.28
06/02/2025,28.44
07/02/2025,28.82
08/02/2025,29.05
09/02/2025,25.92
10/02/2025,24.05
11/02/2025,23.91
12/02/2025,25.73
13/02/2025,26.37
14/02/2025,28.57
15/02/2025,27.74
16/02/2025,24.95
17/02/2025,27.11
18/02/2025,28.68
19/02/2025,28.11
20/02/2025,29.25
21/02/2025,29.17
22/02/2025,27.5
23/02/2025,27.87
24/02/2025,26.28
25/02/2025,25.68
26/02/2025,25.79
27/02/2025,26.16
28/02/2025,24.92
01/03/2025,26.82
02/03/2025,26.07
03/03/2025,27.82
04/03/2025,28.19
05/03/2025,26.08
06/03/2025,27.39
07/03/2025,28.41
08/03/2025,27.11
09/03/2025,28.18
10/03/2025,29.12
11/03/2025,27.57
12/03/2025,27.54
13/03/2025,28.45
14/03/2025,3.
15/03/2025,29.27
16/03/2025,26.71
17/03/2025,27.69
18/03/2025,27.84
19/03/2025,27.21
20/03/2025,26.38
21/03/2025,26.11
22/03/2025,26.27
23/03/2025,27.23
24/03/2025,26.
25/03/2025,27.78
26/03/2025,26.24
27/03/2025,27.41
28/03/2025,27.3
29/03/2025,26.83
30/03/2025,26.95
31/03/2025,26.49
01/04/2025,28.63
02/04/2025,27.84
03/04/2025,28.4
04/04/2025,29.3
05/04/2025,27.38
06/04/2025,26.98
07/04/2025,28.
08/04/2025,26.86
09/04/2025,27.94
10/04/2025,28.6
11/04/2025,26.53
12/04/2025,27.68
13/04/2025,26.88
14/04/2025,27.55
15/04/2025,27.08
16/04/2025,26.64
17/04/2025,28.2
18/04/2025,28.18
19/04/2025,28.13
20/04/2025,28.16
21/04/2025,28.73
22/04/2025,26.49
23/04/2025,26.58
24/04/2025,27.42
25/04/2025,27.27
26/04/2025,28.53
27/04/2025,25.55
28/04/2025,26.79
29/04/2025,28.26
30/04/2025,27.81
01/05/2025,27.13
02/05/2025,25.62
03/05/2025,26.98
04/05/2025,27.67
05/05/2025,27.63
06/05/2025,27.3
07/05/2025,27.5
08/05/2025,28.34
09/05/2025,27.44
10/05/2025,28.
11/05/2025,28.01
12/05/2025,28.
13/05/2025,26.69
14/05/2025,26.17
15/05/2025,26.04
16/05/2025,26.14
17/05/2025,26.21
18/05/2025,26.42
19/05/2025,26.86
20/05/2025,26.9
21/05/2025,25.83
22/05/2025,26.16
23/05/2025,27.03
24/05/2025,27.75
25/05/2025,27.28
26/05/2025,26.67
27/05/2025,26.4
28/05/2025,26.73
29/05/2025,26.34
30/05/2025,24.65
31/05/2025,26.8
01/06/2025,27.2
02/06/2025,27.92
03/06/2025,27.85
04/06/2025,26.09
05/06/2025,26.07
06/06/2025,26.6
07/06/2025,26.4
08/06/2025,26.05
09/06/2025,26.14
10/06/2025,25.84
11/06/2025,27.18
12/06/2025,27.24
13/06/2025,27.05
14/06/2025,25.99
15/06/2025,25.26
16/06/2025,25.17
17/06/2025,24.31
18/06/2025,25.76
19/06/2025,25.71
20/06/2025,26.01
21/06/2025,24.96
22/06/2025,26.14
23/06/2025,26.28
24/06/2025,24.98
25/06/2025,26.45
26/06/2025,26.83
27/06/2025,26.72
28/06/2025,26.13
29/06/2025,25.97
30/06/2025,26.59
01/07/2025,25.77
02/07/2025,26.36
03/07/2025,26.58
04/07/2025,25.14
05/07/2025,24.64
06/07/2025,24.71
07/07/2025,25.38
08/07/2025,25.86
09/07/2025,25.38
10/07/2025,25.46
11/07/2025,25.98
12/07/2025,24.31
13/07/2025,24.74
14/07/2025,26.16
15/07/2025,23.91
16/07/2025,24.36
17/07/2025,24.97
18/07/2025,25.01
19/07/2025,24.64
20/07/2025,25.25
21/07/2025,25.62
22/07/2025,26.17
23/07/2025,26.8
24/07/2025,26.82
25/07/2025,26.39
26/07/2025,26.75
27/07/2025,26.58
28/07/2025,26.17
29/07/2025,25.61
30/07/2025,27.2
31/07/2025,28.1
01/08/2025,27.19
02/08/2025,27.08
03/08/2025,25.65
04/08/2025,25.13
05/08/2025,25.7
06/08/2025,26.74
07/08/2025,27.48
08/08/2025,27.16
09/08/2025,27.06
10/08/2025,26.78
11/08/2025,27.07
12/08/2025,25.88
13/08/2025,25.92
14/08/2025,25.92
15/08/2025,28.1
16/08/2025,28.28
17/08/2025,28.2
18/08/2025,28.21
19/08/2025,28.35
20/08/2025,28.09
21/08/2025,27.68
22/08/2025,26.08
23/08/2025,26.88
24/08/2025,27.42
25/08/2025,27.6
26/08/2025,28.24
27/08/2025,28.84
28/08/2025,28.84
29/08/2025,29.31
30/08/2025,28.93
31/08/2025,29.07
01/09/2025,29.83
02/09/2025,28.63
03/09/2025,28.23
04/09/2025,27.95
05/09/2025,28.3
06/09/2025,28.9
07/09/2025,29.48
08/09/2025,29.43
09/09/2025,28.83
10/09/2025,30.17
11/09/2025,30.49
12/09/2025,30.33
13/09/2025,29.14
14/09/2025,27.93
15/09/2025,29.01
16/09/2025,29.8
17/09/2025,29.9
18/09/2025,30.85
19/09/2025,28.45
20/09/2025,29.15
21/09/2025,29.61
22/09/2025,27.63
23/09/2025,25.23
24/09/2025,28.01
25/09/2025,29.28
26/09/2025,30.7
27/09/2025,30.4
28/09/2025,30.4
29/09/2025,30.48
30/09/2025,30.92
01/10/2025,29.63
02/10/2025,29.96
03/10/2025,29.8
04/10/2025,30.11
05/10/2025,29.7
06/10/2025,30.63
07/10/2025,30.73
08/10/2025,30.68
09/10/2025,27.27
10/10/2025,28.16
11/10/2025,27.88
12/10/2025,25.12
13/10/2025,28.51
14/10/2025,28.63
15/10/2025,28.17
16/10/2025,29.61
17/10/2025,29.98
18/10/2025,29.44
19/10/2025,26.59
20/10/2025,25.18
21/10/2025,27.04
22/10/2025,26.5
23/10/2025,28.26
24/10/2025,29.39
25/10/2025,30.01
26/10/2025,30.07
27/10/2025,30.06
28/10/2025,31.02
29/10/2025,31.37
30/10/2025,30.85
31/10/2025,29.54
01/11/2025,28.77
02/11/2025,27.92
03/11/2025,27.15
04/11/2025,25.91
05/11/2025,29.01
06/11/2025,27.89
07/11/2025,25.5
08/11/2025,26.8
09/11/2025,28.31
10/11/2025,29.18
11/11/2025,26.55
12/11/2025,26.67
13/11/2025,26.73
14/11/2025,29.52
15/11/2025,30.2
16/11/2025,29.58
17/11/2025,28.9
18/11/2025,27.11
19/11/2025,29.02
20/11/2025,29.95
21/11/2025,27.51
22/11/2025,25.32
23/11/2025,27.31
24/11/2025,28.12
25/11/2025,26.99
26/11/2025,27.9
27/11/2025,27.69
28/11/2025,26.6
29/11/2025,28.44
30/11/2025,27.16
01/12/2025,26.66
02/12/2025,26.13
03/12/2025,27.8
04/12/2025,25.1
05/12/2025,24.81
06/12/2025,25.19
07/12/2025,24.79
08/12/2025,24.33
09/12/2025,26.29
10/12/2025,25.77
11/12/2025,27.62
12/12/2025,27.76
13/12/2025,27.25
14/12/2025,28.88
15/12/2025,26.1
16/12/2025,27.03
17/12/2025,26.62
18/12/2025,25.36
19/12/2025,26.05
20/12/2025,25.06
21/12/2025,25.6
22/12/2025,26.88
23/12/2025,26.22
24/12/2025,27.01
25/12/2025,25.12
26/12/2025,27.27
27/12/2025,29.9
28/12/2025,30.06
29/12/2025,28.14
30/12/2025,27.66
31/12/2025,26.9
