"Category";"Average Mean Surface Air Temperature (°C)"
1950;23,8
1951;23,8
1952;23,56
1953;23,7
1954;24,21
1955;24,18
1956;23,35
1957;24,01
1958;24,54
1959;24,21
1960;23,67
1961;24,82
1962;23,38
1963;24,45
1964;22,92
1965;23,09
1966;23,31
1967;23,46
1968;22,95
1969;24,05
1970;23,89
1971;23,33
1972;23,75
1973;24,17
1974;23,38
1975;23,56
1976;23,35
1977;23,8
1978;23,5
1979;23,47
1980;23,96
1981;23,57
1982;23,76
1983;23,76
1984;23,9
1985;23,52
1986;23,83
1987;24,33
1988;24,06
1989;23,62
1990;24,25
1991;23,98
1992;23,63
1993;24,2
1994;24,49
1995;24,34
1996;24,23
1997;24,09
1998;25,15
1999;24,55
2000;24,2
2001;24,33
2002;25,14
2003;24,41
2004;24,47
2005;24,52
2006;24,12
2007;24,93
2008;24,39
2009;24,56
2010;25,05
2011;24,37
2012;24,79
2013;24,49
2014;24,68
2015;25,16
2016;25,24
2017;24,8
2018;24,42
2019;25,22
2020;24,42
2021;24,2
2022;24,03
2023;24,85
2024;24,85