data,boi_futuro
01/01/2020,125.97
02/01/2020,125.78
03/01/2020,124.72
06/01/2020,127.28
07/01/2020,126.53
08/01/2020,126.35
09/01/2020,126.72
10/01/2020,127.42
13/01/2020,126.55
14/01/2020,126.85
15/01/2020,126.6
16/01/2020,126.12
17/01/2020,126.35
21/01/2020,126.38
22/01/2020,126.17
23/01/2020,124.67
24/01/2020,124.85
27/01/2020,122.25
28/01/2020,122.15
29/01/2020,121.75
30/01/2020,121.78
31/01/2020,121.38
03/02/2020,121.67
04/02/2020,121.62
05/02/2020,120.75
06/02/2020,121.12
07/02/2020,121.33
10/02/2020,120.3
11/02/2020,119.08
12/02/2020,118.95
13/02/2020,119.45
14/02/2020,120.83
18/02/2020,121.42
19/02/2020,121.3
20/02/2020,120.1
21/02/2020,119.72
24/02/2020,117
25/02/2020,115.03
26/02/2020,114.08
27/02/2020,112.62
28/02/2020,112.7
02/03/2020,110.15
03/03/2020,110.1
04/03/2020,111.28
05/03/2020,108.65
06/03/2020,105.75
09/03/2020,102.85
10/03/2020,105.45
11/03/2020,103.08
12/03/2020,100.08
13/03/2020,95.58
16/03/2020,91.85
17/03/2020,96.35
18/03/2020,92.1
19/03/2020,95.1
20/03/2020,98.65
23/03/2020,101.65
24/03/2020,106.15
25/03/2020,108.45
26/03/2020,105.45
27/03/2020,100.95
30/03/2020,99.2
31/03/2020,101.83
01/04/2020,97.33
02/04/2020,92.83
03/04/2020,88.33
06/04/2020,83.83
07/04/2020,88.33
08/04/2020,92.83
09/04/2020,94
10/04/2020,84.57
13/04/2020,91
14/04/2020,93.7
15/04/2020,94.72
16/04/2020,95.5
17/04/2020,94.65
20/04/2020,93.53
21/04/2020,91.6
22/04/2020,88.95
23/04/2020,85.95
24/04/2020,84.97
27/04/2020,84.8
28/04/2020,85.53
29/04/2020,85.6
30/04/2020,90
01/05/2020,87.25
04/05/2020,88.08
05/05/2020,86.47
06/05/2020,89.47
07/05/2020,93.97
08/05/2020,94.65
11/05/2020,92.67
12/05/2020,97.17
13/05/2020,93.88
14/05/2020,94.12
15/05/2020,97
18/05/2020,98.72
19/05/2020,98.78
20/05/2020,98.4
21/05/2020,98.8
22/05/2020,97.7
26/05/2020,99.4
27/05/2020,100.8
28/05/2020,101.47
29/05/2020,99.72
01/06/2020,98.3
02/06/2020,95.3
03/06/2020,95.45
04/06/2020,95.72
05/06/2020,93.9
08/06/2020,94.12
09/06/2020,96.33
10/06/2020,96.6
11/06/2020,96.83
12/06/2020,96.08
15/06/2020,96.08
16/06/2020,96.33
17/06/2020,96.5
18/06/2020,96.08
19/06/2020,94.7
22/06/2020,94.4
23/06/2020,93.53
24/06/2020,93.3
25/06/2020,94.17
26/06/2020,94.7
29/06/2020,95
30/06/2020,91.65
01/07/2020,97.3
02/07/2020,99.4
06/07/2020,100.1
07/07/2020,100
08/07/2020,99.15
09/07/2020,99.25
10/07/2020,100
13/07/2020,99.65
14/07/2020,98.8
15/07/2020,101.3
16/07/2020,103.28
17/07/2020,103.28
20/07/2020,102.28
21/07/2020,101.85
22/07/2020,101.5
23/07/2020,100.85
24/07/2020,101.33
27/07/2020,100.42
28/07/2020,100.9
29/07/2020,101.45
30/07/2020,101.72
31/07/2020,102.83
03/08/2020,103.03
04/08/2020,102.28
05/08/2020,102.3
06/08/2020,102.62
07/08/2020,102.8
10/08/2020,103.6
11/08/2020,104.65
12/08/2020,106.35
13/08/2020,107.05
14/08/2020,107.6
17/08/2020,106.9
18/08/2020,106.72
19/08/2020,107.47
20/08/2020,107.03
21/08/2020,105.8
24/08/2020,105.58
25/08/2020,105.5
26/08/2020,104.05
27/08/2020,102.97
28/08/2020,103.22
31/08/2020,104.5
01/09/2020,105.47
02/09/2020,104.47
03/09/2020,103.92
04/09/2020,104.45
08/09/2020,105.78
09/09/2020,104.7
10/09/2020,105.1
11/09/2020,105.53
14/09/2020,106.88
15/09/2020,107.1
16/09/2020,106.72
17/09/2020,106.78
18/09/2020,107.35
21/09/2020,106.7
22/09/2020,106.47
23/09/2020,107.15
24/09/2020,108.03
25/09/2020,107.58
28/09/2020,107.95
29/09/2020,108.9
30/09/2020,108.55
01/10/2020,108.53
02/10/2020,108.17
05/10/2020,108.83
06/10/2020,109.2
07/10/2020,110.17
08/10/2020,109.7
09/10/2020,109.88
12/10/2020,108.35
13/10/2020,108.83
14/10/2020,108.38
15/10/2020,107.78
16/10/2020,107.15
19/10/2020,104
20/10/2020,104.12
21/10/2020,103.65
22/10/2020,103.33
23/10/2020,103.35
26/10/2020,103.97
27/10/2020,104.85
28/10/2020,105.85
29/10/2020,106.28
30/10/2020,105.97
02/11/2020,108.55
03/11/2020,107.83
04/11/2020,107.88
05/11/2020,108.35
06/11/2020,108.65
09/11/2020,111.83
10/11/2020,111.88
11/11/2020,112.4
12/11/2020,111.97
13/11/2020,109.92
16/11/2020,110.42
17/11/2020,111.33
18/11/2020,110.65
19/11/2020,108.25
20/11/2020,108.1
23/11/2020,110
24/11/2020,111.17
25/11/2020,111.38
27/11/2020,110.62
30/11/2020,110.17
01/12/2020,110.62
02/12/2020,110.7
03/12/2020,109.6
04/12/2020,108.88
07/12/2020,108
08/12/2020,107.85
09/12/2020,107.38
10/12/2020,107.92
11/12/2020,108.75
14/12/2020,109.1
15/12/2020,108.6
16/12/2020,108.78
17/12/2020,109.35
18/12/2020,110.47
21/12/2020,110.6
22/12/2020,110.33
23/12/2020,111.92
24/12/2020,112.15
25/12/2020,114.96
28/12/2020,113.05
29/12/2020,112.05
30/12/2020,112.12
31/12/2020,112.95
01/01/2021,115.13
04/01/2021,112.3
05/01/2021,115.05
06/01/2021,115
07/01/2021,114.97
08/01/2021,114.47
11/01/2021,113.4
12/01/2021,112.47
13/01/2021,112.25
14/01/2021,112.08
15/01/2021,112.78
19/01/2021,113.33
20/01/2021,113.35
21/01/2021,114.1
22/01/2021,116.72
25/01/2021,116.53
26/01/2021,117
27/01/2021,116.45
28/01/2021,116
29/01/2021,115.05
01/02/2021,114.88
02/02/2021,115.97
03/02/2021,115.47
04/02/2021,116.45
05/02/2021,116.72
08/02/2021,116.58
09/02/2021,117.45
10/02/2021,116.12
11/02/2021,115.33
12/02/2021,117.2
16/02/2021,116.15
17/02/2021,115.3
18/02/2021,115.12
19/02/2021,115.92
22/02/2021,115.72
23/02/2021,115.62
24/02/2021,116.58
25/02/2021,117
26/02/2021,113.1
01/03/2021,118.97
02/03/2021,119.42
03/03/2021,119.4
04/03/2021,118.55
05/03/2021,119.03
08/03/2021,119.35
09/03/2021,119.65
10/03/2021,118.78
11/03/2021,118.53
12/03/2021,119
15/03/2021,119.12
16/03/2021,118.2
17/03/2021,119.42
18/03/2021,118.58
19/03/2021,118.4
22/03/2021,118.78
23/03/2021,119.12
24/03/2021,119.12
25/03/2021,119.55
26/03/2021,120.1
29/03/2021,120.97
30/03/2021,120.97
31/03/2021,120.97
01/04/2021,120.03
05/04/2021,121.38
06/04/2021,122.72
07/04/2021,123.15
08/04/2021,124.15
09/04/2021,123.42
12/04/2021,122.72
13/04/2021,122.4
14/04/2021,122.1
15/04/2021,121.6
16/04/2021,120.85
19/04/2021,120.35
20/04/2021,120.58
21/04/2021,119.78
22/04/2021,118.33
23/04/2021,117.85
26/04/2021,118.5
27/04/2021,118.38
28/04/2021,118.95
29/04/2021,119.47
30/04/2021,116
03/05/2021,115.3
04/05/2021,113.03
05/05/2021,114.42
06/05/2021,115.47
07/05/2021,116.03
10/05/2021,118.22
11/05/2021,118.62
12/05/2021,118.6
13/05/2021,115.6
14/05/2021,115.3
17/05/2021,115.35
18/05/2021,116.75
19/05/2021,116.9
20/05/2021,116.6
21/05/2021,117.67
24/05/2021,116.75
25/05/2021,116.72
26/05/2021,116.45
27/05/2021,116.35
28/05/2021,115.88
01/06/2021,113.55
02/06/2021,117.12
03/06/2021,116.78
04/06/2021,116.83
07/06/2021,116.22
08/06/2021,116.72
09/06/2021,117.4
10/06/2021,117.58
11/06/2021,118.7
14/06/2021,119.38
15/06/2021,121.22
16/06/2021,122.3
17/06/2021,120.1
18/06/2021,121.05
21/06/2021,120.97
22/06/2021,123.1
23/06/2021,122.5
24/06/2021,122.83
25/06/2021,122.83
28/06/2021,122.1
29/06/2021,122.55
30/06/2021,122.5
01/07/2021,123.58
02/07/2021,122
06/07/2021,122.4
07/07/2021,120.6
08/07/2021,119.28
09/07/2021,119.22
12/07/2021,119.83
13/07/2021,121.75
14/07/2021,121.25
15/07/2021,121.12
16/07/2021,120.17
19/07/2021,120.25
20/07/2021,119.78
21/07/2021,120.05
22/07/2021,120.8
23/07/2021,121.5
26/07/2021,123.45
27/07/2021,122.92
28/07/2021,123.08
29/07/2021,122.5
30/07/2021,122.08
02/08/2021,122.12
03/08/2021,123.25
04/08/2021,124.05
05/08/2021,122.58
06/08/2021,123
09/08/2021,123
10/08/2021,123.65
11/08/2021,122.95
12/08/2021,123.15
13/08/2021,122.75
16/08/2021,123.53
17/08/2021,123.3
18/08/2021,124.03
19/08/2021,123.4
20/08/2021,124.28
23/08/2021,126.45
24/08/2021,125.8
25/08/2021,124.42
26/08/2021,123.28
27/08/2021,122
30/08/2021,120.25
31/08/2021,118.95
01/09/2021,127.58
02/09/2021,126.05
03/09/2021,124.8
07/09/2021,123.75
08/09/2021,123.1
09/09/2021,123.75
10/09/2021,123.42
13/09/2021,122.28
14/09/2021,124.12
15/09/2021,124.17
16/09/2021,123.6
17/09/2021,122.8
20/09/2021,122.78
21/09/2021,122.45
22/09/2021,123.28
23/09/2021,123.22
24/09/2021,122.92
27/09/2021,122.4
28/09/2021,122
29/09/2021,121.78
30/09/2021,120.58
01/10/2021,120.4
04/10/2021,122.62
05/10/2021,122.83
06/10/2021,123.83
07/10/2021,125.28
08/10/2021,125.58
11/10/2021,125.62
12/10/2021,125.03
13/10/2021,124.78
14/10/2021,125.75
15/10/2021,125.97
18/10/2021,125.45
19/10/2021,125
20/10/2021,125.95
21/10/2021,124.97
22/10/2021,124.1
25/10/2021,125.03
26/10/2021,126.82
27/10/2021,127.22
28/10/2021,124.5
29/10/2021,127.38
01/11/2021,128.85
02/11/2021,129.95
03/11/2021,131.65
04/11/2021,130.63
05/11/2021,131.8
08/11/2021,132.1
09/11/2021,132.2
10/11/2021,132
11/11/2021,131.88
12/11/2021,132.12
15/11/2021,131.78
16/11/2021,131.72
17/11/2021,132.22
18/11/2021,133.15
19/11/2021,133.53
22/11/2021,134.43
23/11/2021,135.4
24/11/2021,137.9
26/11/2021,138.1
29/11/2021,136.93
30/11/2021,135.88
01/12/2021,136
02/12/2021,137.65
03/12/2021,137.68
06/12/2021,138.18
07/12/2021,138.22
08/12/2021,137.55
09/12/2021,136.73
10/12/2021,136.85
13/12/2021,136.95
14/12/2021,136.77
15/12/2021,135
16/12/2021,135.28
17/12/2021,134.75
20/12/2021,134.47
21/12/2021,135.53
22/12/2021,135.75
23/12/2021,137.05
27/12/2021,137.3
28/12/2021,138.47
29/12/2021,139.4
30/12/2021,139.05
31/12/2021,138.9
03/01/2022,138.93
04/01/2022,137.82
05/01/2022,137.25
06/01/2022,137.35
07/01/2022,137.32
10/01/2022,136.25
11/01/2022,137.68
12/01/2022,136.57
13/01/2022,137
14/01/2022,137.97
18/01/2022,137.68
19/01/2022,138.55
20/01/2022,138.32
21/01/2022,137.93
24/01/2022,136.32
25/01/2022,137.1
26/01/2022,138.05
27/01/2022,137.82
28/01/2022,138.7
31/01/2022,139.57
01/02/2022,140.3
02/02/2022,141.12
03/02/2022,141.6
04/02/2022,142.05
07/02/2022,141.82
08/02/2022,141.97
09/02/2022,142.9
10/02/2022,142.35
11/02/2022,141.88
14/02/2022,142.43
15/02/2022,142.9
16/02/2022,143.12
17/02/2022,143.4
18/02/2022,143.25
22/02/2022,143.75
23/02/2022,143.05
24/02/2022,140.53
25/02/2022,139.28
28/02/2022,140.5
01/03/2022,140.53
02/03/2022,140.1
03/03/2022,138.35
04/03/2022,135.78
07/03/2022,137.9
08/03/2022,139.05
09/03/2022,137.57
10/03/2022,135.9
11/03/2022,137.3
14/03/2022,140.32
15/03/2022,140.85
16/03/2022,139.35
17/03/2022,139.47
18/03/2022,140.5
21/03/2022,140.05
22/03/2022,139.43
23/03/2022,139.43
24/03/2022,139.68
25/03/2022,140.47
28/03/2022,140.3
29/03/2022,140.9
30/03/2022,140.18
31/03/2022,139.38
01/04/2022,138.65
04/04/2022,138
05/04/2022,136.8
06/04/2022,137.7
07/04/2022,138
08/04/2022,137.82
11/04/2022,138.53
12/04/2022,139.95
13/04/2022,140.62
14/04/2022,140.68
18/04/2022,140.47
19/04/2022,141.35
20/04/2022,143.07
21/04/2022,144.1
22/04/2022,142.45
25/04/2022,139.1
26/04/2022,140
27/04/2022,138.5
28/04/2022,138.5
29/04/2022,141.9
02/05/2022,135.2
03/05/2022,135.32
04/05/2022,134.82
05/05/2022,133.78
06/05/2022,132.75
09/05/2022,133.55
10/05/2022,132.4
11/05/2022,133.57
12/05/2022,131.65
13/05/2022,132.07
16/05/2022,133.18
17/05/2022,133
18/05/2022,131.5
19/05/2022,131.5
20/05/2022,131.57
23/05/2022,132.78
24/05/2022,132.72
25/05/2022,132.3
26/05/2022,132.4
27/05/2022,132.18
31/05/2022,130.53
01/06/2022,132.8
02/06/2022,133.62
03/06/2022,133.6
06/06/2022,132.82
07/06/2022,133.72
08/06/2022,136.82
09/06/2022,137.05
10/06/2022,136.2
13/06/2022,134
14/06/2022,135.2
15/06/2022,137.55
16/06/2022,137.75
17/06/2022,138.03
21/06/2022,137.82
22/06/2022,136.12
23/06/2022,135.25
24/06/2022,135.35
27/06/2022,136.25
28/06/2022,136.3
29/06/2022,136.8
30/06/2022,138
01/07/2022,134.6
05/07/2022,132.93
06/07/2022,134.5
07/07/2022,134.55
08/07/2022,133.95
11/07/2022,136.15
12/07/2022,136.68
13/07/2022,136.88
14/07/2022,135.4
15/07/2022,134.93
18/07/2022,135.62
19/07/2022,135.72
20/07/2022,135.75
21/07/2022,135.72
22/07/2022,137.38
25/07/2022,137.75
26/07/2022,136.88
27/07/2022,136.8
28/07/2022,136.18
29/07/2022,136.45
01/08/2022,136.78
02/08/2022,136.57
03/08/2022,137.9
04/08/2022,137.7
05/08/2022,137.88
08/08/2022,138.35
09/08/2022,137.97
10/08/2022,139.2
11/08/2022,140.6
12/08/2022,140.22
15/08/2022,139.75
16/08/2022,141.3
17/08/2022,141.75
18/08/2022,141.28
19/08/2022,141.6
22/08/2022,141.22
23/08/2022,141.62
24/08/2022,141.32
25/08/2022,141.1
26/08/2022,140.8
29/08/2022,141.55
30/08/2022,142.5
31/08/2022,141.55
01/09/2022,142.8
02/09/2022,144.55
06/09/2022,145.05
07/09/2022,144.25
08/09/2022,144.38
09/09/2022,145.68
12/09/2022,145.75
13/09/2022,144.8
14/09/2022,144.35
15/09/2022,145.62
16/09/2022,145.5
19/09/2022,145.72
20/09/2022,146.3
21/09/2022,145.88
22/09/2022,144.85
23/09/2022,144.25
26/09/2022,143.48
27/09/2022,143.57
28/09/2022,143.05
29/09/2022,144.13
30/09/2022,143.27
03/10/2022,144.32
04/10/2022,144.2
05/10/2022,144.68
06/10/2022,145.32
07/10/2022,145.32
10/10/2022,144.7
11/10/2022,145.8
12/10/2022,146.18
13/10/2022,146.45
14/10/2022,146.95
17/10/2022,147.88
18/10/2022,148.48
19/10/2022,149.35
20/10/2022,149.77
21/10/2022,150.48
24/10/2022,151.6
25/10/2022,151.68
26/10/2022,151.45
27/10/2022,151.4
28/10/2022,150.38
31/10/2022,146.77
01/11/2022,151.95
02/11/2022,151.4
03/11/2022,151.95
04/11/2022,151.65
07/11/2022,153.05
08/11/2022,153.05
09/11/2022,151.57
10/11/2022,153.07
11/11/2022,151.52
14/11/2022,151.57
15/11/2022,151.27
16/11/2022,151.8
17/11/2022,152.75
18/11/2022,153.07
21/11/2022,153.55
22/11/2022,153.8
23/11/2022,153.35
25/11/2022,153.07
28/11/2022,152.57
29/11/2022,152.68
30/11/2022,153.07
01/12/2022,153.05
02/12/2022,153.35
05/12/2022,153.23
06/12/2022,151.55
07/12/2022,151.93
08/12/2022,152.43
09/12/2022,153.68
12/12/2022,154.4
13/12/2022,154.9
14/12/2022,154.5
15/12/2022,154.05
16/12/2022,155.05
19/12/2022,155.27
20/12/2022,155.05
21/12/2022,156.13
22/12/2022,155.9
23/12/2022,156.9
27/12/2022,156.82
28/12/2022,157.45
29/12/2022,158.5
30/12/2022,154.82
03/01/2023,156.85
04/01/2023,157.27
05/01/2023,157.35
06/01/2023,156.77
09/01/2023,157.75
10/01/2023,157.75
11/01/2023,157.75
12/01/2023,157.55
13/01/2023,157.73
17/01/2023,157
18/01/2023,156.8
19/01/2023,155.95
20/01/2023,156.63
23/01/2023,157.48
24/01/2023,157.85
25/01/2023,157.6
26/01/2023,156.73
27/01/2023,156.73
30/01/2023,158.75
31/01/2023,158.85
01/02/2023,158.43
02/02/2023,159.75
03/02/2023,160.27
06/02/2023,160.82
07/02/2023,160.57
08/02/2023,160.8
09/02/2023,160.82
10/02/2023,161.2
13/02/2023,162.27
14/02/2023,162.15
15/02/2023,162.55
16/02/2023,162.77
17/02/2023,163.57
21/02/2023,164.75
22/02/2023,164.9
23/02/2023,165.15
24/02/2023,165.2
27/02/2023,165
28/02/2023,167.5
01/03/2023,165.13
02/03/2023,164.1
03/03/2023,165.43
06/03/2023,166.1
07/03/2023,165.98
08/03/2023,165.45
09/03/2023,164.8
10/03/2023,164.27
13/03/2023,163.55
14/03/2023,163.05
15/03/2023,161.55
16/03/2023,162.35
17/03/2023,162.32
20/03/2023,162.02
21/03/2023,162.43
22/03/2023,162.3
23/03/2023,162.15
24/03/2023,163
27/03/2023,164.9
28/03/2023,164.95
29/03/2023,165.82
30/03/2023,167.55
31/03/2023,168.35
03/04/2023,168.13
04/04/2023,167.6
05/04/2023,168.4
06/04/2023,171.07
10/04/2023,171.38
11/04/2023,172.3
12/04/2023,174.27
13/04/2023,175.5
14/04/2023,174.75
17/04/2023,175.75
18/04/2023,176.48
19/04/2023,175.43
20/04/2023,174.1
21/04/2023,173.98
24/04/2023,174.3
25/04/2023,174.3
26/04/2023,174.52
27/04/2023,175.45
28/04/2023,175.18
01/05/2023,164.88
02/05/2023,162.9
03/05/2023,161.65
04/05/2023,161.57
05/05/2023,161.93
08/05/2023,162.43
09/05/2023,163.93
10/05/2023,163
11/05/2023,162.95
12/05/2023,164.4
15/05/2023,164.32
16/05/2023,163.88
17/05/2023,164.82
18/05/2023,165.52
19/05/2023,165.73
22/05/2023,165.05
23/05/2023,164.27
24/05/2023,166.1
25/05/2023,167.3
26/05/2023,167.35
30/05/2023,168.88
31/05/2023,169.13
01/06/2023,174.9
02/06/2023,176.43
05/06/2023,177.15
06/06/2023,179.82
07/06/2023,179
08/06/2023,178.77
09/06/2023,178.23
12/06/2023,179.07
13/06/2023,179.43
14/06/2023,177.45
15/06/2023,177.57
16/06/2023,178.35
20/06/2023,177.13
21/06/2023,177.25
22/06/2023,177.65
23/06/2023,177.5
26/06/2023,177.7
27/06/2023,179.3
28/06/2023,179.63
29/06/2023,179.75
30/06/2023,181.5
03/07/2023,176.82
05/07/2023,174.95
06/07/2023,174.57
07/07/2023,177
10/07/2023,177.2
11/07/2023,178.82
12/07/2023,176.88
13/07/2023,176.9
14/07/2023,180.18
17/07/2023,180.13
18/07/2023,181.27
19/07/2023,181.32
20/07/2023,180.32
21/07/2023,180.02
24/07/2023,178.75
25/07/2023,178.3
26/07/2023,178.68
27/07/2023,178.05
28/07/2023,178.15
31/07/2023,178.05
01/08/2023,179.5
02/08/2023,178.02
03/08/2023,178.5
04/08/2023,180.9
07/08/2023,179.7
08/08/2023,179.7
09/08/2023,180.57
10/08/2023,181.1
11/08/2023,180.38
14/08/2023,179.75
15/08/2023,179.1
16/08/2023,178.77
17/08/2023,178.05
18/08/2023,178.52
21/08/2023,178.98
22/08/2023,177.95
23/08/2023,178.05
24/08/2023,179.85
25/08/2023,180.68
28/08/2023,180.7
29/08/2023,181
30/08/2023,178.8
31/08/2023,179.73
01/09/2023,180.15
05/09/2023,179.95
06/09/2023,182.7
07/09/2023,183.65
08/09/2023,183.23
11/09/2023,184.23
12/09/2023,184.15
13/09/2023,183.15
14/09/2023,185.48
15/09/2023,186.93
18/09/2023,186.32
19/09/2023,185.68
20/09/2023,186.77
21/09/2023,184.98
22/09/2023,187.07
25/09/2023,186.98
26/09/2023,184.8
27/09/2023,184.9
28/09/2023,186.5
29/09/2023,184.2
02/10/2023,184.43
03/10/2023,182.13
04/10/2023,182.2
05/10/2023,181.95
06/10/2023,183.07
09/10/2023,182.38
10/10/2023,182.57
11/10/2023,184.5
12/10/2023,185.4
13/10/2023,185.13
16/10/2023,185.2
17/10/2023,185.5
18/10/2023,185.73
19/10/2023,184.4
20/10/2023,184.27
23/10/2023,178.25
24/10/2023,180
25/10/2023,181.13
26/10/2023,181.7
27/10/2023,184
30/10/2023,184.13
31/10/2023,183.75
01/11/2023,183.63
02/11/2023,184.68
03/11/2023,183.88
06/11/2023,181.32
07/11/2023,178.77
08/11/2023,179.4
09/11/2023,174.35
10/11/2023,174.18
13/11/2023,174.93
14/11/2023,175.85
15/11/2023,177.77
16/11/2023,174.75
17/11/2023,175.75
20/11/2023,175.48
21/11/2023,175
22/11/2023,174.48
23/11/2023,174.4
24/11/2023,170.25
27/11/2023,168.77
28/11/2023,171.65
29/11/2023,171.9
30/11/2023,170.88
01/12/2023,169.27
04/12/2023,167.25
05/12/2023,168.5
06/12/2023,163.45
07/12/2023,162.35
08/12/2023,165.45
11/12/2023,166.98
12/12/2023,167.7
13/12/2023,166.95
14/12/2023,167.5
15/12/2023,168.23
18/12/2023,168.82
19/12/2023,168.45
20/12/2023,170.02
21/12/2023,170.55
22/12/2023,170.05
26/12/2023,170.57
27/12/2023,170.73
28/12/2023,171.2
29/12/2023,173.68
02/01/2024,171.93
03/01/2024,171.85
04/01/2024,171.13
05/01/2024,170.57
08/01/2024,169.95
09/01/2024,170.77
10/01/2024,170.75
11/01/2024,171.8
12/01/2024,171.38
16/01/2024,173.13
17/01/2024,173.1
18/01/2024,174.82
19/01/2024,174.38
22/01/2024,173.77
23/01/2024,174.65
24/01/2024,175.35
25/01/2024,177.73
26/01/2024,178.45
29/01/2024,177.38
30/01/2024,178.02
31/01/2024,177.35
01/02/2024,179.75
02/02/2024,180.55
05/02/2024,179.73
06/02/2024,183
07/02/2024,182.23
08/02/2024,183.77
09/02/2024,184.63
12/02/2024,184.25
13/02/2024,183.75
14/02/2024,182.4
15/02/2024,183.4
16/02/2024,184.77
20/02/2024,184.4
21/02/2024,183.98
22/02/2024,183.5
23/02/2024,185.6
26/02/2024,185.73
27/02/2024,185.6
28/02/2024,184.65
29/02/2024,184
01/03/2024,188.45
04/03/2024,186.68
05/03/2024,188
06/03/2024,187.25
07/03/2024,188.73
08/03/2024,187.6
11/03/2024,187.6
12/03/2024,188.25
13/03/2024,189.93
14/03/2024,186.95
15/03/2024,187.25
18/03/2024,188.57
19/03/2024,188.05
20/03/2024,187.8
21/03/2024,188.38
22/03/2024,187.5
25/03/2024,186.2
26/03/2024,183.1
27/03/2024,183.6
28/03/2024,185
01/04/2024,180.07
02/04/2024,181.77
03/04/2024,180.93
04/04/2024,181.48
05/04/2024,178.25
08/04/2024,179.4
09/04/2024,180.7
10/04/2024,179.07
11/04/2024,180.25
12/04/2024,178.9
15/04/2024,180.3
16/04/2024,181.5
17/04/2024,180.9
18/04/2024,181.18
19/04/2024,181.48
22/04/2024,183.82
23/04/2024,183.35
24/04/2024,182.1
25/04/2024,183.95
26/04/2024,184.68
29/04/2024,185.4
30/04/2024,185
01/05/2024,173.85
02/05/2024,176.8
03/05/2024,176.68
06/05/2024,176.98
07/05/2024,177.63
08/05/2024,176.48
09/05/2024,175.95
10/05/2024,176.15
13/05/2024,175.57
14/05/2024,178.18
15/05/2024,178.25
16/05/2024,179.02
17/05/2024,181.05
20/05/2024,181.48
21/05/2024,182.98
22/05/2024,184.18
23/05/2024,183.52
24/05/2024,183.7
28/05/2024,184.55
29/05/2024,183.35
30/05/2024,182.55
31/05/2024,181.55
03/06/2024,182.02
04/06/2024,182.18
05/06/2024,181.77
06/06/2024,181.82
07/06/2024,182.18
10/06/2024,183.93
11/06/2024,183.75
12/06/2024,183.65
13/06/2024,184.82
14/06/2024,186.82
17/06/2024,187.05
18/06/2024,186.68
20/06/2024,187.07
21/06/2024,187.6
24/06/2024,188.9
25/06/2024,189.48
26/06/2024,192.93
27/06/2024,194.18
28/06/2024,193.5
01/07/2024,184.27
02/07/2024,185.1
03/07/2024,185.93
05/07/2024,186.43
08/07/2024,184.35
09/07/2024,182.35
10/07/2024,182.25
11/07/2024,182.25
12/07/2024,182.38
15/07/2024,182.13
16/07/2024,182.68
17/07/2024,184.27
18/07/2024,182.25
19/07/2024,183.1
22/07/2024,183.93
23/07/2024,186.3
24/07/2024,186.9
25/07/2024,188.9
26/07/2024,188.57
29/07/2024,186.98
30/07/2024,187.7
31/07/2024,187.13
01/08/2024,184.8
02/08/2024,184.1
05/08/2024,181.55
06/08/2024,181.98
07/08/2024,182.27
08/08/2024,182.05
09/08/2024,184.25
12/08/2024,183.32
13/08/2024,184
14/08/2024,184.6
15/08/2024,184.05
16/08/2024,182.8
19/08/2024,182.8
20/08/2024,181.02
21/08/2024,181.23
22/08/2024,182.55
23/08/2024,182.57
26/08/2024,183.6
27/08/2024,185.18
28/08/2024,183.75
29/08/2024,184.88
30/08/2024,185.85
03/09/2024,179.27
04/09/2024,179.23
05/09/2024,177.25
06/09/2024,175.18
09/09/2024,176.93
10/09/2024,176.32
11/09/2024,176.95
12/09/2024,178.02
13/09/2024,177.65
16/09/2024,177.23
17/09/2024,178.8
18/09/2024,178.3
19/09/2024,179.98
20/09/2024,182.48
23/09/2024,183.25
24/09/2024,183.2
25/09/2024,183.05
26/09/2024,184.1
27/09/2024,183.75
30/09/2024,183.77
01/10/2024,184.48
02/10/2024,187.43
03/10/2024,186
04/10/2024,187
07/10/2024,187.48
08/10/2024,188.48
09/10/2024,188.2
10/10/2024,189.18
11/10/2024,188.6
14/10/2024,188.25
15/10/2024,186.73
16/10/2024,187.05
17/10/2024,186.63
18/10/2024,187.63
21/10/2024,187
22/10/2024,188.05
23/10/2024,187.63
24/10/2024,189.3
25/10/2024,189.7
28/10/2024,190.18
29/10/2024,189.3
30/10/2024,188.4
31/10/2024,193
01/11/2024,185.93
04/11/2024,185.07
05/11/2024,184.77
06/11/2024,185.4
07/11/2024,185.82
08/11/2024,183.7
11/11/2024,183.7
12/11/2024,184.4
13/11/2024,184.02
14/11/2024,182.95
15/11/2024,182.95
18/11/2024,184.1
19/11/2024,186.57
20/11/2024,186.3
21/11/2024,185.6
22/11/2024,186.77
25/11/2024,186.5
26/11/2024,186.9
27/11/2024,188
29/11/2024,187.98
02/12/2024,187.52
03/12/2024,188.48
04/12/2024,188.38
05/12/2024,186.98
06/12/2024,187.38
09/12/2024,187.8
10/12/2024,189.85
11/12/2024,192.25
12/12/2024,192.13
13/12/2024,193.65
16/12/2024,192.02
17/12/2024,192.25
18/12/2024,191.3
19/12/2024,190.35
20/12/2024,191.32
23/12/2024,190.98
24/12/2024,190.8
26/12/2024,192.77
27/12/2024,193.5
30/12/2024,194.07
31/12/2024,193.85
02/01/2025,193.6
03/01/2025,194.05
06/01/2025,195.2
07/01/2025,195.57
08/01/2025,193.7
09/01/2025,197.6
10/01/2025,198.77
13/01/2025,197.4
14/01/2025,197.4
15/01/2025,198.52
16/01/2025,196.6
17/01/2025,196.75
21/01/2025,197.05
22/01/2025,200.05
23/01/2025,201.1
24/01/2025,204.77
27/01/2025,205.68
28/01/2025,208.55
29/01/2025,207.02
30/01/2025,204.48
31/01/2025,204.6
03/02/2025,202.98
04/02/2025,201.88
05/02/2025,203.6
06/02/2025,200.63
07/02/2025,200.77
10/02/2025,201.88
11/02/2025,199.68
12/02/2025,199.15
13/02/2025,199.55
14/02/2025,197.75
18/02/2025,197.45
19/02/2025,197.82
20/02/2025,197.63
21/02/2025,197.82
24/02/2025,198.9
25/02/2025,199.5
26/02/2025,198.82
27/02/2025,199.4
28/02/2025,197.73
03/03/2025,192.25
04/03/2025,194.65
05/03/2025,196.55
06/03/2025,196.28
07/03/2025,200.28
10/03/2025,200.57
11/03/2025,199.55
12/03/2025,201.4
13/03/2025,202.05
14/03/2025,203.18
17/03/2025,205.02
18/03/2025,205.38
19/03/2025,206.82
20/03/2025,208.48
21/03/2025,206.95
24/03/2025,205.9
25/03/2025,206.38
26/03/2025,207.07
27/03/2025,209.55
28/03/2025,208.82
31/03/2025,207.8
01/04/2025,209.13
02/04/2025,210.38
03/04/2025,208.05
04/04/2025,202.63
07/04/2025,198.93
08/04/2025,199.1
09/04/2025,202.8
10/04/2025,200.85
11/04/2025,202.48
14/04/2025,203.95
15/04/2025,204.8
16/04/2025,207.07
17/04/2025,209.82
21/04/2025,209.77
22/04/2025,211.38
23/04/2025,212.7
24/04/2025,213.5
25/04/2025,214.25
28/04/2025,215.65
29/04/2025,216.35
30/04/2025,215.75
01/05/2025,209.65
02/05/2025,211.1
05/05/2025,213.65
06/05/2025,213.68
07/05/2025,212.52
08/05/2025,214.25
09/05/2025,214.68
12/05/2025,216.82
13/05/2025,216.32
14/05/2025,213.95
15/05/2025,211.18
16/05/2025,212.23
19/05/2025,212.98
20/05/2025,213.18
21/05/2025,214.15
22/05/2025,215.63
23/05/2025,215.8
27/05/2025,215.13
28/05/2025,213.93
29/05/2025,215.52
30/05/2025,215.48
02/06/2025,216.55
03/06/2025,215.98
04/06/2025,218.4
05/06/2025,222.9
06/06/2025,226.3
09/06/2025,227
10/06/2025,227.07
11/06/2025,227.82
12/06/2025,228.2
13/06/2025,225.1
16/06/2025,227.02
17/06/2025,223.25
18/06/2025,224.3
20/06/2025,223.02
23/06/2025,222.3
24/06/2025,221.6
25/06/2025,221.6
26/06/2025,221.7
27/06/2025,224.75
30/06/2025,225.88
01/07/2025,210.75
02/07/2025,212.45
03/07/2025,214.05
07/07/2025,215.9
08/07/2025,219.98
09/07/2025,219.77
10/07/2025,219.23
11/07/2025,222.2
14/07/2025,219.35
15/07/2025,222.4
16/07/2025,223.9
17/07/2025,223.68
18/07/2025,223.55
21/07/2025,225.23
22/07/2025,224.98
23/07/2025,227.02
24/07/2025,225.8
25/07/2025,226.48
28/07/2025,227.88
29/07/2025,229.73
30/07/2025,233.07
31/07/2025,227.77
01/08/2025,230.13
04/08/2025,230.9
05/08/2025,234.27
06/08/2025,236.3
07/08/2025,238.75
08/08/2025,232.55
11/08/2025,233.07
12/08/2025,235.82
13/08/2025,235.55
14/08/2025,233.35
15/08/2025,236.25
18/08/2025,236.73
19/08/2025,236.32
20/08/2025,238.52
21/08/2025,238.65
22/08/2025,239.95
25/08/2025,240.23
26/08/2025,242.5
27/08/2025,243.25
28/08/2025,237
29/08/2025,241.9
02/09/2025,239.52
03/09/2025,238.32
04/09/2025,236.95
05/09/2025,235.98
08/09/2025,235.8
09/09/2025,230.18
10/09/2025,231.15
11/09/2025,232.27
12/09/2025,229.98
15/09/2025,234.6
16/09/2025,233.45
17/09/2025,231.1
18/09/2025,232.38
19/09/2025,233.58
22/09/2025,237.23
23/09/2025,235.6
24/09/2025,234.05
25/09/2025,232.05
26/09/2025,231.8
29/09/2025,231.32
30/09/2025,231.85
01/10/2025,231.1
02/10/2025,230.52
03/10/2025,231.02
06/10/2025,231.88
07/10/2025,233.1
08/10/2025,233.85
09/10/2025,235.02
10/10/2025,238.48
13/10/2025,240.57
14/10/2025,241.82
15/10/2025,242.18
16/10/2025,243.95
17/10/2025,240.25
20/10/2025,241.85
21/10/2025,243.68
22/10/2025,239.05
23/10/2025,239.73
24/10/2025,233.75
27/10/2025,228.82
28/10/2025,227.5
29/10/2025,231.4
30/10/2025,235.27
31/10/2025,236.6
03/11/2025,232.2
04/11/2025,227.77
05/11/2025,220.52
06/11/2025,218.77
07/11/2025,221.35
10/11/2025,228.55
11/11/2025,227.2
12/11/2025,225.27
13/11/2025,219
14/11/2025,219.15
17/11/2025,221.27
18/11/2025,220.02
19/11/2025,216.3
20/11/2025,214.73
21/11/2025,214.45
24/11/2025,207.2
25/11/2025,207
26/11/2025,211.02
28/11/2025,215.57
01/12/2025,214.2
02/12/2025,218.48
03/12/2025,218.95
04/12/2025,221.45
05/12/2025,227.15
08/12/2025,227.32
09/12/2025,226.82
10/12/2025,226.8
11/12/2025,230.38
12/12/2025,229.8
15/12/2025,230.82
16/12/2025,231.15
17/12/2025,230.3
18/12/2025,228.43
19/12/2025,230.4
22/12/2025,230.73
23/12/2025,228.82
24/12/2025,228.7
26/12/2025,229.82
29/12/2025,228.9
30/12/2025,231.18
31/12/2025,232
