Data;Último;Data,Último
02/01/2020;49.11;02/01/2020,49.11
03/01/2020;48.92;03/01/2020,48.92
06/01/2020;49.57;06/01/2020,49.57
07/01/2020;50.21;07/01/2020,50.21
08/01/2020;50.19;08/01/2020,50.19
09/01/2020;50.86;09/01/2020,50.86
10/01/2020;51.40;10/01/2020,51.4
13/01/2020;51.60;13/01/2020,51.6
14/01/2020;51.92;14/01/2020,51.92
15/01/2020;51.79;15/01/2020,51.79
16/01/2020;52.07;16/01/2020,52.07
17/01/2020;51.95;17/01/2020,51.95
20/01/2020;52.12;20/01/2020,52.12
21/01/2020;51.70;21/01/2020,51.7
22/01/2020;52.05;22/01/2020,52.05
23/01/2020;52.39;23/01/2020,52.39
24/01/2020;51.93;24/01/2020,51.93
27/01/2020;51.62;27/01/2020,51.62
28/01/2020;51.49;28/01/2020,51.49
29/01/2020;50.71;29/01/2020,50.71
30/01/2020;49.56;30/01/2020,49.56
31/01/2020;48.99;31/01/2020,48.99
03/02/2020;48.19;03/02/2020,48.19
04/02/2020;48.34;04/02/2020,48.34
05/02/2020;48.83;05/02/2020,48.83
06/02/2020;49.16;06/02/2020,49.16
07/02/2020;49.38;07/02/2020,49.38
10/02/2020;49.57;10/02/2020,49.57
11/02/2020;49.06;11/02/2020,49.06
12/02/2020;49.93;12/02/2020,49.93
13/02/2020;51.29;13/02/2020,51.29
14/02/2020;51.74;14/02/2020,51.74
17/02/2020;52.56;17/02/2020,52.56
18/02/2020;52.58;18/02/2020,52.58
19/02/2020;52.13;19/02/2020,52.13
20/02/2020;51.85;20/02/2020,51.85
21/02/2020;51.87;21/02/2020,51.87
26/02/2020;52.26;26/02/2020,52.26
27/02/2020;53.16;27/02/2020,53.16
28/02/2020;53.43;28/02/2020,53.43
02/03/2020;54.24;02/03/2020,54.24
03/03/2020;54.95;03/03/2020,54.95
04/03/2020;55.25;04/03/2020,55.25
05/03/2020;55.26;05/03/2020,55.26
06/03/2020;55.59;06/03/2020,55.59
09/03/2020;56.04;09/03/2020,56.04
10/03/2020;56.19;10/03/2020,56.19
11/03/2020;56.74;11/03/2020,56.74
12/03/2020;57.50;12/03/2020,57.5
13/03/2020;57.75;13/03/2020,57.75
16/03/2020;49.37;16/03/2020,49.37
17/03/2020;47.61;17/03/2020,47.61
18/03/2020;49.41;18/03/2020,49.41
19/03/2020;49.07;19/03/2020,49.07
20/03/2020;49.09;20/03/2020,49.09
23/03/2020;48.84;23/03/2020,48.84
24/03/2020;48.69;24/03/2020,48.69
25/03/2020;48.95;25/03/2020,48.95
26/03/2020;49.29;26/03/2020,49.29
27/03/2020;47.89;27/03/2020,47.89
30/03/2020;49.44;30/03/2020,49.44
31/03/2020;50.69;31/03/2020,50.69
01/04/2020;49.69;01/04/2020,49.69
02/04/2020;48.45;02/04/2020,48.45
03/04/2020;49.22;03/04/2020,49.22
06/04/2020;48.61;06/04/2020,48.61
07/04/2020;47.53;07/04/2020,47.53
08/04/2020;46.92;08/04/2020,46.92
09/04/2020;46.77;09/04/2020,46.77
13/04/2020;47.06;13/04/2020,47.06
14/04/2020;46.93;14/04/2020,46.93
15/04/2020;46.15;15/04/2020,46.15
16/04/2020;45.55;16/04/2020,45.55
17/04/2020;45.61;17/04/2020,45.61
20/04/2020;45.31;20/04/2020,45.31
22/04/2020;45.40;22/04/2020,45.4
23/04/2020;45.83;23/04/2020,45.83
24/04/2020;47.24;24/04/2020,47.24
27/04/2020;47.48;27/04/2020,47.48
28/04/2020;47.42;28/04/2020,47.42
29/04/2020;46.87;29/04/2020,46.87
30/04/2020;47.23;30/04/2020,47.23
04/05/2020;48.01;04/05/2020,48.01
05/05/2020;48.83;05/05/2020,48.83
06/05/2020;48.81;06/05/2020,48.81
07/05/2020;50.03;07/05/2020,50.03
08/05/2020;49.90;08/05/2020,49.9
11/05/2020;49.96;11/05/2020,49.96
12/05/2020;50.17;12/05/2020,50.17
13/05/2020;50.35;13/05/2020,50.35
14/05/2020;50.82;14/05/2020,50.82
15/05/2020;46.71;15/05/2020,46.71
18/05/2020;46.35;18/05/2020,46.35
19/05/2020;46.95;19/05/2020,46.95
20/05/2020;46.80;20/05/2020,46.8
21/05/2020;46.55;21/05/2020,46.55
22/05/2020;46.94;22/05/2020,46.94
25/05/2020;45.90;25/05/2020,45.9
26/05/2020;45.70;26/05/2020,45.7
27/05/2020;44.65;27/05/2020,44.65
28/05/2020;45.55;28/05/2020,45.55
29/05/2020;44.99;29/05/2020,44.99
01/06/2020;45.01;01/06/2020,45.01
02/06/2020;44.21;02/06/2020,44.21
03/06/2020;43.70;03/06/2020,43.7
04/06/2020;43.70;04/06/2020,43.7
05/06/2020;43.70;05/06/2020,43.7
08/06/2020;43.25;08/06/2020,43.25
09/06/2020;43.40;09/06/2020,43.4
10/06/2020;43.50;10/06/2020,43.5
12/06/2020;43.80;12/06/2020,43.8
15/06/2020;44.60;15/06/2020,44.6
16/06/2020;44.50;16/06/2020,44.5
17/06/2020;45.30;17/06/2020,45.3
18/06/2020;46.11;18/06/2020,46.11
19/06/2020;46.23;19/06/2020,46.23
22/06/2020;45.90;22/06/2020,45.9
23/06/2020;45.80;23/06/2020,45.8
24/06/2020;46.05;24/06/2020,46.05
25/06/2020;46.15;25/06/2020,46.15
26/06/2020;46.65;26/06/2020,46.65
29/06/2020;47.35;29/06/2020,47.35
30/06/2020;48.10;30/06/2020,48.1
01/07/2020;48.80;01/07/2020,48.8
02/07/2020;48.90;02/07/2020,48.9
03/07/2020;49.20;03/07/2020,49.2
06/07/2020;49.70;06/07/2020,49.7
07/07/2020;50.25;07/07/2020,50.25
08/07/2020;51.04;08/07/2020,51.04
09/07/2020;51.15;09/07/2020,51.15
10/07/2020;50.90;10/07/2020,50.9
13/07/2020;49.83;13/07/2020,49.83
14/07/2020;49.60;14/07/2020,49.6
15/07/2020;47.00;15/07/2020,47
16/07/2020;46.83;16/07/2020,46.83
17/07/2020;47.82;17/07/2020,47.82
20/07/2020;48.00;20/07/2020,48
21/07/2020;47.22;21/07/2020,47.22
22/07/2020;47.25;22/07/2020,47.25
23/07/2020;47.87;23/07/2020,47.87
24/07/2020;48.04;24/07/2020,48.04
27/07/2020;48.80;27/07/2020,48.8
28/07/2020;48.95;28/07/2020,48.95
29/07/2020;48.65;29/07/2020,48.65
30/07/2020;49.81;30/07/2020,49.81
31/07/2020;51.00;31/07/2020,51
03/08/2020;52.50;03/08/2020,52.5
04/08/2020;51.99;04/08/2020,51.99
05/08/2020;52.92;05/08/2020,52.92
06/08/2020;53.69;06/08/2020,53.69
07/08/2020;54.80;07/08/2020,54.8
10/08/2020;54.91;10/08/2020,54.91
11/08/2020;55.49;11/08/2020,55.49
12/08/2020;56.33;12/08/2020,56.33
13/08/2020;57.70;13/08/2020,57.7
14/08/2020;58.38;14/08/2020,58.38
17/08/2020;60.49;17/08/2020,60.49
18/08/2020;59.10;18/08/2020,59.1
19/08/2020;60.10;19/08/2020,60.1
20/08/2020;60.40;20/08/2020,60.4
21/08/2020;60.35;21/08/2020,60.35
24/08/2020;60.59;24/08/2020,60.59
25/08/2020;61.39;25/08/2020,61.39
26/08/2020;60.29;26/08/2020,60.29
27/08/2020;59.97;27/08/2020,59.97
28/08/2020;59.65;28/08/2020,59.65
31/08/2020;60.59;31/08/2020,60.59
01/09/2020;59.51;01/09/2020,59.51
02/09/2020;57.50;02/09/2020,57.5
03/09/2020;55.71;03/09/2020,55.71
04/09/2020;57.43;04/09/2020,57.43
08/09/2020;58.44;08/09/2020,58.44
09/09/2020;57.47;09/09/2020,57.47
10/09/2020;58.00;10/09/2020,58
11/09/2020;58.72;11/09/2020,58.72
14/09/2020;59.17;14/09/2020,59.17
15/09/2020;59.22;15/09/2020,59.22
16/09/2020;59.85;16/09/2020,59.85
17/09/2020;59.25;17/09/2020,59.25
18/09/2020;59.77;18/09/2020,59.77
21/09/2020;60.28;21/09/2020,60.28
22/09/2020;61.44;22/09/2020,61.44
23/09/2020;62.91;23/09/2020,62.91
24/09/2020;62.66;24/09/2020,62.66
25/09/2020;63.46;25/09/2020,63.46
28/09/2020;65.19;28/09/2020,65.19
29/09/2020;65.33;29/09/2020,65.33
30/09/2020;66.46;30/09/2020,66.46
01/10/2020;66.58;01/10/2020,66.58
02/10/2020;66.85;02/10/2020,66.85
05/10/2020;67.72;05/10/2020,67.72
06/10/2020;68.75;06/10/2020,68.75
07/10/2020;69.42;07/10/2020,69.42
08/10/2020;70.96;08/10/2020,70.96
09/10/2020;70.88;09/10/2020,70.88
13/10/2020;71.82;13/10/2020,71.82
14/10/2020;72.42;14/10/2020,72.42
15/10/2020;73.90;15/10/2020,73.9
16/10/2020;75.92;16/10/2020,75.92
19/10/2020;77.85;19/10/2020,77.85
20/10/2020;79.92;20/10/2020,79.92
21/10/2020;83.92;21/10/2020,83.92
22/10/2020;82.89;22/10/2020,82.89
23/10/2020;80.03;23/10/2020,80.03
26/10/2020;83.33;26/10/2020,83.33
27/10/2020;84.75;27/10/2020,84.75
28/10/2020;83.34;28/10/2020,83.34
29/10/2020;81.56;29/10/2020,81.56
30/10/2020;79.63;30/10/2020,79.63
03/11/2020;81.57;03/11/2020,81.57
04/11/2020;82.24;04/11/2020,82.24
05/11/2020;82.81;05/11/2020,82.81
06/11/2020;80.04;06/11/2020,80.04
09/11/2020;78.79;09/11/2020,78.79
10/11/2020;81.57;10/11/2020,81.57
11/11/2020;81.00;11/11/2020,81
12/11/2020;80.18;12/11/2020,80.18
13/11/2020;80.30;13/11/2020,80.3
16/11/2020;80.61;16/11/2020,80.61
17/11/2020;79.87;17/11/2020,79.87
18/11/2020;79.98;18/11/2020,79.98
19/11/2020;78.83;19/11/2020,78.83
20/11/2020;78.84;20/11/2020,78.84
23/11/2020;80.58;23/11/2020,80.58
24/11/2020;80.46;24/11/2020,80.46
25/11/2020;78.88;25/11/2020,78.88
26/11/2020;78.69;26/11/2020,78.69
27/11/2020;78.69;27/11/2020,78.69
30/11/2020;78.04;30/11/2020,78.04
01/12/2020;75.42;01/12/2020,75.42
02/12/2020;74.63;02/12/2020,74.63
03/12/2020;72.87;03/12/2020,72.87
04/12/2020;69.87;04/12/2020,69.87
07/12/2020;68.02;07/12/2020,68.02
08/12/2020;71.42;08/12/2020,71.42
09/12/2020;74.99;09/12/2020,74.99
10/12/2020;73.05;10/12/2020,73.05
11/12/2020;74.14;11/12/2020,74.14
14/12/2020;76.04;14/12/2020,76.04
15/12/2020;76.35;15/12/2020,76.35
16/12/2020;77.15;16/12/2020,77.15
17/12/2020;76.87;17/12/2020,76.87
18/12/2020;77.41;18/12/2020,77.41
21/12/2020;78.00;21/12/2020,78
22/12/2020;79.38;22/12/2020,79.38
23/12/2020;79.87;23/12/2020,79.87
28/12/2020;81.98;28/12/2020,81.98
29/12/2020;82.96;29/12/2020,82.96
30/12/2020;82.76;30/12/2020,82.76
04/01/2021;83.05;04/01/2021,83.05
05/01/2021;84.39;05/01/2021,84.39
06/01/2021;82.81;06/01/2021,82.81
07/01/2021;83.01;07/01/2021,83.01
08/01/2021;83.38;08/01/2021,83.38
11/01/2021;83.22;11/01/2021,83.22
12/01/2021;83.58;12/01/2021,83.58
13/01/2021;84.27;13/01/2021,84.27
14/01/2021;84.21;14/01/2021,84.21
15/01/2021;84.22;15/01/2021,84.22
18/01/2021;89.16;18/01/2021,89.16
19/01/2021;88.98;19/01/2021,88.98
20/01/2021;87.27;20/01/2021,87.27
21/01/2021;88.35;21/01/2021,88.35
22/01/2021;85.86;22/01/2021,85.86
26/01/2021;85.76;26/01/2021,85.76
27/01/2021;83.90;27/01/2021,83.9
28/01/2021;84.41;28/01/2021,84.41
29/01/2021;86.78;29/01/2021,86.78
01/02/2021;88.17;01/02/2021,88.17
02/02/2021;87.00;02/02/2021,87
03/02/2021;86.86;03/02/2021,86.86
04/02/2021;85.41;04/02/2021,85.41
05/02/2021;85.36;05/02/2021,85.36
08/02/2021;86.51;08/02/2021,86.51
09/02/2021;86.86;09/02/2021,86.86
10/02/2021;85.08;10/02/2021,85.08
11/02/2021;86.48;11/02/2021,86.48
12/02/2021;85.98;12/02/2021,85.98
17/02/2021;86.84;17/02/2021,86.84
18/02/2021;86.66;18/02/2021,86.66
19/02/2021;86.66;19/02/2021,86.66
22/02/2021;87.19;22/02/2021,87.19
23/02/2021;88.31;23/02/2021,88.31
24/02/2021;88.62;24/02/2021,88.62
25/02/2021;88.92;25/02/2021,88.92
26/02/2021;88.28;26/02/2021,88.28
01/03/2021;87.98;01/03/2021,87.98
02/03/2021;87.67;02/03/2021,87.67
03/03/2021;88.12;03/03/2021,88.12
04/03/2021;89.00;04/03/2021,89
05/03/2021;90.89;05/03/2021,90.89
08/03/2021;90.64;08/03/2021,90.64
09/03/2021;90.78;09/03/2021,90.78
10/03/2021;91.08;10/03/2021,91.08
11/03/2021;92.33;11/03/2021,92.33
12/03/2021;92.19;12/03/2021,92.19
15/03/2021;91.87;15/03/2021,91.87
16/03/2021;94.89;16/03/2021,94.89
17/03/2021;94.90;17/03/2021,94.9
18/03/2021;93.26;18/03/2021,93.26
19/03/2021;92.78;19/03/2021,92.78
22/03/2021;92.35;22/03/2021,92.35
23/03/2021;92.33;23/03/2021,92.33
24/03/2021;94.14;24/03/2021,94.14
25/03/2021;93.35;25/03/2021,93.35
26/03/2021;94.53;26/03/2021,94.53
29/03/2021;94.59;29/03/2021,94.59
30/03/2021;94.16;30/03/2021,94.16
31/03/2021;96.59;31/03/2021,96.59
01/04/2021;97.43;01/04/2021,97.43
05/04/2021;99.15;05/04/2021,99.15
06/04/2021;99.79;06/04/2021,99.79
07/04/2021;98.94;07/04/2021,98.94
08/04/2021;99.86;08/04/2021,99.86
09/04/2021;100.51;09/04/2021,100.51
12/04/2021;101.92;12/04/2021,101.92
13/04/2021;103.87;13/04/2021,103.87
14/04/2021;100.92;14/04/2021,100.92
15/04/2021;101.75;15/04/2021,101.75
16/04/2021;102.73;16/04/2021,102.73
19/04/2021;103.53;19/04/2021,103.53
20/04/2021;102.27;20/04/2021,102.27
22/04/2021;104.34;22/04/2021,104.34
23/04/2021;104.00;23/04/2021,104
26/04/2021;106.22;26/04/2021,106.22
27/04/2021;106.92;27/04/2021,106.92
28/04/2021;104.34;28/04/2021,104.34
29/04/2021;101.52;29/04/2021,101.52
30/04/2021;103.20;30/04/2021,103.2
03/05/2021;104.64;03/05/2021,104.64
04/05/2021;102.68;04/05/2021,102.68
05/05/2021;101.72;05/05/2021,101.72
06/05/2021;102.32;06/05/2021,102.32
07/05/2021;102.46;07/05/2021,102.46
10/05/2021;102.73;10/05/2021,102.73
11/05/2021;102.55;11/05/2021,102.55
12/05/2021;102.35;12/05/2021,102.35
13/05/2021;102.28;13/05/2021,102.28
14/05/2021;101.99;14/05/2021,101.99
17/05/2021;101.40;17/05/2021,101.4
18/05/2021;98.43;18/05/2021,98.43
19/05/2021;98.12;19/05/2021,98.12
20/05/2021;97.19;20/05/2021,97.19
21/05/2021;94.96;21/05/2021,94.96
24/05/2021;92.37;24/05/2021,92.37
25/05/2021;91.45;25/05/2021,91.45
26/05/2021;91.89;26/05/2021,91.89
27/05/2021;93.93;27/05/2021,93.93
28/05/2021;94.00;28/05/2021,94
31/05/2021;95.84;31/05/2021,95.84
01/06/2021;97.20;01/06/2021,97.2
02/06/2021;95.42;02/06/2021,95.42
04/06/2021;95.09;04/06/2021,95.09
07/06/2021;94.82;07/06/2021,94.82
08/06/2021;94.46;08/06/2021,94.46
09/06/2021;94.06;09/06/2021,94.06
10/06/2021;93.66;10/06/2021,93.66
11/06/2021;92.16;11/06/2021,92.16
14/06/2021;89.98;14/06/2021,89.98
15/06/2021;88.83;15/06/2021,88.83
16/06/2021;87.16;16/06/2021,87.16
17/06/2021;82.80;17/06/2021,82.8
18/06/2021;83.98;18/06/2021,83.98
21/06/2021;83.21;21/06/2021,83.21
22/06/2021;80.69;22/06/2021,80.69
23/06/2021;81.17;23/06/2021,81.17
24/06/2021;81.78;24/06/2021,81.78
25/06/2021;83.01;25/06/2021,83.01
28/06/2021;87.16;28/06/2021,87.16
29/06/2021;93.26;29/06/2021,93.26
30/06/2021;89.15;30/06/2021,89.15
01/07/2021;91.03;01/07/2021,91.03
02/07/2021;92.07;02/07/2021,92.07
05/07/2021;94.16;05/07/2021,94.16
06/07/2021;92.34;06/07/2021,92.34
07/07/2021;94.10;07/07/2021,94.1
08/07/2021;95.25;08/07/2021,95.25
12/07/2021;95.38;12/07/2021,95.38
13/07/2021;95.67;13/07/2021,95.67
14/07/2021;96.23;14/07/2021,96.23
15/07/2021;97.21;15/07/2021,97.21
16/07/2021;95.12;16/07/2021,95.12
19/07/2021;96.11;19/07/2021,96.11
20/07/2021;97.15;20/07/2021,97.15
21/07/2021;98.26;21/07/2021,98.26
22/07/2021;99.12;22/07/2021,99.12
23/07/2021;99.32;23/07/2021,99.32
26/07/2021;101.97;26/07/2021,101.97
27/07/2021;102.46;27/07/2021,102.46
28/07/2021;101.52;28/07/2021,101.52
29/07/2021;100.45;29/07/2021,100.45
30/07/2021;99.38;30/07/2021,99.38
02/08/2021;98.64;02/08/2021,98.64
03/08/2021;97.02;03/08/2021,97.02
04/08/2021;95.30;04/08/2021,95.3
05/08/2021;97.80;05/08/2021,97.8
06/08/2021;97.52;06/08/2021,97.52
09/08/2021;97.26;09/08/2021,97.26
10/08/2021;98.21;10/08/2021,98.21
11/08/2021;99.15;11/08/2021,99.15
12/08/2021;100.03;12/08/2021,100.03
13/08/2021;99.76;13/08/2021,99.76
16/08/2021;99.90;16/08/2021,99.9
17/08/2021;99.61;17/08/2021,99.61
18/08/2021;97.86;18/08/2021,97.86
19/08/2021;96.94;19/08/2021,96.94
20/08/2021;95.88;20/08/2021,95.88
23/08/2021;95.73;23/08/2021,95.73
24/08/2021;95.27;24/08/2021,95.27
25/08/2021;95.27;25/08/2021,95.27
26/08/2021;95.37;26/08/2021,95.37
27/08/2021;95.16;27/08/2021,95.16
30/08/2021;93.12;30/08/2021,93.12
31/08/2021;91.62;31/08/2021,91.62
01/09/2021;90.31;01/09/2021,90.31
02/09/2021;91.58;02/09/2021,91.58
03/09/2021;91.57;03/09/2021,91.57
06/09/2021;92.02;06/09/2021,92.02
08/09/2021;92.71;08/09/2021,92.71
09/09/2021;92.69;09/09/2021,92.69
10/09/2021;92.17;10/09/2021,92.17
13/09/2021;93.16;13/09/2021,93.16
14/09/2021;93.96;14/09/2021,93.96
15/09/2021;93.58;15/09/2021,93.58
16/09/2021;93.04;16/09/2021,93.04
17/09/2021;93.25;17/09/2021,93.25
20/09/2021;92.77;20/09/2021,92.77
21/09/2021;92.67;21/09/2021,92.67
22/09/2021;92.22;22/09/2021,92.22
23/09/2021;91.73;23/09/2021,91.73
24/09/2021;90.71;24/09/2021,90.71
27/09/2021;92.60;27/09/2021,92.6
28/09/2021;93.16;28/09/2021,93.16
29/09/2021;93.40;29/09/2021,93.4
30/09/2021;91.97;30/09/2021,91.97
01/10/2021;91.29;01/10/2021,91.29
04/10/2021;90.41;04/10/2021,90.41
05/10/2021;90.27;05/10/2021,90.27
06/10/2021;89.73;06/10/2021,89.73
07/10/2021;88.64;07/10/2021,88.64
08/10/2021;88.57;08/10/2021,88.57
11/10/2021;88.83;11/10/2021,88.83
13/10/2021;88.69;13/10/2021,88.69
14/10/2021;88.82;14/10/2021,88.82
15/10/2021;88.93;15/10/2021,88.93
18/10/2021;89.61;18/10/2021,89.61
19/10/2021;89.37;19/10/2021,89.37
20/10/2021;88.68;20/10/2021,88.68
21/10/2021;88.53;21/10/2021,88.53
22/10/2021;88.52;22/10/2021,88.52
25/10/2021;87.70;25/10/2021,87.7
26/10/2021;87.55;26/10/2021,87.55
27/10/2021;87.79;27/10/2021,87.79
28/10/2021;87.90;28/10/2021,87.9
29/10/2021;88.44;29/10/2021,88.44
01/11/2021;90.15;01/11/2021,90.15
03/11/2021;88.99;03/11/2021,88.99
04/11/2021;88.63;04/11/2021,88.63
05/11/2021;87.07;05/11/2021,87.07
08/11/2021;86.97;08/11/2021,86.97
09/11/2021;85.36;09/11/2021,85.36
10/11/2021;85.05;10/11/2021,85.05
11/11/2021;84.06;11/11/2021,84.06
12/11/2021;83.31;12/11/2021,83.31
16/11/2021;83.03;16/11/2021,83.03
17/11/2021;84.45;17/11/2021,84.45
18/11/2021;85.09;18/11/2021,85.09
19/11/2021;86.09;19/11/2021,86.09
22/11/2021;87.41;22/11/2021,87.41
23/11/2021;89.16;23/11/2021,89.16
24/11/2021;87.76;24/11/2021,87.76
25/11/2021;88.69;25/11/2021,88.69
26/11/2021;88.90;26/11/2021,88.9
29/11/2021;89.33;29/11/2021,89.33
30/11/2021;88.77;30/11/2021,88.77
01/12/2021;90.35;01/12/2021,90.35
02/12/2021;91.85;02/12/2021,91.85
03/12/2021;93.09;03/12/2021,93.09
06/12/2021;94.67;06/12/2021,94.67
07/12/2021;94.47;07/12/2021,94.47
08/12/2021;93.49;08/12/2021,93.49
09/12/2021;93.21;09/12/2021,93.21
10/12/2021;93.20;10/12/2021,93.2
13/12/2021;93.73;13/12/2021,93.73
14/12/2021;93.33;14/12/2021,93.33
15/12/2021;91.21;15/12/2021,91.21
16/12/2021;90.70;16/12/2021,90.7
17/12/2021;89.39;17/12/2021,89.39
20/12/2021;89.95;20/12/2021,89.95
21/12/2021;93.20;21/12/2021,93.2
22/12/2021;92.56;22/12/2021,92.56
23/12/2021;93.16;23/12/2021,93.16
27/12/2021;93.26;27/12/2021,93.26
28/12/2021;89.37;28/12/2021,89.37
29/12/2021;89.24;29/12/2021,89.24
30/12/2021;88.67;30/12/2021,88.67
03/01/2022;91.15;03/01/2022,91.15
04/01/2022;93.83;04/01/2022,93.83
05/01/2022;93.41;05/01/2022,93.41
06/01/2022;93.56;06/01/2022,93.56
07/01/2022;94.16;07/01/2022,94.16
10/01/2022;94.32;10/01/2022,94.32
11/01/2022;94.94;11/01/2022,94.94
12/01/2022;95.79;12/01/2022,95.79
13/01/2022;95.84;13/01/2022,95.84
14/01/2022;96.71;14/01/2022,96.71
17/01/2022;96.81;17/01/2022,96.81
18/01/2022;99.34;18/01/2022,99.34
19/01/2022;100.00;19/01/2022,100
20/01/2022;99.32;20/01/2022,99.32
21/01/2022;99.77;21/01/2022,99.77
24/01/2022;101.00;24/01/2022,101
25/01/2022;100.53;25/01/2022,100.53
26/01/2022;99.57;26/01/2022,99.57
27/01/2022;100.32;27/01/2022,100.32
28/01/2022;99.03;28/01/2022,99.03
31/01/2022;98.75;31/01/2022,98.75
01/02/2022;98.28;01/02/2022,98.28
02/02/2022;97.19;02/02/2022,97.19
03/02/2022;96.85;03/02/2022,96.85
04/02/2022;96.75;04/02/2022,96.75
07/02/2022;99.40;07/02/2022,99.4
08/02/2022;98.84;08/02/2022,98.84
09/02/2022;98.89;09/02/2022,98.89
10/02/2022;98.45;10/02/2022,98.45
11/02/2022;99.55;11/02/2022,99.55
14/02/2022;99.33;14/02/2022,99.33
15/02/2022;97.09;15/02/2022,97.09
16/02/2022;96.91;16/02/2022,96.91
17/02/2022;96.83;17/02/2022,96.83
18/02/2022;96.80;18/02/2022,96.8
21/02/2022;97.03;21/02/2022,97.03
22/02/2022;97.98;22/02/2022,97.98
23/02/2022;98.13;23/02/2022,98.13
24/02/2022;98.71;24/02/2022,98.71
25/02/2022;97.40;25/02/2022,97.4
02/03/2022;99.53;02/03/2022,99.53
03/03/2022;100.51;03/03/2022,100.51
04/03/2022;102.33;04/03/2022,102.33
07/03/2022;101.82;07/03/2022,101.82
08/03/2022;102.00;08/03/2022,102
09/03/2022;101.88;09/03/2022,101.88
10/03/2022;102.42;10/03/2022,102.42
11/03/2022;102.45;11/03/2022,102.45
14/03/2022;103.70;14/03/2022,103.7
15/03/2022;103.78;15/03/2022,103.78
16/03/2022;102.65;16/03/2022,102.65
17/03/2022;102.47;17/03/2022,102.47
18/03/2022;101.29;18/03/2022,101.29
21/03/2022;101.32;21/03/2022,101.32
22/03/2022;99.43;22/03/2022,99.43
23/03/2022;98.43;23/03/2022,98.43
24/03/2022;97.30;24/03/2022,97.3
25/03/2022;93.35;25/03/2022,93.35
28/03/2022;89.89;28/03/2022,89.89
29/03/2022;86.41;29/03/2022,86.41
30/03/2022;88.61;30/03/2022,88.61
31/03/2022;91.31;31/03/2022,91.31
01/04/2022;89.17;01/04/2022,89.17
04/04/2022;87.35;04/04/2022,87.35
05/04/2022;88.37;05/04/2022,88.37
06/04/2022;88.01;06/04/2022,88.01
07/04/2022;86.53;07/04/2022,86.53
08/04/2022;87.20;08/04/2022,87.2
11/04/2022;86.87;11/04/2022,86.87
12/04/2022;88.03;12/04/2022,88.03
13/04/2022;88.06;13/04/2022,88.06
14/04/2022;88.51;14/04/2022,88.51
18/04/2022;89.86;18/04/2022,89.86
19/04/2022;90.77;19/04/2022,90.77
20/04/2022;91.91;20/04/2022,91.91
22/04/2022;92.38;22/04/2022,92.38
25/04/2022;93.69;25/04/2022,93.69
26/04/2022;95.12;26/04/2022,95.12
27/04/2022;93.40;27/04/2022,93.4
28/04/2022;91.60;28/04/2022,91.6
29/04/2022;92.26;29/04/2022,92.26
02/05/2022;91.87;02/05/2022,91.87
03/05/2022;90.07;03/05/2022,90.07
04/05/2022;89.40;04/05/2022,89.4
05/05/2022;88.88;05/05/2022,88.88
06/05/2022;87.86;06/05/2022,87.86
09/05/2022;86.79;09/05/2022,86.79
10/05/2022;86.80;10/05/2022,86.8
11/05/2022;86.31;11/05/2022,86.31
12/05/2022;86.98;12/05/2022,86.98
13/05/2022;86.75;13/05/2022,86.75
16/05/2022;86.97;16/05/2022,86.97
17/05/2022;95.08;17/05/2022,95.08
18/05/2022;93.50;18/05/2022,93.5
19/05/2022;93.06;19/05/2022,93.06
20/05/2022;92.08;20/05/2022,92.08
23/05/2022;90.84;23/05/2022,90.84
24/05/2022;92.10;24/05/2022,92.1
25/05/2022;91.31;25/05/2022,91.31
26/05/2022;90.56;26/05/2022,90.56
27/05/2022;90.74;27/05/2022,90.74
30/05/2022;89.18;30/05/2022,89.18
31/05/2022;88.42;31/05/2022,88.42
01/06/2022;87.13;01/06/2022,87.13
02/06/2022;86.56;02/06/2022,86.56
03/06/2022;86.34;03/06/2022,86.34
06/06/2022;87.11;06/06/2022,87.11
07/06/2022;88.41;07/06/2022,88.41
08/06/2022;88.42;08/06/2022,88.42
09/06/2022;89.60;09/06/2022,89.6
10/06/2022;89.31;10/06/2022,89.31
13/06/2022;89.03;13/06/2022,89.03
14/06/2022;88.93;14/06/2022,88.93
15/06/2022;90.02;15/06/2022,90.02
17/06/2022;91.25;17/06/2022,91.25
20/06/2022;91.83;20/06/2022,91.83
21/06/2022;89.03;21/06/2022,89.03
22/06/2022;87.64;22/06/2022,87.64
23/06/2022;86.70;23/06/2022,86.7
24/06/2022;87.46;24/06/2022,87.46
27/06/2022;85.89;27/06/2022,85.89
28/06/2022;86.20;28/06/2022,86.2
29/06/2022;84.62;29/06/2022,84.62
30/06/2022;84.64;30/06/2022,84.64
01/07/2022;84.33;01/07/2022,84.33
04/07/2022;83.45;04/07/2022,83.45
05/07/2022;82.10;05/07/2022,82.1
06/07/2022;82.11;06/07/2022,82.11
07/07/2022;82.82;07/07/2022,82.82
08/07/2022;82.70;08/07/2022,82.7
11/07/2022;82.94;11/07/2022,82.94
12/07/2022;82.63;12/07/2022,82.63
13/07/2022;82.78;13/07/2022,82.78
14/07/2022;82.54;14/07/2022,82.54
15/07/2022;82.59;15/07/2022,82.59
18/07/2022;87.99;18/07/2022,87.99
19/07/2022;85.32;19/07/2022,85.32
20/07/2022;85.12;20/07/2022,85.12
21/07/2022;83.65;21/07/2022,83.65
22/07/2022;82.96;22/07/2022,82.96
25/07/2022;83.87;25/07/2022,83.87
26/07/2022;87.35;26/07/2022,87.35
27/07/2022;86.70;27/07/2022,86.7
28/07/2022;88.51;28/07/2022,88.51
29/07/2022;86.11;29/07/2022,86.11
01/08/2022;85.83;01/08/2022,85.83
02/08/2022;85.62;02/08/2022,85.62
03/08/2022;85.85;03/08/2022,85.85
04/08/2022;87.31;04/08/2022,87.31
05/08/2022;87.06;05/08/2022,87.06
08/08/2022;86.13;08/08/2022,86.13
09/08/2022;87.77;09/08/2022,87.77
10/08/2022;87.08;10/08/2022,87.08
11/08/2022;89.16;11/08/2022,89.16
12/08/2022;88.74;12/08/2022,88.74
15/08/2022;87.52;15/08/2022,87.52
16/08/2022;85.69;16/08/2022,85.69
17/08/2022;85.75;17/08/2022,85.75
18/08/2022;85.80;18/08/2022,85.8
19/08/2022;85.26;19/08/2022,85.26
22/08/2022;84.38;22/08/2022,84.38
23/08/2022;85.25;23/08/2022,85.25
24/08/2022;85.22;24/08/2022,85.22
25/08/2022;84.84;25/08/2022,84.84
26/08/2022;86.54;26/08/2022,86.54
29/08/2022;86.06;29/08/2022,86.06
30/08/2022;85.57;30/08/2022,85.57
31/08/2022;85.50;31/08/2022,85.5
01/09/2022;84.71;01/09/2022,84.71
02/09/2022;84.63;02/09/2022,84.63
05/09/2022;84.30;05/09/2022,84.3
06/09/2022;84.66;06/09/2022,84.66
08/09/2022;84.27;08/09/2022,84.27
09/09/2022;83.79;09/09/2022,83.79
12/09/2022;83.61;12/09/2022,83.61
13/09/2022;84.05;13/09/2022,84.05
14/09/2022;83.55;14/09/2022,83.55
15/09/2022;84.18;15/09/2022,84.18
16/09/2022;89.97;16/09/2022,89.97
19/09/2022;89.11;19/09/2022,89.11
20/09/2022;89.43;20/09/2022,89.43
21/09/2022;89.47;21/09/2022,89.47
22/09/2022;89.66;22/09/2022,89.66
23/09/2022;89.21;23/09/2022,89.21
26/09/2022;89.79;26/09/2022,89.79
27/09/2022;89.12;27/09/2022,89.12
28/09/2022;88.84;28/09/2022,88.84
29/09/2022;89.03;29/09/2022,89.03
30/09/2022;89.76;30/09/2022,89.76
03/10/2022;87.82;03/10/2022,87.82
04/10/2022;86.41;04/10/2022,86.41
05/10/2022;86.82;05/10/2022,86.82
06/10/2022;86.17;06/10/2022,86.17
07/10/2022;86.44;07/10/2022,86.44
10/10/2022;86.67;10/10/2022,86.67
11/10/2022;86.40;11/10/2022,86.4
13/10/2022;87.69;13/10/2022,87.69
14/10/2022;87.58;14/10/2022,87.58
17/10/2022;87.08;17/10/2022,87.08
18/10/2022;86.86;18/10/2022,86.86
19/10/2022;87.08;19/10/2022,87.08
20/10/2022;86.56;20/10/2022,86.56
21/10/2022;86.25;21/10/2022,86.25
24/10/2022;85.90;24/10/2022,85.9
25/10/2022;86.21;25/10/2022,86.21
26/10/2022;86.31;26/10/2022,86.31
27/10/2022;86.39;27/10/2022,86.39
28/10/2022;86.44;28/10/2022,86.44
31/10/2022;86.60;31/10/2022,86.6
01/11/2022;86.76;01/11/2022,86.76
03/11/2022;86.07;03/11/2022,86.07
04/11/2022;85.64;04/11/2022,85.64
07/11/2022;85.76;07/11/2022,85.76
08/11/2022;85.83;08/11/2022,85.83
09/11/2022;85.73;09/11/2022,85.73
10/11/2022;85.42;10/11/2022,85.42
11/11/2022;84.94;11/11/2022,84.94
14/11/2022;84.01;14/11/2022,84.01
16/11/2022;83.81;16/11/2022,83.81
17/11/2022;87.98;17/11/2022,87.98
18/11/2022;89.22;18/11/2022,89.22
21/11/2022;88.74;21/11/2022,88.74
22/11/2022;89.47;22/11/2022,89.47
23/11/2022;89.67;23/11/2022,89.67
24/11/2022;90.16;24/11/2022,90.16
25/11/2022;90.42;25/11/2022,90.42
28/11/2022;90.10;28/11/2022,90.1
29/11/2022;88.59;29/11/2022,88.59
30/11/2022;88.47;30/11/2022,88.47
01/12/2022;88.35;01/12/2022,88.35
02/12/2022;87.43;02/12/2022,87.43
05/12/2022;87.25;05/12/2022,87.25
06/12/2022;87.48;06/12/2022,87.48
07/12/2022;87.20;07/12/2022,87.2
08/12/2022;87.55;08/12/2022,87.55
09/12/2022;87.53;09/12/2022,87.53
12/12/2022;88.13;12/12/2022,88.13
13/12/2022;87.74;13/12/2022,87.74
14/12/2022;87.93;14/12/2022,87.93
15/12/2022;87.91;15/12/2022,87.91
16/12/2022;88.03;16/12/2022,88.03
19/12/2022;88.04;19/12/2022,88.04
20/12/2022;87.93;20/12/2022,87.93
21/12/2022;88.06;21/12/2022,88.06
22/12/2022;88.08;22/12/2022,88.08
23/12/2022;88.03;23/12/2022,88.03
26/12/2022;88.04;26/12/2022,88.04
27/12/2022;88.27;27/12/2022,88.27
28/12/2022;89.42;28/12/2022,89.42
29/12/2022;89.83;29/12/2022,89.83
02/01/2023;88.92;02/01/2023,88.92
03/01/2023;88.03;03/01/2023,88.03
04/01/2023;87.81;04/01/2023,87.81
05/01/2023;87.55;05/01/2023,87.55
06/01/2023;88.11;06/01/2023,88.11
09/01/2023;88.35;09/01/2023,88.35
10/01/2023;88.02;10/01/2023,88.02
11/01/2023;87.64;11/01/2023,87.64
12/01/2023;87.50;12/01/2023,87.5
13/01/2023;87.00;13/01/2023,87
16/01/2023;86.71;16/01/2023,86.71
17/01/2023;91.91;17/01/2023,91.91
18/01/2023;91.52;18/01/2023,91.52
19/01/2023;90.78;19/01/2023,90.78
20/01/2023;90.41;20/01/2023,90.41
23/01/2023;89.97;23/01/2023,89.97
24/01/2023;89.76;24/01/2023,89.76
25/01/2023;89.11;25/01/2023,89.11
26/01/2023;88.83;26/01/2023,88.83
27/01/2023;87.80;27/01/2023,87.8
30/01/2023;88.88;30/01/2023,88.88
31/01/2023;89.00;31/01/2023,89
01/02/2023;89.56;01/02/2023,89.56
02/02/2023;88.98;02/02/2023,88.98
03/02/2023;88.78;03/02/2023,88.78
06/02/2023;88.63;06/02/2023,88.63
07/02/2023;87.78;07/02/2023,87.78
08/02/2023;87.35;08/02/2023,87.35
09/02/2023;87.41;09/02/2023,87.41
10/02/2023;88.89;10/02/2023,88.89
13/02/2023;89.38;13/02/2023,89.38
14/02/2023;88.90;14/02/2023,88.9
15/02/2023;88.46;15/02/2023,88.46
16/02/2023;88.67;16/02/2023,88.67
17/02/2023;88.96;17/02/2023,88.96
22/02/2023;88.37;22/02/2023,88.37
23/02/2023;88.32;23/02/2023,88.32
24/02/2023;87.93;24/02/2023,87.93
27/02/2023;87.24;27/02/2023,87.24
28/02/2023;87.29;28/02/2023,87.29
01/03/2023;86.96;01/03/2023,86.96
02/03/2023;87.20;02/03/2023,87.2
03/03/2023;87.20;03/03/2023,87.2
06/03/2023;87.07;06/03/2023,87.07
07/03/2023;86.78;07/03/2023,86.78
08/03/2023;86.20;08/03/2023,86.2
09/03/2023;86.35;09/03/2023,86.35
10/03/2023;86.05;10/03/2023,86.05
13/03/2023;85.85;13/03/2023,85.85
14/03/2023;85.74;14/03/2023,85.74
15/03/2023;85.51;15/03/2023,85.51
16/03/2023;86.75;16/03/2023,86.75
17/03/2023;86.38;17/03/2023,86.38
20/03/2023;85.86;20/03/2023,85.86
21/03/2023;85.22;21/03/2023,85.22
22/03/2023;83.84;22/03/2023,83.84
23/03/2023;83.92;23/03/2023,83.92
24/03/2023;84.03;24/03/2023,84.03
27/03/2023;83.92;27/03/2023,83.92
28/03/2023;82.58;28/03/2023,82.58
29/03/2023;82.19;29/03/2023,82.19
30/03/2023;81.06;30/03/2023,81.06
31/03/2023;79.63;31/03/2023,79.63
03/04/2023;80.60;03/04/2023,80.6
04/04/2023;79.93;04/04/2023,79.93
05/04/2023;80.02;05/04/2023,80.02
06/04/2023;79.79;06/04/2023,79.79
10/04/2023;78.65;10/04/2023,78.65
11/04/2023;76.24;11/04/2023,76.24
12/04/2023;74.76;12/04/2023,74.76
13/04/2023;73.35;13/04/2023,73.35
14/04/2023;73.80;14/04/2023,73.8
17/04/2023;72.00;17/04/2023,72
18/04/2023;70.03;18/04/2023,70.03
19/04/2023;68.98;19/04/2023,68.98
20/04/2023;66.72;20/04/2023,66.72
24/04/2023;64.22;24/04/2023,64.22
25/04/2023;67.26;25/04/2023,67.26
26/04/2023;66.05;26/04/2023,66.05
27/04/2023;64.25;27/04/2023,64.25
28/04/2023;65.29;28/04/2023,65.29
02/05/2023;63.46;02/05/2023,63.46
03/05/2023;62.64;03/05/2023,62.64
04/05/2023;62.47;04/05/2023,62.47
05/05/2023;61.12;05/05/2023,61.12
08/05/2023;61.33;08/05/2023,61.33
09/05/2023;59.73;09/05/2023,59.73
10/05/2023;59.14;10/05/2023,59.14
11/05/2023;59.00;11/05/2023,59
12/05/2023;58.27;12/05/2023,58.27
15/05/2023;58.77;15/05/2023,58.77
16/05/2023;55.68;16/05/2023,55.68
17/05/2023;54.42;17/05/2023,54.42
18/05/2023;53.44;18/05/2023,53.44
19/05/2023;54.58;19/05/2023,54.58
22/05/2023;54.74;22/05/2023,54.74
23/05/2023;55.90;23/05/2023,55.9
24/05/2023;56.03;24/05/2023,56.03
25/05/2023;56.06;25/05/2023,56.06
26/05/2023;58.39;26/05/2023,58.39
29/05/2023;58.51;29/05/2023,58.51
30/05/2023;55.58;30/05/2023,55.58
31/05/2023;53.71;31/05/2023,53.71
01/06/2023;54.65;01/06/2023,54.65
02/06/2023;53.83;02/06/2023,53.83
05/06/2023;52.91;05/06/2023,52.91
06/06/2023;52.96;06/06/2023,52.96
07/06/2023;53.38;07/06/2023,53.38
09/06/2023;53.27;09/06/2023,53.27
12/06/2023;53.18;12/06/2023,53.18
13/06/2023;53.23;13/06/2023,53.23
14/06/2023;53.52;14/06/2023,53.52
15/06/2023;54.76;15/06/2023,54.76
16/06/2023;57.20;16/06/2023,57.2
19/06/2023;56.22;19/06/2023,56.22
20/06/2023;56.31;20/06/2023,56.31
21/06/2023;59.13;21/06/2023,59.13
22/06/2023;58.59;22/06/2023,58.59
23/06/2023;56.13;23/06/2023,56.13
26/06/2023;57.29;26/06/2023,57.29
27/06/2023;55.70;27/06/2023,55.7
28/06/2023;55.25;28/06/2023,55.25
29/06/2023;54.48;29/06/2023,54.48
30/06/2023;53.30;30/06/2023,53.3
03/07/2023;52.94;03/07/2023,52.94
04/07/2023;53.72;04/07/2023,53.72
05/07/2023;53.20;05/07/2023,53.2
06/07/2023;54.47;06/07/2023,54.47
07/07/2023;53.70;07/07/2023,53.7
10/07/2023;54.38;10/07/2023,54.38
11/07/2023;55.40;11/07/2023,55.4
12/07/2023;54.84;12/07/2023,54.84
13/07/2023;55.26;13/07/2023,55.26
14/07/2023;54.40;14/07/2023,54.4
17/07/2023;54.29;17/07/2023,54.29
18/07/2023;57.67;18/07/2023,57.67
19/07/2023;59.48;19/07/2023,59.48
20/07/2023;57.61;20/07/2023,57.61
21/07/2023;57.29;21/07/2023,57.29
24/07/2023;58.15;24/07/2023,58.15
25/07/2023;57.37;25/07/2023,57.37
26/07/2023;56.60;26/07/2023,56.6
27/07/2023;57.11;27/07/2023,57.11
28/07/2023;55.87;28/07/2023,55.87
31/07/2023;55.35;31/07/2023,55.35
01/08/2023;55.57;01/08/2023,55.57
02/08/2023;55.43;02/08/2023,55.43
03/08/2023;55.41;03/08/2023,55.41
04/08/2023;54.94;04/08/2023,54.94
07/08/2023;55.07;07/08/2023,55.07
08/08/2023;55.73;08/08/2023,55.73
09/08/2023;55.15;09/08/2023,55.15
10/08/2023;54.86;10/08/2023,54.86
11/08/2023;53.65;11/08/2023,53.65
14/08/2023;53.09;14/08/2023,53.09
15/08/2023;52.71;15/08/2023,52.71
16/08/2023;53.13;16/08/2023,53.13
17/08/2023;53.61;17/08/2023,53.61
18/08/2023;54.33;18/08/2023,54.33
21/08/2023;53.50;21/08/2023,53.5
22/08/2023;53.81;22/08/2023,53.81
23/08/2023;53.60;23/08/2023,53.6
24/08/2023;54.11;24/08/2023,54.11
25/08/2023;54.19;25/08/2023,54.19
28/08/2023;54.07;28/08/2023,54.07
29/08/2023;53.36;29/08/2023,53.36
30/08/2023;53.06;30/08/2023,53.06
31/08/2023;53.15;31/08/2023,53.15
01/09/2023;53.18;01/09/2023,53.18
04/09/2023;53.49;04/09/2023,53.49
05/09/2023;53.98;05/09/2023,53.98
06/09/2023;54.95;06/09/2023,54.95
08/09/2023;54.72;08/09/2023,54.72
11/09/2023;54.99;11/09/2023,54.99
12/09/2023;54.48;12/09/2023,54.48
13/09/2023;53.83;13/09/2023,53.83
14/09/2023;53.47;14/09/2023,53.47
15/09/2023;53.64;15/09/2023,53.64
18/09/2023;57.45;18/09/2023,57.45
19/09/2023;57.09;19/09/2023,57.09
20/09/2023;57.18;20/09/2023,57.18
21/09/2023;56.76;21/09/2023,56.76
22/09/2023;56.91;22/09/2023,56.91
25/09/2023;58.00;25/09/2023,58
26/09/2023;57.82;26/09/2023,57.82
27/09/2023;58.39;27/09/2023,58.39
28/09/2023;58.57;28/09/2023,58.57
29/09/2023;58.29;29/09/2023,58.29
02/10/2023;59.36;02/10/2023,59.36
03/10/2023;59.77;03/10/2023,59.77
04/10/2023;59.91;04/10/2023,59.91
05/10/2023;60.84;05/10/2023,60.84
06/10/2023;60.70;06/10/2023,60.7
09/10/2023;61.22;09/10/2023,61.22
10/10/2023;60.49;10/10/2023,60.49
11/10/2023;61.35;11/10/2023,61.35
13/10/2023;62.14;13/10/2023,62.14
16/10/2023;61.90;16/10/2023,61.9
17/10/2023;60.55;17/10/2023,60.55
18/10/2023;60.46;18/10/2023,60.46
19/10/2023;61.29;19/10/2023,61.29
20/10/2023;60.64;20/10/2023,60.64
23/10/2023;60.03;23/10/2023,60.03
24/10/2023;59.18;24/10/2023,59.18
25/10/2023;59.33;25/10/2023,59.33
26/10/2023;59.40;26/10/2023,59.4
27/10/2023;60.23;27/10/2023,60.23
30/10/2023;60.82;30/10/2023,60.82
31/10/2023;60.70;31/10/2023,60.7
01/11/2023;60.20;01/11/2023,60.2
03/11/2023;60.14;03/11/2023,60.14
06/11/2023;60.69;06/11/2023,60.69
07/11/2023;59.98;07/11/2023,59.98
08/11/2023;59.96;08/11/2023,59.96
09/11/2023;59.91;09/11/2023,59.91
10/11/2023;60.28;10/11/2023,60.28
13/11/2023;60.66;13/11/2023,60.66
14/11/2023;60.08;14/11/2023,60.08
16/11/2023;60.32;16/11/2023,60.32
17/11/2023;67.03;17/11/2023,67.03
20/11/2023;67.76;20/11/2023,67.76
21/11/2023;68.91;21/11/2023,68.91
22/11/2023;68.81;22/11/2023,68.81
23/11/2023;67.72;23/11/2023,67.72
24/11/2023;66.76;24/11/2023,66.76
27/11/2023;65.77;27/11/2023,65.77
28/11/2023;68.21;28/11/2023,68.21
29/11/2023;67.93;29/11/2023,67.93
30/11/2023;69.88;30/11/2023,69.88
01/12/2023;69.90;01/12/2023,69.9
04/12/2023;69.98;04/12/2023,69.98
05/12/2023;70.59;05/12/2023,70.59
06/12/2023;70.09;06/12/2023,70.09
07/12/2023;70.97;07/12/2023,70.97
08/12/2023;71.45;08/12/2023,71.45
11/12/2023;71.37;11/12/2023,71.37
12/12/2023;73.07;12/12/2023,73.07
13/12/2023;73.13;13/12/2023,73.13
14/12/2023;72.23;14/12/2023,72.23
15/12/2023;73.12;15/12/2023,73.12
18/12/2023;72.50;18/12/2023,72.5
19/12/2023;70.48;19/12/2023,70.48
20/12/2023;71.47;20/12/2023,71.47
21/12/2023;71.44;21/12/2023,71.44
22/12/2023;70.39;22/12/2023,70.39
26/12/2023;70.16;26/12/2023,70.16
27/12/2023;69.56;27/12/2023,69.56
28/12/2023;71.12;28/12/2023,71.12
02/01/2024;71.88;02/01/2024,71.88
03/01/2024;72.35;03/01/2024,72.35
04/01/2024;72.45;04/01/2024,72.45
05/01/2024;72.71;05/01/2024,72.71
08/01/2024;71.29;08/01/2024,71.29
09/01/2024;70.90;09/01/2024,70.9
10/01/2024;69.64;10/01/2024,69.64
11/01/2024;68.84;11/01/2024,68.84
12/01/2024;67.86;12/01/2024,67.86
15/01/2024;67.11;15/01/2024,67.11
16/01/2024;66.92;16/01/2024,66.92
17/01/2024;67.93;17/01/2024,67.93
18/01/2024;66.72;18/01/2024,66.72
19/01/2024;65.40;19/01/2024,65.4
22/01/2024;64.62;22/01/2024,64.62
23/01/2024;66.14;23/01/2024,66.14
24/01/2024;66.61;24/01/2024,66.61
25/01/2024;67.27;25/01/2024,67.27
26/01/2024;65.57;26/01/2024,65.57
29/01/2024;64.30;29/01/2024,64.3
30/01/2024;64.38;30/01/2024,64.38
31/01/2024;65.17;31/01/2024,65.17
01/02/2024;64.13;01/02/2024,64.13
02/02/2024;64.13;02/02/2024,64.13
05/02/2024;65.46;05/02/2024,65.46
06/02/2024;65.32;06/02/2024,65.32
07/02/2024;64.42;07/02/2024,64.42
08/02/2024;65.21;08/02/2024,65.21
09/02/2024;64.98;09/02/2024,64.98
14/02/2024;64.54;14/02/2024,64.54
15/02/2024;64.59;15/02/2024,64.59
16/02/2024;64.51;16/02/2024,64.51
19/02/2024;65.08;19/02/2024,65.08
20/02/2024;64.83;20/02/2024,64.83
21/02/2024;64.37;21/02/2024,64.37
22/02/2024;64.07;22/02/2024,64.07
23/02/2024;61.96;23/02/2024,61.96
26/02/2024;61.01;26/02/2024,61.01
27/02/2024;61.08;27/02/2024,61.08
28/02/2024;60.28;28/02/2024,60.28
29/02/2024;60.22;29/02/2024,60.22
01/03/2024;61.10;01/03/2024,61.1
04/03/2024;62.19;04/03/2024,62.19
05/03/2024;62.60;05/03/2024,62.6
06/03/2024;62.66;06/03/2024,62.66
07/03/2024;63.40;07/03/2024,63.4
08/03/2024;63.17;08/03/2024,63.17
11/03/2024;62.91;11/03/2024,62.91
12/03/2024;63.40;12/03/2024,63.4
13/03/2024;63.47;13/03/2024,63.47
14/03/2024;63.03;14/03/2024,63.03
15/03/2024;63.14;15/03/2024,63.14
18/03/2024;60.95;18/03/2024,60.95
19/03/2024;61.58;19/03/2024,61.58
20/03/2024;60.68;20/03/2024,60.68
21/03/2024;60.52;21/03/2024,60.52
22/03/2024;60.13;22/03/2024,60.13
25/03/2024;61.28;25/03/2024,61.28
26/03/2024;59.92;26/03/2024,59.92
27/03/2024;59.66;27/03/2024,59.66
28/03/2024;60.40;28/03/2024,60.4
01/04/2024;59.54;01/04/2024,59.54
02/04/2024;58.89;02/04/2024,58.89
03/04/2024;58.89;03/04/2024,58.89
04/04/2024;59.39;04/04/2024,59.39
05/04/2024;58.98;05/04/2024,58.98
08/04/2024;58.01;08/04/2024,58.01
09/04/2024;56.95;09/04/2024,56.95
10/04/2024;57.77;10/04/2024,57.77
11/04/2024;57.06;11/04/2024,57.06
12/04/2024;57.32;12/04/2024,57.32
15/04/2024;58.42;15/04/2024,58.42
16/04/2024;58.84;16/04/2024,58.84
17/04/2024;58.15;17/04/2024,58.15
18/04/2024;57.81;18/04/2024,57.81
19/04/2024;58.05;19/04/2024,58.05
22/04/2024;57.78;22/04/2024,57.78
23/04/2024;57.66;23/04/2024,57.66
24/04/2024;57.73;24/04/2024,57.73
25/04/2024;57.90;25/04/2024,57.9
26/04/2024;56.88;26/04/2024,56.88
29/04/2024;56.97;29/04/2024,56.97
30/04/2024;57.34;30/04/2024,57.34
02/05/2024;57.35;02/05/2024,57.35
03/05/2024;57.15;03/05/2024,57.15
06/05/2024;58.24;06/05/2024,58.24
07/05/2024;57.86;07/05/2024,57.86
08/05/2024;57.71;08/05/2024,57.71
09/05/2024;57.91;09/05/2024,57.91
10/05/2024;57.93;10/05/2024,57.93
13/05/2024;58.72;13/05/2024,58.72
14/05/2024;58.71;14/05/2024,58.71
15/05/2024;58.82;15/05/2024,58.82
16/05/2024;59.15;16/05/2024,59.15
17/05/2024;58.64;17/05/2024,58.64
20/05/2024;59.37;20/05/2024,59.37
21/05/2024;59.57;21/05/2024,59.57
22/05/2024;59.57;22/05/2024,59.57
23/05/2024;59.25;23/05/2024,59.25
24/05/2024;59.39;24/05/2024,59.39
27/05/2024;59.93;27/05/2024,59.93
28/05/2024;58.99;28/05/2024,58.99
29/05/2024;58.67;29/05/2024,58.67
31/05/2024;58.22;31/05/2024,58.22
03/06/2024;57.38;03/06/2024,57.38
04/06/2024;57.07;04/06/2024,57.07
05/06/2024;56.39;05/06/2024,56.39
06/06/2024;57.36;06/06/2024,57.36
07/06/2024;57.13;07/06/2024,57.13
10/06/2024;58.38;10/06/2024,58.38
11/06/2024;58.65;11/06/2024,58.65
12/06/2024;58.76;12/06/2024,58.76
13/06/2024;58.38;13/06/2024,58.38
14/06/2024;57.57;14/06/2024,57.57
17/06/2024;57.09;17/06/2024,57.09
18/06/2024;57.15;18/06/2024,57.15
19/06/2024;58.08;19/06/2024,58.08
20/06/2024;57.49;20/06/2024,57.49
21/06/2024;57.59;21/06/2024,57.59
24/06/2024;57.78;24/06/2024,57.78
25/06/2024;57.15;25/06/2024,57.15
26/06/2024;57.11;26/06/2024,57.11
27/06/2024;57.92;27/06/2024,57.92
28/06/2024;57.02;28/06/2024,57.02
01/07/2024;56.73;01/07/2024,56.73
02/07/2024;57.37;02/07/2024,57.37
03/07/2024;56.62;03/07/2024,56.62
04/07/2024;55.89;04/07/2024,55.89
05/07/2024;55.99;05/07/2024,55.99
08/07/2024;55.66;08/07/2024,55.66
09/07/2024;55.88;09/07/2024,55.88
10/07/2024;56.03;10/07/2024,56.03
11/07/2024;55.71;11/07/2024,55.71
12/07/2024;56.29;12/07/2024,56.29
15/07/2024;56.51;15/07/2024,56.51
16/07/2024;58.61;16/07/2024,58.61
17/07/2024;59.05;17/07/2024,59.05
18/07/2024;58.26;18/07/2024,58.26
19/07/2024;59.08;19/07/2024,59.08
22/07/2024;60.52;22/07/2024,60.52
23/07/2024;60.94;23/07/2024,60.94
24/07/2024;61.71;24/07/2024,61.71
25/07/2024;61.34;25/07/2024,61.34
26/07/2024;61.06;26/07/2024,61.06
29/07/2024;61.16;29/07/2024,61.16
30/07/2024;60.05;30/07/2024,60.05
31/07/2024;59.59;31/07/2024,59.59
01/08/2024;60.57;01/08/2024,60.57
02/08/2024;61.74;02/08/2024,61.74
05/08/2024;61.80;05/08/2024,61.8
06/08/2024;60.37;06/08/2024,60.37
07/08/2024;60.12;07/08/2024,60.12
08/08/2024;60.06;08/08/2024,60.06
09/08/2024;60.15;09/08/2024,60.15
12/08/2024;60.39;12/08/2024,60.39
13/08/2024;59.94;13/08/2024,59.94
14/08/2024;59.72;14/08/2024,59.72
15/08/2024;60.21;15/08/2024,60.21
16/08/2024;59.39;16/08/2024,59.39
19/08/2024;60.10;19/08/2024,60.1
20/08/2024;60.50;20/08/2024,60.5
21/08/2024;60.15;21/08/2024,60.15
22/08/2024;60.48;22/08/2024,60.48
23/08/2024;60.26;23/08/2024,60.26
26/08/2024;60.15;26/08/2024,60.15
27/08/2024;60.42;27/08/2024,60.42
28/08/2024;60.45;28/08/2024,60.45
29/08/2024;61.10;29/08/2024,61.1
30/08/2024;61.61;30/08/2024,61.61
02/09/2024;61.78;02/09/2024,61.78
03/09/2024;62.18;03/09/2024,62.18
04/09/2024;63.08;04/09/2024,63.08
05/09/2024;62.70;05/09/2024,62.7
06/09/2024;62.82;06/09/2024,62.82
09/09/2024;63.85;09/09/2024,63.85
10/09/2024;63.45;10/09/2024,63.45
11/09/2024;63.37;11/09/2024,63.37
12/09/2024;63.78;12/09/2024,63.78
13/09/2024;63.91;13/09/2024,63.91
16/09/2024;62.89;16/09/2024,62.89
17/09/2024;67.30;17/09/2024,67.3
18/09/2024;66.36;18/09/2024,66.36
19/09/2024;66.88;19/09/2024,66.88
20/09/2024;67.86;20/09/2024,67.86
23/09/2024;68.13;23/09/2024,68.13
24/09/2024;68.12;24/09/2024,68.12
25/09/2024;67.69;25/09/2024,67.69
26/09/2024;68.17;26/09/2024,68.17
27/09/2024;68.64;27/09/2024,68.64
30/09/2024;68.93;30/09/2024,68.93
01/10/2024;68.97;01/10/2024,68.97
02/10/2024;69.61;02/10/2024,69.61
03/10/2024;69.48;03/10/2024,69.48
04/10/2024;68.05;04/10/2024,68.05
07/10/2024;67.00;07/10/2024,67
08/10/2024;67.83;08/10/2024,67.83
09/10/2024;68.23;09/10/2024,68.23
10/10/2024;68.82;10/10/2024,68.82
11/10/2024;68.49;11/10/2024,68.49
14/10/2024;67.38;14/10/2024,67.38
15/10/2024;68.61;15/10/2024,68.61
16/10/2024;68.51;16/10/2024,68.51
17/10/2024;68.97;17/10/2024,68.97
18/10/2024;69.26;18/10/2024,69.26
21/10/2024;70.03;21/10/2024,70.03
22/10/2024;70.88;22/10/2024,70.88
23/10/2024;71.63;23/10/2024,71.63
24/10/2024;72.20;24/10/2024,72.2
25/10/2024;72.56;25/10/2024,72.56
28/10/2024;72.28;28/10/2024,72.28
29/10/2024;73.29;29/10/2024,73.29
30/10/2024;73.20;30/10/2024,73.2
31/10/2024;72.94;31/10/2024,72.94
01/11/2024;72.99;01/11/2024,72.99
04/11/2024;72.86;04/11/2024,72.86
05/11/2024;72.22;05/11/2024,72.22
06/11/2024;72.39;06/11/2024,72.39
07/11/2024;73.57;07/11/2024,73.57
08/11/2024;73.80;08/11/2024,73.8
11/11/2024;74.44;11/11/2024,74.44
12/11/2024;74.28;12/11/2024,74.28
13/11/2024;74.12;13/11/2024,74.12
14/11/2024;74.18;14/11/2024,74.18
19/11/2024;72.92;19/11/2024,72.92
21/11/2024;72.38;21/11/2024,72.38
22/11/2024;72.00;22/11/2024,72
25/11/2024;71.31;25/11/2024,71.31
26/11/2024;70.31;26/11/2024,70.31
27/11/2024;70.65;27/11/2024,70.65
28/11/2024;70.65;28/11/2024,70.65
29/11/2024;71.42;29/11/2024,71.42
02/12/2024;72.49;02/12/2024,72.49
03/12/2024;72.33;03/12/2024,72.33
04/12/2024;71.12;04/12/2024,71.12
05/12/2024;72.32;05/12/2024,72.32
06/12/2024;73.97;06/12/2024,73.97
09/12/2024;74.89;09/12/2024,74.89
10/12/2024;75.92;10/12/2024,75.92
11/12/2024;76.38;11/12/2024,76.38
12/12/2024;75.53;12/12/2024,75.53
13/12/2024;74.43;13/12/2024,74.43
16/12/2024;74.00;16/12/2024,74
17/12/2024;74.56;17/12/2024,74.56
18/12/2024;74.66;18/12/2024,74.66
19/12/2024;73.90;19/12/2024,73.9
20/12/2024;73.29;20/12/2024,73.29
23/12/2024;73.40;23/12/2024,73.4
26/12/2024;73.17;26/12/2024,73.17
27/12/2024;73.29;27/12/2024,73.29
30/12/2024;73.80;30/12/2024,73.8
02/01/2025;73.25;02/01/2025,73.25
03/01/2025;72.73;03/01/2025,72.73
06/01/2025;73.90;06/01/2025,73.9
07/01/2025;73.59;07/01/2025,73.59
08/01/2025;74.08;08/01/2025,74.08
09/01/2025;73.90;09/01/2025,73.9
10/01/2025;74.16;10/01/2025,74.16
13/01/2025;75.07;13/01/2025,75.07
14/01/2025;74.94;14/01/2025,74.94
15/01/2025;74.86;15/01/2025,74.86
16/01/2025;76.22;16/01/2025,76.22
17/01/2025;76.67;17/01/2025,76.67
20/01/2025;78.13;20/01/2025,78.13
21/01/2025;77.56;21/01/2025,77.56
22/01/2025;76.06;22/01/2025,76.06
23/01/2025;76.33;23/01/2025,76.33
24/01/2025;75.21;24/01/2025,75.21
27/01/2025;74.91;27/01/2025,74.91
28/01/2025;74.84;28/01/2025,74.84
29/01/2025;75.74;29/01/2025,75.74
30/01/2025;76.08;30/01/2025,76.08
31/01/2025;75.56;31/01/2025,75.56
03/02/2025;75.64;03/02/2025,75.64
04/02/2025;76.62;04/02/2025,76.62
05/02/2025;77.95;05/02/2025,77.95
06/02/2025;78.22;06/02/2025,78.22
07/02/2025;78.31;07/02/2025,78.31
10/02/2025;79.27;10/02/2025,79.27
11/02/2025;78.57;11/02/2025,78.57
12/02/2025;78.65;12/02/2025,78.65
13/02/2025;79.76;13/02/2025,79.76
14/02/2025;80.75;14/02/2025,80.75
17/02/2025;80.48;17/02/2025,80.48
18/02/2025;80.74;18/02/2025,80.74
19/02/2025;80.83;19/02/2025,80.83
20/02/2025;82.72;20/02/2025,82.72
21/02/2025;85.06;21/02/2025,85.06
24/02/2025;83.75;24/02/2025,83.75
25/02/2025;84.82;25/02/2025,84.82
26/02/2025;86.36;26/02/2025,86.36
27/02/2025;86.83;27/02/2025,86.83
28/02/2025;86.70;28/02/2025,86.7
05/03/2025;86.41;05/03/2025,86.41
06/03/2025;86.64;06/03/2025,86.64
07/03/2025;86.10;07/03/2025,86.1
10/03/2025;87.85;10/03/2025,87.85
11/03/2025;87.46;11/03/2025,87.46
12/03/2025;88.69;12/03/2025,88.69
13/03/2025;89.06;13/03/2025,89.06
14/03/2025;89.75;14/03/2025,89.75
17/03/2025;89.99;17/03/2025,89.99
18/03/2025;84.44;18/03/2025,84.44
19/03/2025;83.08;19/03/2025,83.08
20/03/2025;80.33;20/03/2025,80.33
21/03/2025;79.61;21/03/2025,79.61
24/03/2025;79.34;24/03/2025,79.34
25/03/2025;77.93;25/03/2025,77.93
26/03/2025;76.98;26/03/2025,76.98
27/03/2025;77.47;27/03/2025,77.47
28/03/2025;77.07;28/03/2025,77.07
31/03/2025;77.72;31/03/2025,77.72
01/04/2025;78.53;01/04/2025,78.53
02/04/2025;77.30;02/04/2025,77.3
03/04/2025;76.63;03/04/2025,76.63
04/04/2025;76.39;04/04/2025,76.39
07/04/2025;78.57;07/04/2025,78.57
08/04/2025;80.17;08/04/2025,80.17
09/04/2025;79.56;09/04/2025,79.56
10/04/2025;80.57;10/04/2025,80.57
11/04/2025;79.33;11/04/2025,79.33
14/04/2025;78.90;14/04/2025,78.9
15/04/2025;78.24;15/04/2025,78.24
16/04/2025;77.02;16/04/2025,77.02
17/04/2025;76.90;17/04/2025,76.9
22/04/2025;77.11;22/04/2025,77.11
23/04/2025;76.54;23/04/2025,76.54
24/04/2025;76.97;24/04/2025,76.97
25/04/2025;77.13;25/04/2025,77.13
28/04/2025;75.69;28/04/2025,75.69
29/04/2025;76.41;29/04/2025,76.41
30/04/2025;76.34;30/04/2025,76.34
02/05/2025;76.47;02/05/2025,76.47
05/05/2025;75.29;05/05/2025,75.29
06/05/2025;75.09;06/05/2025,75.09
07/05/2025;74.37;07/05/2025,74.37
08/05/2025;73.93;08/05/2025,73.93
09/05/2025;73.94;09/05/2025,73.94
12/05/2025;73.92;12/05/2025,73.92
13/05/2025;73.40;13/05/2025,73.4
14/05/2025;72.86;14/05/2025,72.86
15/05/2025;73.25;15/05/2025,73.25
16/05/2025;62.01;16/05/2025,62.01
19/05/2025;62.07;19/05/2025,62.07
20/05/2025;62.97;20/05/2025,62.97
21/05/2025;64.47;21/05/2025,64.47
22/05/2025;64.47;22/05/2025,64.47
23/05/2025;63.19;23/05/2025,63.19
26/05/2025;63.60;26/05/2025,63.6
27/05/2025;64.47;27/05/2025,64.47
28/05/2025;63.65;28/05/2025,63.65
29/05/2025;62.72;29/05/2025,62.72
30/05/2025;62.95;30/05/2025,62.95
02/06/2025;62.73;02/06/2025,62.73
03/06/2025;62.73;03/06/2025,62.73
04/06/2025;64.00;04/06/2025,64
05/06/2025;64.37;05/06/2025,64.37
06/06/2025;64.60;06/06/2025,64.6
09/06/2025;64.11;09/06/2025,64.11
10/06/2025;64.24;10/06/2025,64.24
11/06/2025;63.73;11/06/2025,63.73
12/06/2025;63.10;12/06/2025,63.1
13/06/2025;63.29;13/06/2025,63.29
16/06/2025;62.41;16/06/2025,62.41
17/06/2025;62.87;17/06/2025,62.87
18/06/2025;63.07;18/06/2025,63.07
20/06/2025;63.16;20/06/2025,63.16
23/06/2025;63.78;23/06/2025,63.78
24/06/2025;64.59;24/06/2025,64.59
25/06/2025;64.31;25/06/2025,64.31
26/06/2025;63.95;26/06/2025,63.95
27/06/2025;63.54;27/06/2025,63.54
30/06/2025;63.44;30/06/2025,63.44
01/07/2025;62.98;01/07/2025,62.98
02/07/2025;62.24;02/07/2025,62.24
03/07/2025;62.51;03/07/2025,62.51
04/07/2025;61.94;04/07/2025,61.94
07/07/2025;61.61;07/07/2025,61.61
08/07/2025;62.24;08/07/2025,62.24
09/07/2025;62.99;09/07/2025,62.99
10/07/2025;62.46;10/07/2025,62.46
11/07/2025;62.46;11/07/2025,62.46
14/07/2025;63.07;14/07/2025,63.07
15/07/2025;62.81;15/07/2025,62.81
16/07/2025;64.03;16/07/2025,64.03
17/07/2025;64.48;17/07/2025,64.48
18/07/2025;65.48;18/07/2025,65.48
21/07/2025;65.10;21/07/2025,65.1
22/07/2025;65.28;22/07/2025,65.28
23/07/2025;65.13;23/07/2025,65.13
24/07/2025;65.78;24/07/2025,65.78
25/07/2025;65.64;25/07/2025,65.64
28/07/2025;65.05;28/07/2025,65.05
29/07/2025;65.15;29/07/2025,65.15
30/07/2025;66.88;30/07/2025,66.88
31/07/2025;66.83;31/07/2025,66.83
01/08/2025;67.05;01/08/2025,67.05
04/08/2025;66.58;04/08/2025,66.58
05/08/2025;65.74;05/08/2025,65.74
06/08/2025;65.54;06/08/2025,65.54
07/08/2025;65.83;07/08/2025,65.83
08/08/2025;65.19;08/08/2025,65.19
11/08/2025;65.30;11/08/2025,65.3
12/08/2025;64.78;12/08/2025,64.78
13/08/2025;64.85;13/08/2025,64.85
14/08/2025;64.51;14/08/2025,64.51
15/08/2025;64.75;15/08/2025,64.75
18/08/2025;65.74;18/08/2025,65.74
19/08/2025;66.25;19/08/2025,66.25
20/08/2025;65.37;20/08/2025,65.37
21/08/2025;66.36;21/08/2025,66.36
22/08/2025;66.16;22/08/2025,66.16
25/08/2025;65.99;25/08/2025,65.99
26/08/2025;66.12;26/08/2025,66.12
27/08/2025;65.77;27/08/2025,65.77
28/08/2025;65.12;28/08/2025,65.12
29/08/2025;65.49;29/08/2025,65.49
01/09/2025;64.99;01/09/2025,64.99
02/09/2025;64.95;02/09/2025,64.95
03/09/2025;65.31;03/09/2025,65.31
04/09/2025;65.39;04/09/2025,65.39
05/09/2025;65.37;05/09/2025,65.37
08/09/2025;65.39;08/09/2025,65.39
09/09/2025;65.47;09/09/2025,65.47
10/09/2025;65.37;10/09/2025,65.37
11/09/2025;65.19;11/09/2025,65.19
12/09/2025;65.12;12/09/2025,65.12
15/09/2025;65.03;15/09/2025,65.03
16/09/2025;67.50;16/09/2025,67.5
17/09/2025;67.18;17/09/2025,67.18
18/09/2025;67.27;18/09/2025,67.27
19/09/2025;67.34;19/09/2025,67.34
22/09/2025;66.57;22/09/2025,66.57
23/09/2025;66.44;23/09/2025,66.44
24/09/2025;66.12;24/09/2025,66.12
25/09/2025;66.52;25/09/2025,66.52
26/09/2025;66.22;26/09/2025,66.22
29/09/2025;66.11;29/09/2025,66.11
30/09/2025;65.28;30/09/2025,65.28
01/10/2025;65.51;01/10/2025,65.51
02/10/2025;65.71;02/10/2025,65.71
03/10/2025;65.98;03/10/2025,65.98
06/10/2025;66.36;06/10/2025,66.36
07/10/2025;66.40;07/10/2025,66.4
08/10/2025;66.60;08/10/2025,66.6
09/10/2025;67.24;09/10/2025,67.24
10/10/2025;67.88;10/10/2025,67.88
13/10/2025;67.23;13/10/2025,67.23
14/10/2025;67.80;14/10/2025,67.8
15/10/2025;67.51;15/10/2025,67.51
16/10/2025;67.93;16/10/2025,67.93
17/10/2025;68.40;17/10/2025,68.4
20/10/2025;68.95;20/10/2025,68.95
21/10/2025;68.50;21/10/2025,68.5
22/10/2025;68.53;22/10/2025,68.53
23/10/2025;67.26;23/10/2025,67.26
24/10/2025;67.19;24/10/2025,67.19
27/10/2025;67.91;27/10/2025,67.91
28/10/2025;67.52;28/10/2025,67.52
29/10/2025;68.41;29/10/2025,68.41
30/10/2025;67.71;30/10/2025,67.71
31/10/2025;68.00;31/10/2025,68
03/11/2025;68.35;03/11/2025,68.35
04/11/2025;68.04;04/11/2025,68.04
05/11/2025;68.44;05/11/2025,68.44
06/11/2025;68.22;06/11/2025,68.22
07/11/2025;67.72;07/11/2025,67.72
10/11/2025;67.76;10/11/2025,67.76
11/11/2025;67.74;11/11/2025,67.74
12/11/2025;67.89;12/11/2025,67.89
13/11/2025;67.75;13/11/2025,67.75
14/11/2025;67.69;14/11/2025,67.69
17/11/2025;67.53;17/11/2025,67.53
18/11/2025;71.27;18/11/2025,71.27
19/11/2025;70.89;19/11/2025,70.89
21/11/2025;71.04;21/11/2025,71.04
24/11/2025;71.26;24/11/2025,71.26
25/11/2025;71.96;25/11/2025,71.96
26/11/2025;72.99;26/11/2025,72.99
27/11/2025;73.51;27/11/2025,73.51
28/11/2025;73.22;28/11/2025,73.22
01/12/2025;74.20;01/12/2025,74.2
02/12/2025;76.47;02/12/2025,76.47
03/12/2025;75.00;03/12/2025,75
04/12/2025;74.40;04/12/2025,74.4
05/12/2025;74.23;05/12/2025,74.23
08/12/2025;74.50;08/12/2025,74.5
09/12/2025;74.47;09/12/2025,74.47
10/12/2025;73.03;10/12/2025,73.03
11/12/2025;72.27;11/12/2025,72.27
12/12/2025;71.91;12/12/2025,71.91
15/12/2025;71.59;15/12/2025,71.59
16/12/2025;71.81;16/12/2025,71.81
17/12/2025;71.89;17/12/2025,71.89
18/12/2025;71.13;18/12/2025,71.13
19/12/2025;70.98;19/12/2025,70.98
22/12/2025;70.99;22/12/2025,70.99
23/12/2025;70.81;23/12/2025,70.81
26/12/2025;70.08;26/12/2025,70.08
29/12/2025;70.28;29/12/2025,70.28
30/12/2025;70.25;30/12/2025,70.25
