Data;Último;
23/09/2025;66.44;23/09/2025,66.44
24/09/2025;66.12;24/09/2025,66.12
25/09/2025;66.52;25/09/2025,66.52
26/09/2025;66.22;26/09/2025,66.22
29/09/2025;66.11;29/09/2025,66.11
30/09/2025;65.28;30/09/2025,65.28
01/10/2025;65.51;01/10/2025,65.51
02/10/2025;65.71;02/10/2025,65.71
03/10/2025;65.98;03/10/2025,65.98
06/10/2025;66.36;06/10/2025,66.36
07/10/2025;66.40;07/10/2025,66.4
08/10/2025;66.60;08/10/2025,66.6
09/10/2025;67.24;09/10/2025,67.24
10/10/2025;67.88;10/10/2025,67.88
13/10/2025;67.23;13/10/2025,67.23
14/10/2025;67.80;14/10/2025,67.8
15/10/2025;67.51;15/10/2025,67.51
16/10/2025;67.93;16/10/2025,67.93
17/10/2025;68.40;17/10/2025,68.4
20/10/2025;68.95;20/10/2025,68.95
21/10/2025;68.50;21/10/2025,68.5
22/10/2025;68.53;22/10/2025,68.53
23/10/2025;67.26;23/10/2025,67.26
24/10/2025;67.19;24/10/2025,67.19
27/10/2025;67.91;27/10/2025,67.91
28/10/2025;67.52;28/10/2025,67.52
29/10/2025;68.41;29/10/2025,68.41
30/10/2025;67.71;30/10/2025,67.71
31/10/2025;68.00;31/10/2025,68
03/11/2025;68.35;03/11/2025,68.35
04/11/2025;68.04;04/11/2025,68.04
05/11/2025;68.44;05/11/2025,68.44
06/11/2025;68.22;06/11/2025,68.22
07/11/2025;67.72;07/11/2025,67.72
10/11/2025;67.76;10/11/2025,67.76
11/11/2025;67.74;11/11/2025,67.74
12/11/2025;67.89;12/11/2025,67.89
13/11/2025;67.75;13/11/2025,67.75
14/11/2025;67.69;14/11/2025,67.69
17/11/2025;67.53;17/11/2025,67.53
18/11/2025;71.27;18/11/2025,71.27
19/11/2025;70.89;19/11/2025,70.89
21/11/2025;71.04;21/11/2025,71.04
24/11/2025;71.26;24/11/2025,71.26
25/11/2025;71.96;25/11/2025,71.96
26/11/2025;72.99;26/11/2025,72.99
27/11/2025;73.51;27/11/2025,73.51
28/11/2025;73.22;28/11/2025,73.22
01/12/2025;74.20;01/12/2025,74.2
02/12/2025;76.47;02/12/2025,76.47
03/12/2025;75.00;03/12/2025,75
04/12/2025;74.40;04/12/2025,74.4
05/12/2025;74.23;05/12/2025,74.23
08/12/2025;74.50;08/12/2025,74.5
09/12/2025;74.47;09/12/2025,74.47
10/12/2025;73.03;10/12/2025,73.03
11/12/2025;72.27;11/12/2025,72.27
12/12/2025;71.91;12/12/2025,71.91
15/12/2025;71.59;15/12/2025,71.59
16/12/2025;71.81;16/12/2025,71.81
17/12/2025;71.89;17/12/2025,71.89
18/12/2025;71.13;18/12/2025,71.13
19/12/2025;70.98;19/12/2025,70.98
22/12/2025;70.99;22/12/2025,70.99
23/12/2025;70.81;23/12/2025,70.81
26/12/2025;70.08;26/12/2025,70.08
29/12/2025;70.28;29/12/2025,70.28
30/12/2025;70.25;30/12/2025,70.25
