"Data","Último","Abertura","Máxima","Mínima","Vol.","Var%"
"17.09.2025","104,2290","105,1712","105,1744","104,1866","","-1,06%"
"16.09.2025","105,3474","104,7424","105,4689","104,5608","","0,63%"
"15.09.2025","104,6868","103,7389","104,7011","103,6201","","0,86%"
"12.09.2025","103,7894","103,0774","104,0605","103,0291","","0,66%"
"11.09.2025","103,1039","103,2549","103,3182","102,7009","","-0,15%"
"10.09.2025","103,2618","102,9927","103,3818","102,9705","","0,21%"
"09.09.2025","103,0468","103,2256","103,6621","102,9210","","-0,09%"
"08.09.2025","103,1360","102,7330","103,2929","102,6204","","0,69%"
"05.09.2025","102,4252","102,8024","103,0703","102,3457","","-0,39%"
"04.09.2025","102,8290","103,0281","103,0537","102,3994","","-0,58%"
"03.09.2025","103,4291","103,7072","103,8117","103,2887","","-0,21%"
"02.09.2025","103,6499","103,3382","103,6697","102,5125","","0,84%"
"29.08.2025","102,7876","101,9790","102,8079","101,8093","","0,81%"
"28.08.2025","101,9635","101,3537","101,9872","101,3076","","0,46%"
"27.08.2025","101,4960","101,2407","101,5685","100,8148","","0,28%"
"26.08.2025","101,2172","101,5630","101,6588","101,0667","","-0,48%"
"25.08.2025","101,7101","101,4181","102,0254","101,4162","","0,08%"
"22.08.2025","101,6307","100,9222","101,7435","100,7811","","0,60%"
"21.08.2025","101,0256","100,2915","101,1115","100,2034","","0,84%"
"20.08.2025","100,1791","99,5042","100,3042","99,4275","","0,68%"
"19.08.2025","99,5038","100,1739","100,2657","99,4075","","-0,80%"
"18.08.2025","100,3019","100,2099","100,5126","99,8920","","-0,08%"
"15.08.2025","100,3798","100,0951","100,5740","99,8594","","0,37%"
"14.08.2025","100,0111","100,5953","100,6467","99,7406","","-0,34%"
"13.08.2025","100,3542","100,2580","100,6209","99,9556","","0,11%"
"12.08.2025","100,2444","100,4807","100,5916","99,9614","","-0,29%"
"11.08.2025","100,5381","100,1523","100,7353","100,0646","","-0,25%"
"08.08.2025","100,7926","100,9929","101,5008","100,7110","","0,05%"
"07.08.2025","100,7408","100,7967","101,1161","100,5874","","0,29%"
"06.08.2025","100,4541","100,4331","101,0909","100,2583","","0,15%"
"05.08.2025","100,3022","100,4084","100,6402","100,1922","","-0,12%"
"04.08.2025","100,4261","100,4676","100,8648","100,3028","","-0,20%"
"01.08.2025","100,6226","101,1436","101,4770","100,4938","","-0,56%"
"31.07.2025","101,1846","101,5452","101,6924","100,9389","","-2,00%"
"30.07.2025","103,2451","103,9244","104,1029","103,0342","","-0,56%"
"29.07.2025","103,8317","103,2084","103,8633","103,0700","","0,65%"
"28.07.2025","103,1599","103,4430","103,8815","103,0389","","-0,30%"
"25.07.2025","103,4724","104,3811","104,4127","103,3333","","-0,73%"
"24.07.2025","104,2330","104,2408","104,6492","103,9332","","0,06%"
"23.07.2025","104,1742","104,7738","104,9406","104,1370","","-0,49%"
"22.07.2025","104,6902","104,4025","104,7338","104,0638","","-0,03%"
"21.07.2025","104,7231","104,6907","104,9795","104,4077","","-0,37%"
"18.07.2025","105,1171","104,5771","105,7858","104,5538","","0,64%"
"17.07.2025","104,4469","104,1407","104,4626","103,7389","","0,39%"
"16.07.2025","104,0366","103,8589","104,1895","103,3178","","0,36%"
"15.07.2025","103,6625","103,6408","103,9029","103,4054","","-0,10%"
"14.07.2025","103,7675","104,0583","104,7490","103,5266","","-0,06%"
"11.07.2025","103,8281","103,4450","104,2636","103,0913","","0,70%"
"10.07.2025","103,1065","102,9304","103,4319","102,7989","","0,32%"
"09.07.2025","102,7826","103,2447","103,3519","102,5386","","-0,58%"
"08.07.2025","103,3829","102,5271","103,6795","102,2324","","0,71%"
"07.07.2025","102,6503","102,2594","102,7030","101,8706","","-0,72%"
"03.07.2025","103,3911","103,5929","104,2017","103,3138","","-0,31%"
"02.07.2025","103,7137","102,0960","103,7622","101,8986","","1,51%"
"01.07.2025","102,1730","101,8725","102,4655","101,8061","","0,15%"
"30.06.2025","102,0209","102,4061","102,8042","101,8302","","-0,84%"
"27.06.2025","102,8875","102,6440","102,9703","102,2002","","0,34%"
"26.06.2025","102,5386","102,3932","102,6767","102,2936","","0,32%"
"25.06.2025","102,2135","103,0352","103,1302","102,1841","","-0,26%"
"24.06.2025","102,4794","104,0016","104,2568","102,4434","","-2,47%"
"23.06.2025","105,0716","107,2587","107,3795","104,9885","","-1,57%"
"20.06.2025","106,7456","107,3637","107,6977","106,5979","","-0,59%"
"18.06.2025","107,3785","106,9052","107,4403","106,4611","","0,56%"
"17.06.2025","106,7846","105,8130","106,8221","105,5453","","1,03%"
"16.06.2025","105,6982","105,9335","105,9959","104,5156","","0,37%"
"13.06.2025","105,3082","105,2077","105,8851","104,0098","","1,98%"
"12.06.2025","103,2588","103,4954","103,7704","102,9837","","0,07%"
"11.06.2025","103,1892","102,8679","103,4779","102,6030","","0,41%"
"10.06.2025","102,7719","103,0427","103,3682","102,7060","","-0,44%"
"09.06.2025","103,2221","103,0238","103,4313","102,7542","","-0,09%"
"06.06.2025","103,3140","102,9944","103,3838","102,6756","","0,50%"
"05.06.2025","102,8017","102,3779","103,5285","102,1619","","0,40%"
"04.06.2025","102,3890","102,4054","102,7042","102,0348","","0,12%"
"03.06.2025","102,2690","101,9999","102,4663","101,5535","","0,24%"
"02.06.2025","102,0278","100,8381","102,6100","100,7669","","2,04%"
"30.05.2025","99,9870","100,6255","100,9696","99,7886","","-0,85%"
"29.05.2025","100,8444","101,2221","101,5931","100,4521","","-0,22%"
"28.05.2025","101,0652","102,0396","102,2730","101,0510","","-0,85%"
"27.05.2025","101,9294","102,2608","102,3794","101,5698","","-0,75%"
"23.05.2025","102,7004","102,0324","102,7243","101,5897","","0,79%"
"22.05.2025","101,8927","102,4148","102,6342","101,3603","","-0,65%"
"21.05.2025","102,5597","102,6134","102,9678","102,3956","","0,36%"
"20.05.2025","102,1968","100,6876","102,2698","100,4971","","1,36%"
"19.05.2025","100,8258","100,8987","101,2180","100,6617","","-0,13%"
"16.05.2025","100,9569","101,6416","101,7549","100,6377","","-0,68%"
"15.05.2025","101,6516","101,6400","101,9125","100,9272","","-0,72%"
"14.05.2025","102,3938","103,1425","103,2345","102,2697","","-0,81%"
"13.05.2025","103,2332","102,2998","103,4203","102,2889","","0,93%"
"12.05.2025","102,2859","102,3749","103,3448","102,2458","","-0,46%"
"09.05.2025","102,7629","101,5356","102,9292","101,4291","","1,12%"
"08.05.2025","101,6241","101,7851","102,0454","101,0840","","0,12%"
"07.05.2025","101,5051","102,5695","102,8487","101,3532","","-0,77%"
"06.05.2025","102,2916","102,1229","102,7609","101,9364","","1,10%"
"05.05.2025","101,1797","101,1098","102,0298","100,9819","","-0,27%"
"02.05.2025","101,4542","101,2059","101,8542","101,0801","","0,61%"
"01.05.2025","100,8346","100,5460","100,9513","99,8807","","-0,09%"
"30.04.2025","100,9267","102,0452","102,1827","100,7720","","-1,42%"
"29.04.2025","102,3781","103,0873","103,1957","102,1468","","-0,71%"
"28.04.2025","103,1103","102,3271","103,1251","102,1519","","0,47%"
"25.04.2025","102,6241","103,0699","103,3061","102,2189","","-0,29%"
"24.04.2025","102,9215","102,5648","102,9381","102,1334","","0,78%"
"23.04.2025","102,1263","102,9147","103,0804","101,6363","","-0,60%"
"22.04.2025","102,7380","102,7906","103,1186","102,5596","","0,57%"
"21.04.2025","102,1601","102,8783","103,2239","102,0628","","-0,73%"
"17.04.2025","102,9124","102,4760","103,0458","102,2268","","0,46%"
"16.04.2025","102,4454","101,2334","102,5575","100,8429","","1,27%"
"15.04.2025","101,1614","101,2198","101,4936","100,6084","","0,12%"
"14.04.2025","101,0435","101,4229","102,0772","101,0235","","-0,43%"
"11.04.2025","101,4796","99,7790","101,5417","99,6894","","1,69%"
"10.04.2025","99,7977","100,3312","100,7822","99,2471","","0,10%"
"09.04.2025","99,7019","97,0163","99,8485","96,1330","","2,45%"
"08.04.2025","97,3166","98,8821","99,6598","97,2561","","-0,80%"
"07.04.2025","98,0968","99,3751","101,1959","98,0596","","-1,59%"
"04.04.2025","99,6779","104,0692","104,1285","99,2474","","-4,42%"
"03.04.2025","104,2900","105,6688","105,7384","103,8674","","-2,53%"
"02.04.2025","106,9935","106,6039","107,1290","106,2296","","0,45%"
"01.04.2025","106,5132","106,5811","106,8663","106,3190","","0,11%"
"31.03.2025","106,4009","106,0099","106,6230","105,7981","","0,57%"
"28.03.2025","105,7937","105,5199","105,8410","104,8855","","0,25%"
"27.03.2025","105,5335","105,1454","105,5657","104,7468","","0,33%"
"26.03.2025","105,1888","105,5191","105,6888","105,1363","","0,03%"
"25.03.2025","105,1602","105,0978","105,7475","104,9959","","0,09%"
"24.03.2025","105,0682","105,1334","105,6085","105,0228","","-0,24%"
"21.03.2025","105,3165","105,5737","105,6678","105,1502","","-0,43%"
"20.03.2025","105,7751","106,2049","106,3850","105,4145","","-0,28%"
"19.03.2025","106,0713","105,2690","106,1944","105,2690","","0,56%"
"18.03.2025","105,4784","105,5770","106,0916","105,4584","","0,07%"
"17.03.2025","105,4047","105,4595","105,9005","105,1404","","0,47%"
"14.03.2025","104,9135","104,8834","105,2560","104,2978","","-0,03%"
"13.03.2025","104,9409","104,3841","105,3552","104,1807","","0,47%"
"12.03.2025","104,4535","104,7914","104,9722","104,2222","","-0,38%"
"11.03.2025","104,8568","104,1261","105,4460","104,1048","","0,26%"
"10.03.2025","104,5879","105,3369","105,7464","104,5700","","-0,20%"
"07.03.2025","104,7967","104,2878","104,9108","103,7759","","0,33%"
"06.03.2025","104,4518","104,8900","104,8900","104,0907","","0,03%"
"05.03.2025","104,4213","103,4063","104,6477","103,3762","","0,77%"
"04.03.2025","103,6229","103,1439","103,9174","102,7485","","0,23%"
"03.03.2025","103,3838","103,2001","103,8406","102,8336","","0,62%"
"28.02.2025","102,7507","104,1283","104,1855","102,7309","","-1,46%"
"27.02.2025","104,2777","104,5787","105,0126","104,2625","","-0,34%"
"26.02.2025","104,6294","105,6635","105,7244","104,5504","","-0,52%"
"25.02.2025","105,1765","106,0147","106,0638","104,6470","","-0,67%"
"24.02.2025","105,8823","106,4324","106,4670","105,7105","","-0,89%"
"21.02.2025","106,8317","107,8017","107,9460","106,7990","","-0,82%"
"20.02.2025","107,7120","107,9789","108,1593","107,5140","","0,15%"
"19.02.2025","107,5533","107,1298","108,2107","107,0548","","0,24%"
"18.02.2025","107,2929","105,5503","107,2991","105,5007","","1,33%"
"14.02.2025","105,8842","106,2705","107,0198","105,8508","","-0,01%"
"13.02.2025","105,8900","105,4754","106,0842","105,4206","","0,36%"
"12.02.2025","105,5135","105,5528","105,7049","105,0219","","-0,14%"
"11.02.2025","105,6596","105,4621","106,1169","105,3913","","0,09%"
"10.02.2025","105,5692","104,5981","105,6890","104,5113","","1,29%"
"07.02.2025","104,2236","104,7001","104,8885","104,1601","","-0,10%"
"06.02.2025","104,3296","104,2243","104,6980","103,4651","","0,16%"
"05.02.2025","104,1595","103,9893","104,2794","103,5754","","-0,05%"
"04.02.2025","104,2114","103,4395","104,4329","102,6790","","0,41%"
"03.02.2025","103,7836","102,6557","103,9302","102,6215","","1,46%"
"31.01.2025","102,2923","102,8997","102,9909","102,0311","","-0,43%"
"30.01.2025","102,7333","102,6211","103,2520","102,5167","","0,04%"
"29.01.2025","102,6872","102,0120","102,9304","101,8385","","0,69%"
"28.01.2025","101,9807","101,8970","102,1535","101,6652","","0,16%"
"27.01.2025","101,8177","102,3241","102,7902","101,3499","","-1,56%"
"24.01.2025","103,4289","103,5041","103,5686","103,0101","","-0,04%"
"23.01.2025","103,4682","103,1590","103,8460","103,0510","","-0,12%"
"22.01.2025","103,5960","103,3029","103,6620","103,0288","","0,16%"
"21.01.2025","103,4322","103,6290","103,7074","102,9117","","-0,25%"
"17.01.2025","103,6957","104,3011","104,3925","103,2216","","-0,50%"
"16.01.2025","104,2197","104,1126","104,2460","103,5452","","0,09%"
"15.01.2025","104,1250","102,5914","104,1559","102,5543","","1,36%"
"14.01.2025","102,7284","103,0014","103,0808","102,2626","","-0,30%"
"13.01.2025","103,0424","103,3590","103,4941","102,3894","","0,54%"
"10.01.2025","102,4909","100,7305","102,6452","100,7120","","2,03%"
"09.01.2025","100,4512","99,3958","100,7432","99,3840","","0,99%"
"08.01.2025","99,4623","99,5474","100,0434","99,2880","","-0,03%"
"07.01.2025","99,4877","99,1303","99,8952","98,8396","","0,23%"
"06.01.2025","99,2611","99,0084","99,9407","98,7375","","0,78%"
"03.01.2025","98,4915","99,7513","99,8184","98,4511","","-1,12%"
"02.01.2025","99,6066","99,0764","100,1442","98,9292","","0,86%"
"31.12.2024","98,7611","98,9318","99,1263","98,2454","","-0,11%"
"30.12.2024","98,8650","98,8456","99,6319","98,5133","","0,67%"
"27.12.2024","98,2065","97,9682","98,2373","97,8405","","0,16%"
"26.12.2024","98,0453","98,2519","98,3140","97,8660","","-0,17%"
"25.12.2024","98,2085","97,6862","98,2269","97,6055","","0,00%"
"24.12.2024","98,2085","97,6862","98,2269","97,6055","","0,74%"
"23.12.2024","97,4865","98,0543","98,1386","97,1207","","-0,08%"
"20.12.2024","97,5669","96,6442","97,7438","96,6043","","1,06%"
"19.12.2024","96,5475","96,6904","97,0879","96,2370","","-0,67%"
"18.12.2024","97,2021","97,4878","97,8013","97,1780","","-0,29%"
"17.12.2024","97,4886","98,1639","98,2494","96,8223","","-0,70%"
"16.12.2024","98,1745","98,4430","98,6605","98,1236","","-0,51%"
"13.12.2024","98,6739","98,9589","99,1029","98,4341","","-0,37%"
"12.12.2024","99,0433","99,5566","99,9572","98,6306","","-0,68%"
"11.12.2024","99,7186","99,2499","99,8439","98,8137","","0,89%"
"10.12.2024","98,8344","98,3953","98,9418","98,1575","","0,34%"
"09.12.2024","98,4974","98,0179","98,8595","97,7950","","1,04%"
"06.12.2024","97,4828","97,3567","97,6314","97,0127","","0,11%"
"05.12.2024","97,3803","97,1880","97,7993","97,1791","","0,06%"
"04.12.2024","97,3262","97,4578","97,7183","97,0799","","-0,16%"
"03.12.2024","97,4836","96,9492","97,9179","96,9370","","0,46%"
"02.12.2024","97,0381","97,3610","97,5190","96,8446","","-1,12%"
"29.11.2024","98,1416","98,3366","98,5700","98,1252","","0,40%"
"27.11.2024","97,7475","98,4476","98,5579","97,6415","","-0,63%"
"26.11.2024","98,3672","98,1425","99,0452","97,9585","","0,20%"
"25.11.2024","98,1736","99,6667","99,6834","98,1002","","-0,81%"
"22.11.2024","98,9746","99,4665","99,5625","98,4169","","0,07%"
"21.11.2024","98,9069","98,6737","99,5817","98,6109","","0,41%"
"20.11.2024","98,5042","98,0150","98,8306","97,8402","","0,61%"
"19.11.2024","97,9081","97,7293","98,2510","97,6079","","0,23%"
"18.11.2024","97,6791","96,7180","97,7047","96,3123","","1,64%"
"15.11.2024","96,1028","96,0011","96,6176","95,5248","","0,14%"
"14.11.2024","95,9683","96,3027","96,8044","95,9487","","-0,78%"
"13.11.2024","96,7249","96,9406","97,0667","96,0822","","-0,09%"
"12.11.2024","96,8084","97,1871","97,4413","96,6263","","-0,40%"
"11.11.2024","97,2017","98,3495","98,5006","97,0538","","-0,95%"
"08.11.2024","98,1345","99,2239","99,2550","97,9621","","-1,19%"
"07.11.2024","99,3170","98,3147","99,3605","98,1622","","1,21%"
"06.11.2024","98,1265","98,5303","98,5303","96,9307","","-0,97%"
"05.11.2024","99,0920","98,9351","99,6528","98,9055","","0,19%"
"04.11.2024","98,9066","98,3182","98,9816","98,3021","","0,85%"
"01.11.2024","98,0707","98,7031","99,1197","98,0034","","-0,03%"
"31.10.2024","98,0956","98,7762","98,9299","97,9792","","-0,80%"
"30.10.2024","98,8900","98,8733","99,0425","98,2763","","0,45%"
"29.10.2024","98,4518","98,3348","98,8104","98,0931","","0,20%"
"28.10.2024","98,2600","98,9145","99,1590","98,1214","","-1,97%"
"25.10.2024","100,2382","99,7676","100,2619","99,2142","","0,41%"
"24.10.2024","99,8276","100,1130","100,6734","99,3661","","0,22%"
"23.10.2024","99,6049","99,8167","100,1931","99,2961","","-0,47%"
"22.10.2024","100,0706","98,7492","100,1303","98,7200","","1,34%"
"21.10.2024","98,7509","98,4751","99,2920","98,4751","","0,52%"
"18.10.2024","98,2366","98,6207","98,9639","98,0695","","-0,10%"
"17.10.2024","98,3303","98,6496","98,7638","97,8519","","0,06%"
"16.10.2024","98,2691","98,6358","98,8379","98,1633","","-0,14%"
"15.10.2024","98,4113","98,7006","98,8387","97,9374","","-1,06%"
"14.10.2024","99,4659","99,9677","100,3481","99,4501","","-1,33%"
"11.10.2024","100,8063","100,8237","101,2433","100,4969","","0,26%"
"10.10.2024","100,5470","99,5723","100,6305","99,5021","","1,14%"
"09.10.2024","99,4101","100,1728","100,6255","98,8290","","-0,72%"
"08.10.2024","100,1268","101,9731","101,9817","99,7905","","-1,99%"
"07.10.2024","102,1627","101,6220","102,4104","101,5261","","0,08%"
"04.10.2024","102,0771","102,3169","102,9765","101,9953","","-0,23%"
"03.10.2024","102,3077","101,9813","102,4146","101,4139","","0,76%"
"02.10.2024","101,5402","101,6276","102,4245","101,3076","","0,24%"
"01.10.2024","101,2925","100,2085","101,9987","99,7367","","0,95%"
"30.09.2024","100,3406","100,1425","100,7121","99,8146","","0,08%"
"27.09.2024","100,2604","99,6146","100,4870","99,4862","","0,34%"
"26.09.2024","99,9159","100,4707","100,6458","99,6165","","-0,27%"
"25.09.2024","100,1826","100,3834","100,4629","99,7475","","-0,04%"
"24.09.2024","100,2267","99,2160","100,4493","99,1321","","1,18%"
"23.09.2024","99,0554","98,4750","99,5015","97,9568","","0,92%"
"20.09.2024","98,1558","97,7838","98,2886","97,4115","","0,30%"
"19.09.2024","97,8583","96,6102","97,9756","96,6102","","0,76%"
"18.09.2024","97,1221","96,9996","97,3579","96,7793","","0,10%"
"17.09.2024","97,0247","96,8901","97,3165","96,5631","","0,29%"
"16.09.2024","96,7451","95,9874","97,0722","95,9676","","0,58%"
"13.09.2024","96,1849","96,0433","96,6888","95,8869","","0,55%"
"12.09.2024","95,6583","94,3470","95,8795","94,2660","","1,59%"
"11.09.2024","94,1619","93,5218","94,3578","93,3253","","0,89%"
"10.09.2024","93,3307","94,1742","94,3172","93,1697","","-0,95%"
"09.09.2024","94,2228","93,7617","94,3402","93,5589","","0,54%"
"06.09.2024","93,7151","95,1646","95,5571","93,5827","","-1,51%"
"05.09.2024","95,1562","94,8384","95,7593","94,5832","","0,30%"
"04.09.2024","94,8723","95,0823","95,4995","94,4799","","-0,35%"
"03.09.2024","95,2064","95,9082","96,0796","94,4514","","-0,92%"
"30.08.2024","96,0873","96,9981","97,5028","96,0494","","-0,95%"
"29.08.2024","97,0049","96,4149","97,0184","96,1322","","0,74%"
"28.08.2024","96,2908","97,0434","97,0622","95,9981","","-0,90%"
"27.08.2024","97,1667","97,0065","97,3746","96,8290","","-0,03%"
"26.08.2024","97,1960","96,5397","97,3593","96,4110","","0,77%"
"23.08.2024","96,4580","95,4233","96,5474","95,3099","","1,28%"
"22.08.2024","95,2427","95,8581","95,9557","94,9140","","-0,75%"
"21.08.2024","95,9586","96,2013","96,5089","95,7805","","-0,26%"
"20.08.2024","96,2120","96,0967","96,7572","95,8752","","-0,04%"
"19.08.2024","96,2537","95,9073","96,6500","95,7012","","0,57%"
"16.08.2024","95,7116","95,9992","96,0053","95,1569","","-0,41%"
"15.08.2024","96,1066","95,6347","96,6199","95,5565","","0,75%"
"14.08.2024","95,3930","95,7002","96,0867","95,3401","","-0,14%"
"13.08.2024","95,5280","96,4156","96,4202","95,5033","","-1,14%"
"12.08.2024","96,6308","95,5589","96,6408","95,4895","","1,17%"
"09.08.2024","95,5136","95,6078","95,9382","95,3560","","0,28%"
"08.08.2024","95,2451","94,6070","95,5265","94,3648","","0,49%"
"07.08.2024","94,7852","93,9902","95,0153","93,8168","","0,67%"
"06.08.2024","94,1545","94,3450","94,3993","93,5125","","0,26%"
"05.08.2024","93,9059","94,8235","95,0775","92,4150","","-0,87%"
"02.08.2024","94,7317","95,7945","96,2489","94,5436","","-0,85%"
"01.08.2024","95,5459","96,9255","97,0029","95,5395","","-0,94%"
"31.07.2024","96,4493","95,8036","96,7102","95,7410","","1,07%"
"30.07.2024","95,4250","95,2050","95,5810","94,7073","","0,02%"
"29.07.2024","95,4079","96,1207","96,3227","94,9606","","-0,58%"
"26.07.2024","95,9622","97,2257","97,2257","95,9288","","-0,84%"
"25.07.2024","96,7789","96,5517","96,9526","95,9101","","-0,53%"
"24.07.2024","97,2965","97,3874","97,9135","97,2259","","-0,20%"
"23.07.2024","97,4928","98,2695","98,2973","97,4682","","-0,61%"
"22.07.2024","98,0865","97,8684","98,1150","97,3209","","0,62%"
"19.07.2024","97,4851","98,3663","98,6320","97,4675","","-1,51%"
"18.07.2024","98,9796","99,4320","99,6722","98,8073","","-0,24%"
"17.07.2024","99,2133","99,8078","99,9378","99,1101","","-0,38%"
"16.07.2024","99,5907","99,6615","99,8413","99,0938","","-0,02%"
"15.07.2024","99,6058","100,3340","100,3625","99,5894","","-1,14%"
"12.07.2024","100,7543","100,6628","101,0446","100,3529","","-0,01%"
"11.07.2024","100,7639","100,7255","101,2235","100,5437","","0,32%"
"10.07.2024","100,4444","100,6752","100,9118","100,3597","","-0,25%"
"09.07.2024","100,6931","101,4178","101,6393","100,6664","","-0,64%"
"08.07.2024","101,3373","102,1837","102,2260","101,2476","","-1,14%"
"05.07.2024","102,5046","101,9944","102,9094","101,9163","","0,32%"
"03.07.2024","102,1788","101,4772","102,3376","101,3409","","0,93%"
"02.07.2024","101,2373","101,4593","101,8684","101,2203","","-0,09%"
"01.07.2024","101,3271","101,0270","101,4051","100,6770","","0,33%"
"28.06.2024","100,9915","101,5287","102,1235","100,9324","","-0,33%"
"27.06.2024","101,3290","100,9503","101,7971","100,8321","","0,23%"
"26.06.2024","101,0926","101,3579","101,7090","100,8353","","-0,32%"
"25.06.2024","101,4174","102,4411","102,6073","101,4024","","-1,12%"
"24.06.2024","102,5619","101,5626","102,5766","101,4555","","0,82%"
"21.06.2024","101,7255","102,6615","102,7608","101,6791","","-1,00%"
"20.06.2024","102,7487","103,0601","103,3398","102,6794","","0,02%"
"18.06.2024","102,7299","102,1111","102,7545","101,4387","","0,81%"
"17.06.2024","101,9078","102,0168","102,0168","101,4946","","-0,52%"
"14.06.2024","102,4383","102,5773","103,0101","102,3820","","-0,33%"
"13.06.2024","102,7795","102,6124","103,2985","102,4341","","-0,53%"
"12.06.2024","103,3283","102,9888","103,7009","102,6954","","0,61%"
"11.06.2024","102,7055","102,7141","102,8273","102,1290","","0,31%"
"10.06.2024","102,3853","102,0034","102,8711","101,8003","","0,56%"
"07.06.2024","101,8175","103,4326","103,6744","101,5674","","-1,59%"
"06.06.2024","103,4588","102,4520","103,5138","102,1741","","1,56%"
"05.06.2024","101,8736","101,5342","101,9518","101,1088","","0,58%"
"04.06.2024","101,2822","102,6721","102,7910","101,2591","","-1,42%"
"03.06.2024","102,7403","103,6545","103,9545","102,2964","","-0,24%"
"31.05.2024","102,9915","104,0061","104,5219","102,8047","","-1,02%"
"30.05.2024","104,0478","105,2173","105,2869","104,0366","","-1,39%"
"29.05.2024","105,5111","106,6178","106,9839","105,4512","","-1,07%"
"28.05.2024","106,6481","106,2076","106,6750","105,8636","","1,54%"
"24.05.2024","105,0273","105,2530","105,5178","104,8080","","-0,09%"
"23.05.2024","105,1239","105,6900","106,8598","105,0039","","-1,21%"
"22.05.2024","106,4078","106,9453","107,0506","105,7400","","-0,54%"
"21.05.2024","106,9851","106,7445","107,5433","106,3366","","-0,24%"
"20.05.2024","107,2407","106,4730","107,2588","105,9407","","1,42%"
"17.05.2024","105,7442","104,4448","105,7589","104,2954","","1,57%"
"16.05.2024","104,1084","104,2022","104,3188","103,7796","","0,20%"
"15.05.2024","103,9033","103,4520","104,1503","102,9055","","0,75%"
"14.05.2024","103,1263","103,2907","103,4641","102,7470","","-0,14%"
"13.05.2024","103,2716","102,3272","103,3694","102,3105","","0,47%"
"10.05.2024","102,7868","102,8840","103,4805","102,5810","","0,31%"
"09.05.2024","102,4681","102,1238","102,6557","102,0768","","0,40%"
"08.05.2024","102,0613","102,0939","102,3221","101,6684","","-0,47%"
"07.05.2024","102,5455","102,5425","102,7394","102,0234","","0,00%"
"06.05.2024","102,5412","101,4152","102,7994","101,3196","","1,19%"
"03.05.2024","101,3398","101,0809","101,6951","100,8888","","0,49%"
"02.05.2024","100,8424","100,9276","101,2081","100,2711","","0,31%"
"01.05.2024","100,5325","101,1522","101,3673","100,5043","","-1,12%"
"30.04.2024","101,6744","103,2041","103,2186","101,5482","","-1,65%"
"29.04.2024","103,3774","102,7963","103,5693","102,7463","","0,45%"
"26.04.2024","102,9191","103,2525","103,6545","102,8018","","-0,10%"
"25.04.2024","103,0205","102,4231","103,0489","102,2901","","0,33%"
"24.04.2024","102,6862","102,9116","103,2205","102,6436","","-0,26%"
"23.04.2024","102,9530","102,4027","102,9688","101,6361","","0,17%"
"22.04.2024","102,7831","102,7164","102,8832","101,9152","","-0,26%"
"19.04.2024","103,0556","103,3091","103,7309","102,0881","","0,94%"
"18.04.2024","102,0947","102,1009","102,5444","101,9149","","-0,13%"
"17.04.2024","102,2248","102,5412","103,0087","102,0032","","-0,59%"
"16.04.2024","102,8343","103,1576","103,2020","102,0711","","0,02%"
"15.04.2024","102,8128","103,0985","103,2451","101,9885","","-0,11%"
"12.04.2024","102,9251","102,9570","104,3430","102,7882","","0,56%"
"11.04.2024","102,3493","102,9960","103,1671","102,1307","","-0,51%"
"10.04.2024","102,8709","103,0616","103,6161","102,4297","","0,06%"
"09.04.2024","102,8042","102,8988","103,4952","102,6919","","-0,11%"
"08.04.2024","102,9183","102,2734","103,2044","102,2498","","0,02%"
"05.04.2024","102,8961","101,7646","103,1870","101,7599","","0,62%"
"04.04.2024","102,2595","102,2396","102,3143","101,6018","","0,34%"
"03.04.2024","101,9094","100,9001","102,1107","100,8030","","1,20%"
"02.04.2024","100,6986","100,1451","101,0483","100,0623","","0,79%"
"01.04.2024","99,9046","99,8593","100,2917","99,4686","","0,42%"
"28.03.2024","99,4894","98,2955","99,5549","98,1787","","1,20%"
"27.03.2024","98,3107","98,2541","98,4087","97,9978","","-0,37%"
"26.03.2024","98,6781","99,2575","99,4904","98,6275","","-0,61%"
"25.03.2024","99,2827","99,0024","99,5672","98,7432","","0,59%"
"22.03.2024","98,7040","99,0609","99,2270","98,6882","","-0,74%"
"21.03.2024","99,4434","100,2697","100,3455","98,9555","","0,20%"
"20.03.2024","99,2492","99,5748","99,6189","98,8326","","-0,34%"
"19.03.2024","99,5907","99,6528","99,7436","99,2392","","-0,09%"
"18.03.2024","99,6785","99,6035","99,8887","99,3234","","0,49%"
"15.03.2024","99,1895","99,1269","99,4232","98,7304","","0,11%"
"14.03.2024","99,0783","99,0894","99,2767","98,6889","","0,09%"
"13.03.2024","98,9916","98,1986","99,0602","98,1637","","0,82%"
"12.03.2024","98,1840","98,2713","98,5002","97,8242","","-0,12%"
"11.03.2024","98,2987","97,8629","98,4420","97,6510","","0,30%"
"08.03.2024","98,0040","98,2483","98,7210","97,4236","","-0,29%"
"07.03.2024","98,2922","97,8571","98,5628","97,7880","","0,44%"
"06.03.2024","97,8660","97,1204","98,1200","97,0810","","0,59%"
"05.03.2024","97,2962","97,4056","97,7983","97,1557","","-0,37%"
"04.03.2024","97,6548","97,3973","98,1171","97,2731","","0,45%"
"01.03.2024","97,2157","96,6944","97,3093","96,4434","","0,53%"
"29.02.2024","96,6989","96,5881","97,0262","96,1472","","0,04%"
"28.02.2024","96,6555","96,5844","96,8013","95,9825","","0,00%"
"27.02.2024","96,6585","96,1369","96,7136","95,9606","","0,90%"
"26.02.2024","95,7960","95,4456","95,8586","95,1951","","0,41%"
"23.02.2024","95,4053","96,3905","96,3950","95,3583","","-1,05%"
"22.02.2024","96,4155","96,5603","96,8949","96,0151","","-0,14%"
"21.02.2024","96,5535","96,4656","96,6489","96,1165","","0,75%"
"20.02.2024","95,8341","95,9819","96,2533","95,5701","","-0,44%"
"16.02.2024","96,2531","95,7430","96,2635","95,4475","","0,66%"
"15.02.2024","95,6234","95,2758","96,0304","95,1738","","0,23%"
"14.02.2024","95,4028","96,0197","96,3159","95,3839","","-0,91%"
"13.02.2024","96,2778","96,7785","97,1270","95,9566","","-0,46%"
"12.02.2024","96,7209","96,6858","97,0982","96,6017","","-0,24%"
"09.02.2024","96,9496","96,8620","97,2888","96,5308","","-0,05%"
"08.02.2024","96,9936","96,8657","97,0972","96,5582","","0,35%"
"07.02.2024","96,6545","96,6031","96,9748","96,4077","","0,02%"
"06.02.2024","96,6324","96,4906","96,9339","96,4214","","0,17%"
"05.02.2024","96,4708","96,5325","96,8026","95,9000","","-0,21%"
"02.02.2024","96,6698","97,7146","97,7720","96,5417","","-0,95%"
"01.02.2024","97,5928","98,7131","98,7572","97,4254","","-0,98%"
"31.01.2024","98,5602","98,7579","99,0473","98,3164","","-0,30%"
"30.01.2024","98,8580","97,9583","98,9521","97,5910","","0,97%"
"29.01.2024","97,9105","98,8541","98,9215","97,8130","","-0,88%"
"26.01.2024","98,7813","98,7819","98,8375","98,0338","","0,06%"
"25.01.2024","98,7207","98,5660","99,1563","98,2608","","0,24%"
"24.01.2024","98,4872","97,7650","98,6162","97,6173","","0,90%"
"23.01.2024","97,6048","96,9696","97,7171","96,8235","","0,73%"
"22.01.2024","96,8997","96,5200","97,0822","96,0659","","0,10%"
"19.01.2024","96,7989","97,3068","97,6810","96,7662","","-0,41%"
"18.01.2024","97,1996","96,5320","97,2133","96,2148","","0,58%"
"17.01.2024","96,6416","97,1022","97,1022","96,2892","","-0,81%"
"16.01.2024","97,4334","97,6030","98,0345","97,2249","","-0,54%"
"12.01.2024","97,9590","98,5945","99,1856","97,4886","","0,30%"
"11.01.2024","97,6650","97,5839","98,5038","97,5795","","0,18%"
"10.01.2024","97,4891","98,3968","98,5004","97,3487","","-0,80%"
"09.01.2024","98,2761","97,5638","98,6393","97,3596","","0,90%"
"08.01.2024","97,4017","98,1776","98,2141","96,6628","","-1,25%"
"05.01.2024","98,6326","98,5611","98,9872","97,9148","","0,32%"
"04.01.2024","98,3138","98,4427","98,8737","97,8161","","-0,01%"
"03.01.2024","98,3249","98,0844","98,5290","97,5109","","0,23%"
"02.01.2024","98,0974","99,2276","99,6602","97,9038","","-0,56%"