data,dolar
01/01/2020,4.019
02/01/2020,4.026
03/01/2020,4.0669
06/01/2020,4.0616
07/01/2020,4.0676
08/01/2020,4.0647
09/01/2020,4.0925
10/01/2020,4.096
13/01/2020,4.1466
14/01/2020,4.1326
15/01/2020,4.1753
16/01/2020,4.1847
17/01/2020,4.1616
20/01/2020,4.1898
21/01/2020,4.2123
22/01/2020,4.1826
23/01/2020,4.1703
24/01/2020,4.1814
27/01/2020,4.2074
28/01/2020,4.1943
29/01/2020,4.2303
30/01/2020,4.243
31/01/2020,4.282
03/02/2020,4.2476
04/02/2020,4.2545
05/02/2020,4.2353
06/02/2020,4.2822
07/02/2020,4.3203
10/02/2020,4.3248
11/02/2020,4.3316
12/02/2020,4.3548
13/02/2020,4.3498
14/02/2020,4.2974
17/02/2020,4.327
18/02/2020,4.3557
19/02/2020,4.3649
20/02/2020,4.3933
21/02/2020,4.3895
24/02/2020,4.3878
25/02/2020,4.3878
26/02/2020,4.4502
27/02/2020,4.4861
28/02/2020,4.4733
02/03/2020,4.474
03/03/2020,4.5144
04/03/2020,4.5847
05/03/2020,4.6073
06/03/2020,4.6269
09/03/2020,4.7231
10/03/2020,4.6425
11/03/2020,4.8136
12/03/2020,4.791
13/03/2020,4.858
16/03/2020,5.0002
17/03/2020,5.0084
18/03/2020,5.1064
19/03/2020,5.0957
20/03/2020,5.0627
23/03/2020,5.1444
24/03/2020,5.0983
25/03/2020,5.0353
26/03/2020,5.0212
27/03/2020,5.0997
30/03/2020,5.1936
31/03/2020,5.2046
01/04/2020,5.2493
02/04/2020,5.2533
03/04/2020,5.3506
06/04/2020,5.2863
07/04/2020,5.2214
08/04/2020,5.1233
09/04/2020,5.107
10/04/2020,5.1063
13/04/2020,5.1994
14/04/2020,5.1621
15/04/2020,5.2367
16/04/2020,5.2333
17/04/2020,5.2363
20/04/2020,5.3168
21/04/2020,5.3163
22/04/2020,5.458
23/04/2020,5.5335
24/04/2020,5.5907
27/04/2020,5.6526
28/04/2020,5.4999
29/04/2020,5.3348
30/04/2020,5.4858
01/05/2020,5.4856
04/05/2020,5.545
05/05/2020,5.5783
06/05/2020,5.714
07/05/2020,5.8307
08/05/2020,5.7319
11/05/2020,5.818
12/05/2020,5.8856
13/05/2020,5.8852
14/05/2020,5.8115
15/05/2020,5.8554
18/05/2020,5.719
19/05/2020,5.754
20/05/2020,5.6925
21/05/2020,5.5507
22/05/2020,5.5338
25/05/2020,5.4461
26/05/2020,5.345
27/05/2020,5.2733
28/05/2020,5.4045
29/05/2020,5.3361
01/06/2020,5.3633
02/06/2020,5.2014
03/06/2020,5.0622
04/06/2020,5.119
05/06/2020,4.9585
08/06/2020,4.823
09/06/2020,4.8992
10/06/2020,4.9732
11/06/2020,4.976
12/06/2020,5.0505
15/06/2020,5.1557
16/06/2020,5.243
17/06/2020,5.2286
18/06/2020,5.3776
19/06/2020,5.3105
22/06/2020,5.2524
23/06/2020,5.1542
24/06/2020,5.3467
25/06/2020,5.3561
26/06/2020,5.484
29/06/2020,5.4034
30/06/2020,5.4661
01/07/2020,5.3174
02/07/2020,5.3596
03/07/2020,5.3158
06/07/2020,5.3562
07/07/2020,5.379
08/07/2020,5.3422
09/07/2020,5.3413
10/07/2020,5.3238
13/07/2020,5.404
14/07/2020,5.3674
15/07/2020,5.3698
16/07/2020,5.3311
17/07/2020,5.3849
20/07/2020,5.3283
21/07/2020,5.1713
22/07/2020,5.1166
23/07/2020,5.2112
24/07/2020,5.2329
27/07/2020,5.1447
28/07/2020,5.1533
29/07/2020,5.1692
30/07/2020,5.1534
31/07/2020,5.224
03/08/2020,5.3213
04/08/2020,5.29
05/08/2020,5.2902
06/08/2020,5.3315
07/08/2020,5.4383
10/08/2020,5.4812
11/08/2020,5.38
12/08/2020,5.4333
13/08/2020,5.369
14/08/2020,5.4204
17/08/2020,5.509
18/08/2020,5.4666
19/08/2020,5.5575
20/08/2020,5.5568
21/08/2020,5.6192
24/08/2020,5.61
25/08/2020,5.5075
26/08/2020,5.6054
27/08/2020,5.5691
28/08/2020,5.3881
31/08/2020,5.4914
01/09/2020,5.396
02/09/2020,5.3403
03/09/2020,5.2914
04/09/2020,5.3012
07/09/2020,5.2995
08/09/2020,5.3638
09/09/2020,5.3078
10/09/2020,5.321
11/09/2020,5.3189
14/09/2020,5.2706
15/09/2020,5.2748
16/09/2020,5.2377
17/09/2020,5.2394
18/09/2020,5.3876
21/09/2020,5.4131
22/09/2020,5.4704
23/09/2020,5.5943
24/09/2020,5.5089
25/09/2020,5.5624
28/09/2020,5.6627
29/09/2020,5.6344
30/09/2020,5.6112
01/10/2020,5.6437
02/10/2020,5.6851
05/10/2020,5.5743
06/10/2020,5.593
07/10/2020,5.6097
08/10/2020,5.5987
09/10/2020,5.5318
12/10/2020,5.5316
13/10/2020,5.5693
14/10/2020,5.5912
15/10/2020,5.6126
16/10/2020,5.6428
19/10/2020,5.6069
20/10/2020,5.6054
21/10/2020,5.6066
22/10/2020,5.5893
23/10/2020,5.6175
26/10/2020,5.6229
27/10/2020,5.7055
28/10/2020,5.7457
29/10/2020,5.779
30/10/2020,5.7446
02/11/2020,5.7425
03/11/2020,5.756
04/11/2020,5.6635
05/11/2020,5.525
06/11/2020,5.3647
09/11/2020,5.3858
10/11/2020,5.4147
11/11/2020,5.391
12/11/2020,5.4581
13/11/2020,5.4582
16/11/2020,5.4152
17/11/2020,5.3281
18/11/2020,5.3629
19/11/2020,5.3054
20/11/2020,5.3797
23/11/2020,5.439
24/11/2020,5.3736
25/11/2020,5.3237
26/11/2020,5.3365
27/11/2020,5.3438
30/11/2020,5.3319
01/12/2020,5.2061
02/12/2020,5.2175
03/12/2020,5.1515
04/12/2020,5.1557
07/12/2020,5.099
08/12/2020,5.1202
09/12/2020,5.1708
10/12/2020,5.0256
11/12/2020,5.0656
14/12/2020,5.1189
15/12/2020,5.0842
16/12/2020,5.0838
17/12/2020,5.0582
18/12/2020,5.1022
21/12/2020,5.1222
22/12/2020,5.1597
23/12/2020,5.2164
24/12/2020,5.2165
25/12/2020,5.2165
28/12/2020,5.2461
29/12/2020,5.2099
30/12/2020,5.1937
31/12/2020,5.1937
01/01/2021,5.1937
04/01/2021,5.2968
05/01/2021,5.2854
06/01/2021,5.3139
07/01/2021,5.4101
08/01/2021,5.4178
11/01/2021,5.489
12/01/2021,5.3226
13/01/2021,5.299
14/01/2021,5.1967
15/01/2021,5.2927
18/01/2021,5.2957
19/01/2021,5.3578
20/01/2021,5.2917
21/01/2021,5.3506
22/01/2021,5.4666
25/01/2021,5.4665
26/01/2021,5.3552
27/01/2021,5.4138
28/01/2021,5.441
29/01/2021,5.4625
01/02/2021,5.4322
02/02/2021,5.368
03/02/2021,5.3534
04/02/2021,5.4266
05/02/2021,5.3704
08/02/2021,5.3657
09/02/2021,5.3781
10/02/2021,5.386
11/02/2021,5.3665
12/02/2021,5.3698
15/02/2021,5.3698
16/02/2021,5.3695
17/02/2021,5.4105
18/02/2021,5.427
19/02/2021,5.3823
22/02/2021,5.4659
23/02/2021,5.4409
24/02/2021,5.4062
25/02/2021,5.5308
26/02/2021,5.5986
01/03/2021,5.6418
02/03/2021,5.6761
03/03/2021,5.6193
04/03/2021,5.6693
05/03/2021,5.6908
08/03/2021,5.8755
09/03/2021,5.8025
10/03/2021,5.672
11/03/2021,5.5357
12/03/2021,5.5518
15/03/2021,5.6156
16/03/2021,5.6246
17/03/2021,5.5832
18/03/2021,5.5604
19/03/2021,5.4917
22/03/2021,5.5045
23/03/2021,5.5214
24/03/2021,5.6209
25/03/2021,5.6475
26/03/2021,5.7566
29/03/2021,5.7799
30/03/2021,5.7745
31/03/2021,5.6315
01/04/2021,5.7071
02/04/2021,5.7075
05/04/2021,5.6632
06/04/2021,5.5904
07/04/2021,5.6143
08/04/2021,5.572
09/04/2021,5.6821
12/04/2021,5.7333
13/04/2021,5.7166
14/04/2021,5.6526
15/04/2021,5.6162
16/04/2021,5.5883
19/04/2021,5.5461
20/04/2021,5.5687
21/04/2021,5.569
22/04/2021,5.4448
23/04/2021,5.4751
26/04/2021,5.4364
27/04/2021,5.449
28/04/2021,5.343
29/04/2021,5.3375
30/04/2021,5.4366
03/05/2021,5.442
04/05/2021,5.4435
05/05/2021,5.3542
06/05/2021,5.276
07/05/2021,5.2368
10/05/2021,5.2272
11/05/2021,5.2208
12/05/2021,5.3061
13/05/2021,5.309
14/05/2021,5.2728
17/05/2021,5.2729
18/05/2021,5.2605
19/05/2021,5.3094
20/05/2021,5.2825
21/05/2021,5.3617
24/05/2021,5.3175
25/05/2021,5.3312
26/05/2021,5.3115
27/05/2021,5.2383
28/05/2021,5.2244
31/05/2021,5.2172
01/06/2021,5.1509
02/06/2021,5.0754
03/06/2021,5.0775
04/06/2021,5.0495
07/06/2021,5.0451
08/06/2021,5.0325
09/06/2021,5.0621
10/06/2021,5.0552
11/06/2021,5.1171
14/06/2021,5.0601
15/06/2021,5.0437
16/06/2021,5.0545
17/06/2021,5.0059
18/06/2021,5.0894
21/06/2021,5.013
22/06/2021,4.9574
23/06/2021,4.9667
24/06/2021,4.9137
25/06/2021,4.9335
28/06/2021,4.9244
29/06/2021,4.9559
30/06/2021,4.9686
01/07/2021,5.0476
02/07/2021,5.0575
05/07/2021,5.091
06/07/2021,5.1969
07/07/2021,5.2315
08/07/2021,5.2579
09/07/2021,5.2579
12/07/2021,5.173
13/07/2021,5.1622
14/07/2021,5.0706
15/07/2021,5.11
16/07/2021,5.1147
19/07/2021,5.2519
20/07/2021,5.2205
21/07/2021,5.1874
22/07/2021,5.2003
23/07/2021,5.2006
26/07/2021,5.1761
27/07/2021,5.169
28/07/2021,5.1157
29/07/2021,5.0812
30/07/2021,5.2123
02/08/2021,5.1747
03/08/2021,5.1967
04/08/2021,5.1685
05/08/2021,5.2488
06/08/2021,5.2301
09/08/2021,5.2331
10/08/2021,5.1895
11/08/2021,5.2185
12/08/2021,5.2524
13/08/2021,5.2466
16/08/2021,5.2595
17/08/2021,5.2948
18/08/2021,5.3794
19/08/2021,5.4142
20/08/2021,5.377
23/08/2021,5.3802
24/08/2021,5.2463
25/08/2021,5.2117
26/08/2021,5.2522
27/08/2021,5.1996
30/08/2021,5.184
31/08/2021,5.1492
01/09/2021,5.1858
02/09/2021,5.1819
03/09/2021,5.1908
06/09/2021,5.1693
07/09/2021,5.1692
08/09/2021,5.3214
09/09/2021,5.1976
10/09/2021,5.2454
13/09/2021,5.2144
14/09/2021,5.2398
15/09/2021,5.2219
16/09/2021,5.2535
17/09/2021,5.2883
20/09/2021,5.324
21/09/2021,5.2699
22/09/2021,5.2888
23/09/2021,5.303
24/09/2021,5.3344
27/09/2021,5.3914
28/09/2021,5.4293
29/09/2021,5.4152
30/09/2021,5.4428
01/10/2021,5.3628
04/10/2021,5.4535
05/10/2021,5.4748
06/10/2021,5.4912
07/10/2021,5.5188
08/10/2021,5.5082
11/10/2021,5.5367
12/10/2021,5.5325
13/10/2021,5.5133
14/10/2021,5.5132
15/10/2021,5.4611
18/10/2021,5.5117
19/10/2021,5.5844
20/10/2021,5.5975
21/10/2021,5.6577
22/10/2021,5.6474
25/10/2021,5.5563
26/10/2021,5.5666
27/10/2021,5.538
28/10/2021,5.6464
29/10/2021,5.6372
01/11/2021,5.6815
02/11/2021,5.6795
03/11/2021,5.5525
04/11/2021,5.602
05/11/2021,5.5428
08/11/2021,5.544
09/11/2021,5.4804
10/11/2021,5.491
11/11/2021,5.3989
12/11/2021,5.4588
15/11/2021,5.4575
16/11/2021,5.5028
17/11/2021,5.5292
18/11/2021,5.5576
19/11/2021,5.6135
22/11/2021,5.5865
23/11/2021,5.5712
24/11/2021,5.6061
25/11/2021,5.5664
26/11/2021,5.6093
29/11/2021,5.6017
30/11/2021,5.6239
01/12/2021,5.6955
02/12/2021,5.6462
03/12/2021,5.6532
06/12/2021,5.6891
07/12/2021,5.6128
08/12/2021,5.5327
09/12/2021,5.5727
10/12/2021,5.6127
13/12/2021,5.6804
14/12/2021,5.6815
15/12/2021,5.6806
16/12/2021,5.6884
17/12/2021,5.6959
20/12/2021,5.742
21/12/2021,5.7451
22/12/2021,5.654
23/12/2021,5.6749
24/12/2021,5.675
27/12/2021,5.6249
28/12/2021,5.6283
29/12/2021,5.7032
30/12/2021,5.571
31/12/2021,5.5703
03/01/2022,5.6818
04/01/2022,5.677
05/01/2022,5.7087
06/01/2022,5.6834
07/01/2022,5.6355
10/01/2022,5.6633
11/01/2022,5.5686
12/01/2022,5.5338
13/01/2022,5.5286
14/01/2022,5.5344
17/01/2022,5.5165
18/01/2022,5.5666
19/01/2022,5.4383
20/01/2022,5.4191
21/01/2022,5.4582
24/01/2022,5.4877
25/01/2022,5.4437
26/01/2022,5.4324
27/01/2022,5.4065
28/01/2022,5.3674
31/01/2022,5.3041
01/02/2022,5.2655
02/02/2022,5.262
03/02/2022,5.2839
04/02/2022,5.3279
07/02/2022,5.2636
08/02/2022,5.2593
09/02/2022,5.2354
10/02/2022,5.2496
11/02/2022,5.2527
14/02/2022,5.2149
15/02/2022,5.159
16/02/2022,5.1365
17/02/2022,5.1718
18/02/2022,5.1385
21/02/2022,5.1036
22/02/2022,5.0583
23/02/2022,5.0097
24/02/2022,5.1231
25/02/2022,5.1623
28/02/2022,5.1599
01/03/2022,5.1595
02/03/2022,5.0995
03/03/2022,5.032
04/03/2022,5.062
07/03/2022,5.1115
08/03/2022,5.0599
09/03/2022,5.0123
10/03/2022,5.011
11/03/2022,5.0745
14/03/2022,5.1193
15/03/2022,5.1631
16/03/2022,5.0757
17/03/2022,5.039
18/03/2022,5.0231
21/03/2022,4.9354
22/03/2022,4.9094
23/03/2022,4.8258
24/03/2022,4.8253
25/03/2022,4.742
28/03/2022,4.7675
29/03/2022,4.7561
30/03/2022,4.7685
31/03/2022,4.739
01/04/2022,4.6575
04/04/2022,4.5928
05/04/2022,4.6506
06/04/2022,4.7161
07/04/2022,4.7524
08/04/2022,4.697
11/04/2022,4.6944
12/04/2022,4.6735
13/04/2022,4.6899
14/04/2022,4.7013
15/04/2022,4.6965
18/04/2022,4.6527
19/04/2022,4.6675
20/04/2022,4.6219
21/04/2022,4.622
22/04/2022,4.7937
25/04/2022,4.8766
26/04/2022,4.9989
27/04/2022,4.9651
28/04/2022,4.9425
29/04/2022,4.9721
02/05/2022,5.0848
03/05/2022,4.9584
04/05/2022,4.9198
05/05/2022,5.028
06/05/2022,5.0774
09/05/2022,5.1617
10/05/2022,5.1313
11/05/2022,5.1373
12/05/2022,5.1339
13/05/2022,5.0602
16/05/2022,5.0599
17/05/2022,4.9387
18/05/2022,4.9682
19/05/2022,4.9309
20/05/2022,4.8788
23/05/2022,4.813
24/05/2022,4.8191
25/05/2022,4.8275
26/05/2022,4.7677
27/05/2022,4.7295
30/05/2022,4.7526
31/05/2022,4.7315
01/06/2022,4.8151
02/06/2022,4.7962
03/06/2022,4.7734
06/06/2022,4.7945
07/06/2022,4.8696
08/06/2022,4.8988
09/06/2022,4.9063
10/06/2022,4.9865
13/06/2022,5.1154
14/06/2022,5.1168
15/06/2022,5.0536
16/06/2022,5.0535
17/06/2022,5.1518
20/06/2022,5.188
21/06/2022,5.1257
22/06/2022,5.194
23/06/2022,5.2406
24/06/2022,5.2417
27/06/2022,5.2366
28/06/2022,5.2675
29/06/2022,5.1818
30/06/2022,5.2562
01/07/2022,5.331
04/07/2022,5.3293
05/07/2022,5.3861
06/07/2022,5.4287
07/07/2022,5.3391
08/07/2022,5.2536
11/07/2022,5.3782
12/07/2022,5.4368
13/07/2022,5.3917
14/07/2022,5.4233
15/07/2022,5.4082
18/07/2022,5.4375
19/07/2022,5.4135
20/07/2022,5.4714
21/07/2022,5.4968
22/07/2022,5.4968
25/07/2022,5.3576
26/07/2022,5.3511
27/07/2022,5.2432
28/07/2022,5.1823
29/07/2022,5.1734
01/08/2022,5.1838
02/08/2022,5.2784
03/08/2022,5.2815
04/08/2022,5.2164
05/08/2022,5.1646
08/08/2022,5.1117
09/08/2022,5.1237
10/08/2022,5.0927
11/08/2022,5.1581
12/08/2022,5.0735
15/08/2022,5.0961
16/08/2022,5.1459
17/08/2022,5.1642
18/08/2022,5.1674
19/08/2022,5.1697
22/08/2022,5.1574
23/08/2022,5.1037
24/08/2022,5.1114
25/08/2022,5.1099
26/08/2022,5.0601
29/08/2022,5.0282
30/08/2022,5.1223
31/08/2022,5.1831
01/09/2022,5.2416
02/09/2022,5.1681
05/09/2022,5.1516
06/09/2022,5.2528
07/09/2022,5.248
08/09/2022,5.2141
09/09/2022,5.1462
12/09/2022,5.093
13/09/2022,5.1911
14/09/2022,5.1631
15/09/2022,5.247
16/09/2022,5.2531
19/09/2022,5.167
20/09/2022,5.1417
21/09/2022,5.1716
22/09/2022,5.1166
23/09/2022,5.2595
26/09/2022,5.3898
27/09/2022,5.3824
28/09/2022,5.3745
29/09/2022,5.3964
30/09/2022,5.4154
03/10/2022,5.1672
04/10/2022,5.177
05/10/2022,5.194
06/10/2022,5.2217
07/10/2022,5.1996
10/10/2022,5.1901
11/10/2022,5.3005
12/10/2022,5.293
13/10/2022,5.2626
14/10/2022,5.3252
17/10/2022,5.2808
18/10/2022,5.2405
19/10/2022,5.27
20/10/2022,5.2147
21/10/2022,5.1605
24/10/2022,5.3032
25/10/2022,5.3167
26/10/2022,5.3804
27/10/2022,5.3449
28/10/2022,5.2949
31/10/2022,5.1791
01/11/2022,5.1475
02/11/2022,5.1432
03/11/2022,5.1137
04/11/2022,5.0557
07/11/2022,5.1567
08/11/2022,5.144
09/11/2022,5.1864
10/11/2022,5.3449
11/11/2022,5.325
14/11/2022,5.3321
15/11/2022,5.3325
16/11/2022,5.3998
17/11/2022,5.4231
18/11/2022,5.3827
21/11/2022,5.32
22/11/2022,5.3586
23/11/2022,5.3591
24/11/2022,5.3208
25/11/2022,5.4098
28/11/2022,5.3654
29/11/2022,5.2695
30/11/2022,5.1851
01/12/2022,5.1848
02/12/2022,5.2189
05/12/2022,5.2809
06/12/2022,5.2352
07/12/2022,5.2048
08/12/2022,5.2253
09/12/2022,5.24
12/12/2022,5.3226
13/12/2022,5.2938
14/12/2022,5.2787
15/12/2022,5.313
16/12/2022,5.314
19/12/2022,5.293
20/12/2022,5.1996
21/12/2022,5.2009
22/12/2022,5.1665
23/12/2022,5.1652
26/12/2022,5.2186
27/12/2022,5.2928
28/12/2022,5.2676
29/12/2022,5.286
30/12/2022,5.286
02/01/2023,5.3633
03/01/2023,5.4797
04/01/2023,5.4312
05/01/2023,5.3509
06/01/2023,5.2254
09/01/2023,5.2546
10/01/2023,5.1997
11/01/2023,5.16
12/01/2023,5.1082
13/01/2023,5.0956
16/01/2023,5.1474
17/01/2023,5.1003
18/01/2023,5.1863
19/01/2023,5.1741
20/01/2023,5.2074
23/01/2023,5.2076
24/01/2023,5.1392
25/01/2023,5.0734
26/01/2023,5.0658
27/01/2023,5.1089
30/01/2023,5.1162
31/01/2023,5.0731
01/02/2023,5.0547
02/02/2023,5.0504
03/02/2023,5.1522
06/02/2023,5.1464
07/02/2023,5.2101
08/02/2023,5.2007
09/02/2023,5.2911
10/02/2023,5.2151
13/02/2023,5.1596
14/02/2023,5.1923
15/02/2023,5.219
16/02/2023,5.2178
17/02/2023,5.1674
20/02/2023,5.1674
21/02/2023,5.1675
22/02/2023,5.1522
23/02/2023,5.1373
24/02/2023,5.21
27/02/2023,5.2008
28/02/2023,5.2367
01/03/2023,5.1794
02/03/2023,5.2006
03/03/2023,5.1956
06/03/2023,5.1534
07/03/2023,5.191
08/03/2023,5.1453
09/03/2023,5.1645
10/03/2023,5.2166
13/03/2023,5.2459
14/03/2023,5.2543
15/03/2023,5.2882
16/03/2023,5.2285
17/03/2023,5.2778
20/03/2023,5.2368
21/03/2023,5.243
22/03/2023,5.2369
23/03/2023,5.2973
24/03/2023,5.2463
27/03/2023,5.1983
28/03/2023,5.1655
29/03/2023,5.1356
30/03/2023,5.0938
31/03/2023,5.0631
03/04/2023,5.0632
04/04/2023,5.0716
05/04/2023,5.034
06/04/2023,5.057
07/04/2023,5.0549
10/04/2023,5.0655
11/04/2023,5.0054
12/04/2023,4.9181
13/04/2023,4.9272
14/04/2023,4.9096
17/04/2023,4.9413
18/04/2023,4.984
19/04/2023,5.0753
20/04/2023,5.0486
21/04/2023,5.0486
24/04/2023,5.0337
25/04/2023,5.0497
26/04/2023,5.0435
27/04/2023,4.9771
28/04/2023,4.9865
01/05/2023,4.9889
02/05/2023,5.0387
03/05/2023,4.9949
04/05/2023,4.9822
05/05/2023,4.9518
08/05/2023,5.0097
09/05/2023,4.9862
10/05/2023,4.9424
11/05/2023,4.9295
12/05/2023,4.9195
15/05/2023,4.8904
16/05/2023,4.9402
17/05/2023,4.9396
18/05/2023,4.9652
19/05/2023,4.9981
22/05/2023,4.9667
23/05/2023,4.9714
24/05/2023,4.9619
25/05/2023,5.0356
26/05/2023,4.9939
29/05/2023,5.0171
30/05/2023,5.0357
31/05/2023,5.0574
01/06/2023,5.014
02/06/2023,4.9571
05/06/2023,4.9289
06/06/2023,4.9125
07/06/2023,4.9235
08/06/2023,4.9235
09/06/2023,4.8791
12/06/2023,4.8613
13/06/2023,4.8622
14/06/2023,4.8146
15/06/2023,4.8102
16/06/2023,4.8199
19/06/2023,4.7772
20/06/2023,4.7902
21/06/2023,4.763
22/06/2023,4.7689
23/06/2023,4.7864
26/06/2023,4.7675
27/06/2023,4.8103
28/06/2023,4.8506
29/06/2023,4.8553
30/06/2023,4.786
03/07/2023,4.8077
04/07/2023,4.8408
05/07/2023,4.8478
06/07/2023,4.9193
07/07/2023,4.872
10/07/2023,4.8978
11/07/2023,4.8538
12/07/2023,4.8184
13/07/2023,4.7971
14/07/2023,4.7894
17/07/2023,4.8066
18/07/2023,4.8105
19/07/2023,4.7909
20/07/2023,4.798
21/07/2023,4.7795
24/07/2023,4.7271
25/07/2023,4.7498
26/07/2023,4.7364
27/07/2023,4.7424
28/07/2023,4.7336
31/07/2023,4.7241
01/08/2023,4.7911
02/08/2023,4.812
03/08/2023,4.917
04/08/2023,4.8733
07/08/2023,4.8999
08/08/2023,4.8996
09/08/2023,4.902
10/08/2023,4.8924
11/08/2023,4.9048
14/08/2023,4.9615
15/08/2023,4.9845
16/08/2023,4.9879
17/08/2023,4.9758
18/08/2023,4.9694
21/08/2023,4.9793
22/08/2023,4.9386
23/08/2023,4.8572
24/08/2023,4.8802
25/08/2023,4.8711
28/08/2023,4.8731
29/08/2023,4.8523
30/08/2023,4.889
31/08/2023,4.9544
01/09/2023,4.9463
04/09/2023,4.9376
05/09/2023,4.9671
06/09/2023,4.9784
07/09/2023,4.9767
08/09/2023,4.9882
11/09/2023,4.9307
12/09/2023,4.947
13/09/2023,4.9153
14/09/2023,4.8668
15/09/2023,4.8663
18/09/2023,4.8556
19/09/2023,4.8673
20/09/2023,4.8801
21/09/2023,4.9351
22/09/2023,4.9351
25/09/2023,4.9678
26/09/2023,4.9898
27/09/2023,5.0425
28/09/2023,5.0331
29/09/2023,5.032
02/10/2023,5.061
03/10/2023,5.1669
04/10/2023,5.1562
05/10/2023,5.1658
06/10/2023,5.1457
09/10/2023,5.1355
10/10/2023,5.0516
11/10/2023,5.0483
12/10/2023,5.046
13/10/2023,5.0801
16/10/2023,5.0377
17/10/2023,5.0414
18/10/2023,5.0591
19/10/2023,5.0646
20/10/2023,5.0312
23/10/2023,5.0112
24/10/2023,4.9908
25/10/2023,4.9947
26/10/2023,4.9861
27/10/2023,5.0152
30/10/2023,5.0472
31/10/2023,5.035
01/11/2023,4.9534
02/11/2023,4.9534
03/11/2023,4.9012
06/11/2023,4.8853
07/11/2023,4.8724
08/11/2023,4.9103
09/11/2023,4.9342
10/11/2023,4.9013
13/11/2023,4.9075
14/11/2023,4.8654
15/11/2023,4.862
16/11/2023,4.8632
17/11/2023,4.9059
20/11/2023,4.8543
21/11/2023,4.9006
22/11/2023,4.9068
23/11/2023,4.9039
24/11/2023,4.902
27/11/2023,4.8964
28/11/2023,4.8705
29/11/2023,4.9029
30/11/2023,4.9205
01/12/2023,4.8801
04/12/2023,4.9432
05/12/2023,4.9306
06/12/2023,4.9022
07/12/2023,4.9115
08/12/2023,4.9317
11/12/2023,4.9386
12/12/2023,4.9631
13/12/2023,4.9197
14/12/2023,4.9155
15/12/2023,4.9371
18/12/2023,4.8967
19/12/2023,4.8675
20/12/2023,4.9163
21/12/2023,4.8844
22/12/2023,4.8585
25/12/2023,4.8585
26/12/2023,4.814
27/12/2023,4.8267
28/12/2023,4.8521
29/12/2023,4.8521
01/01/2024,4.8526
02/01/2024,4.9235
03/01/2024,4.9198
04/01/2024,4.8968
05/01/2024,4.8743
08/01/2024,4.87
09/01/2024,4.9038
10/01/2024,4.8909
11/01/2024,4.87
12/01/2024,4.8539
15/01/2024,4.8628
16/01/2024,4.9258
17/01/2024,4.9349
18/01/2024,4.9269
19/01/2024,4.931
22/01/2024,4.9892
23/01/2024,4.9535
24/01/2024,4.9335
25/01/2024,4.9165
26/01/2024,4.9168
29/01/2024,4.9518
30/01/2024,4.9516
31/01/2024,4.9526
01/02/2024,4.9163
02/02/2024,4.9699
05/02/2024,4.9854
06/02/2024,4.9634
07/02/2024,4.9685
08/02/2024,4.992
09/02/2024,4.9517
12/02/2024,4.9536
13/02/2024,4.9536
14/02/2024,4.969
15/02/2024,4.9732
16/02/2024,4.9665
19/02/2024,4.9564
20/02/2024,4.9275
21/02/2024,4.9358
22/02/2024,4.9605
23/02/2024,4.9951
26/02/2024,4.9799
27/02/2024,4.9335
28/02/2024,4.9675
29/02/2024,4.9716
01/03/2024,4.9541
04/03/2024,4.9458
05/03/2024,4.9581
06/03/2024,4.9446
07/03/2024,4.935
08/03/2024,4.9806
11/03/2024,4.9771
12/03/2024,4.9718
13/03/2024,4.97
14/03/2024,4.9895
15/03/2024,4.9949
18/03/2024,5.0253
19/03/2024,5.0301
20/03/2024,4.9691
21/03/2024,4.9781
22/03/2024,4.9997
25/03/2024,4.9751
26/03/2024,4.9808
27/03/2024,4.9866
28/03/2024,5.0129
29/03/2024,5.0153
01/04/2024,5.0543
02/04/2024,5.0576
03/04/2024,5.0393
04/04/2024,5.0538
05/04/2024,5.0655
08/04/2024,5.0268
09/04/2024,5.009
10/04/2024,5.0746
11/04/2024,5.0917
12/04/2024,5.1175
15/04/2024,5.1846
16/04/2024,5.2826
17/04/2024,5.242
18/04/2024,5.2482
19/04/2024,5.2027
22/04/2024,5.168
23/04/2024,5.126
24/04/2024,5.1457
25/04/2024,5.1602
26/04/2024,5.1151
29/04/2024,5.1189
30/04/2024,5.1934
01/05/2024,5.1936
02/05/2024,5.1113
03/05/2024,5.0722
06/05/2024,5.0758
07/05/2024,5.0707
08/05/2024,5.0909
09/05/2024,5.1412
10/05/2024,5.1584
13/05/2024,5.1511
14/05/2024,5.1299
15/05/2024,5.1373
16/05/2024,5.1288
17/05/2024,5.1031
20/05/2024,5.1033
21/05/2024,5.1225
22/05/2024,5.1503
23/05/2024,5.1442
24/05/2024,5.166
27/05/2024,5.1708
28/05/2024,5.1611
29/05/2024,5.2018
30/05/2024,5.2034
31/05/2024,5.2443
03/06/2024,5.2467
04/06/2024,5.2861
05/06/2024,5.2964
06/06/2024,5.256
07/06/2024,5.3448
10/06/2024,5.3547
11/06/2024,5.3662
12/06/2024,5.4123
13/06/2024,5.3636
14/06/2024,5.3757
17/06/2024,5.4195
18/06/2024,5.4359
19/06/2024,5.4362
20/06/2024,5.4483
21/06/2024,5.4302
24/06/2024,5.3928
25/06/2024,5.4509
26/06/2024,5.5194
27/06/2024,5.5019
28/06/2024,5.5925
01/07/2024,5.6603
02/07/2024,5.6777
03/07/2024,5.5563
04/07/2024,5.4887
05/07/2024,5.4592
08/07/2024,5.4699
09/07/2024,5.4222
10/07/2024,5.4144
11/07/2024,5.4381
12/07/2024,5.4285
15/07/2024,5.4448
16/07/2024,5.4286
17/07/2024,5.4821
18/07/2024,5.546
19/07/2024,5.5952
22/07/2024,5.5779
23/07/2024,5.5846
24/07/2024,5.6536
25/07/2024,5.6442
26/07/2024,5.6557
29/07/2024,5.6159
30/07/2024,5.6121
31/07/2024,5.65
01/08/2024,5.7483
02/08/2024,5.7273
05/08/2024,5.7238
06/08/2024,5.6623
07/08/2024,5.6341
08/08/2024,5.5493
09/08/2024,5.5064
12/08/2024,5.4974
13/08/2024,5.4538
14/08/2024,5.473
15/08/2024,5.4827
16/08/2024,5.4753
19/08/2024,5.4121
20/08/2024,5.478
21/08/2024,5.4858
22/08/2024,5.5834
23/08/2024,5.4863
26/08/2024,5.495
27/08/2024,5.5082
28/08/2024,5.5644
29/08/2024,5.6266
30/08/2024,5.6103
02/09/2024,5.6177
03/09/2024,5.6454
04/09/2024,5.6399
05/09/2024,5.5741
06/09/2024,5.599
09/09/2024,5.5842
10/09/2024,5.6582
11/09/2024,5.6618
12/09/2024,5.6276
13/09/2024,5.564
16/09/2024,5.51
17/09/2024,5.4825
18/09/2024,5.4612
19/09/2024,5.4263
20/09/2024,5.5103
23/09/2024,5.5364
24/09/2024,5.4547
25/09/2024,5.4774
26/09/2024,5.4375
27/09/2024,5.4329
30/09/2024,5.4482
01/10/2024,5.4368
02/10/2024,5.4407
03/10/2024,5.4759
04/10/2024,5.4555
07/10/2024,5.49
08/10/2024,5.5349
09/10/2024,5.5941
10/10/2024,5.5821
11/10/2024,5.6126
14/10/2024,5.5928
15/10/2024,5.6502
16/10/2024,5.6652
17/10/2024,5.6546
18/10/2024,5.6912
21/10/2024,5.6939
22/10/2024,5.6894
23/10/2024,5.6884
24/10/2024,5.6643
25/10/2024,5.7073
28/10/2024,5.7096
29/10/2024,5.7604
30/10/2024,5.763
31/10/2024,5.7867
01/11/2024,5.8681
04/11/2024,5.7916
05/11/2024,5.7508
06/11/2024,5.6793
07/11/2024,5.6923
08/11/2024,5.7376
11/11/2024,5.7559
12/11/2024,5.749
13/11/2024,5.8061
14/11/2024,5.789
15/11/2024,5.7947
18/11/2024,5.7473
19/11/2024,5.7694
20/11/2024,5.7725
21/11/2024,5.8144
22/11/2024,5.801
25/11/2024,5.7983
26/11/2024,5.8095
27/11/2024,5.9377
28/11/2024,6.0142
29/11/2024,5.973
02/12/2024,6.058
03/12/2024,6.044
04/12/2024,6.0409
05/12/2024,6.0113
06/12/2024,6.0894
09/12/2024,6.0788
10/12/2024,6.045
11/12/2024,5.9543
12/12/2024,5.9915
13/12/2024,6.0419
16/12/2024,6.1479
17/12/2024,6.1048
18/12/2024,6.2896
19/12/2024,6.1525
20/12/2024,6.0853
23/12/2024,6.1939
24/12/2024,6.1906
25/12/2024,6.1906
26/12/2024,6.1828
27/12/2024,6.1964
30/12/2024,6.1778
31/12/2024,6.1778
01/01/2025,6.184
02/01/2025,6.1519
03/01/2025,6.1798
06/01/2025,6.1152
07/01/2025,6.101
08/01/2025,6.1055
09/01/2025,6.0364
10/01/2025,6.1053
13/01/2025,6.0944
14/01/2025,6.0559
15/01/2025,6.0098
16/01/2025,6.0499
17/01/2025,6.0704
20/01/2025,6.0315
21/01/2025,6.022
22/01/2025,5.9415
23/01/2025,5.9243
24/01/2025,5.9109
27/01/2025,5.8926
28/01/2025,5.8571
29/01/2025,5.8563
30/01/2025,5.874
31/01/2025,5.841
03/02/2025,5.8066
04/02/2025,5.754
05/02/2025,5.7973
06/02/2025,5.7617
07/02/2025,5.8058
10/02/2025,5.7874
11/02/2025,5.7635
12/02/2025,5.7649
13/02/2025,5.7669
14/02/2025,5.7042
17/02/2025,5.713
18/02/2025,5.6892
19/02/2025,5.7214
20/02/2025,5.7029
21/02/2025,5.732
24/02/2025,5.7785
25/02/2025,5.7396
26/02/2025,5.8035
27/02/2025,5.8401
28/02/2025,5.8852
03/03/2025,5.8852
04/03/2025,5.8852
05/03/2025,5.7394
06/03/2025,5.7639
07/03/2025,5.7874
10/03/2025,5.8555
11/03/2025,5.8103
12/03/2025,5.7978
13/03/2025,5.799
14/03/2025,5.7385
17/03/2025,5.6835
18/03/2025,5.6705
19/03/2025,5.6485
20/03/2025,5.6797
21/03/2025,5.7291
24/03/2025,5.7646
25/03/2025,5.6989
26/03/2025,5.7359
27/03/2025,5.7452
28/03/2025,5.7604
31/03/2025,5.7047
01/04/2025,5.6815
02/04/2025,5.6607
03/04/2025,5.629
04/04/2025,5.8425
07/04/2025,5.9139
08/04/2025,6.0109
09/04/2025,5.8215
10/04/2025,5.8856
11/04/2025,5.8648
14/04/2025,5.8551
15/04/2025,5.8859
16/04/2025,5.8664
17/04/2025,5.8063
18/04/2025,5.8067
21/04/2025,5.8067
22/04/2025,5.7255
23/04/2025,5.7096
24/04/2025,5.6833
25/04/2025,5.6841
28/04/2025,5.6546
29/04/2025,5.621
30/04/2025,5.6748
01/05/2025,5.6734
02/05/2025,5.6579
05/05/2025,5.6886
06/05/2025,5.7135
07/05/2025,5.7459
08/05/2025,5.6615
09/05/2025,5.6556
12/05/2025,5.6752
13/05/2025,5.6085
14/05/2025,5.6384
15/05/2025,5.6821
16/05/2025,5.6633
19/05/2025,5.6516
20/05/2025,5.6682
21/05/2025,5.6458
22/05/2025,5.716
23/05/2025,5.6468
26/05/2025,5.6693
27/05/2025,5.6424
28/05/2025,5.689
29/05/2025,5.6666
30/05/2025,5.7227
02/06/2025,5.6734
03/06/2025,5.6393
04/06/2025,5.6368
05/06/2025,5.5893
06/06/2025,5.5594
09/06/2025,5.5588
10/06/2025,5.5744
11/06/2025,5.5364
12/06/2025,5.5375
13/06/2025,5.5439
16/06/2025,5.492
17/06/2025,5.4997
18/06/2025,5.4917
19/06/2025,5.4916
20/06/2025,5.5132
23/06/2025,5.4965
24/06/2025,5.5113
25/06/2025,5.5637
26/06/2025,5.489
27/06/2025,5.4856
30/06/2025,5.4326
01/07/2025,5.4588
02/07/2025,5.424
03/07/2025,5.409
04/07/2025,5.4212
07/07/2025,5.488
08/07/2025,5.4474
09/07/2025,5.5766
10/07/2025,5.5321
11/07/2025,5.5589
14/07/2025,5.5893
15/07/2025,5.5571
16/07/2025,5.569
17/07/2025,5.5449
18/07/2025,5.579
21/07/2025,5.5671
22/07/2025,5.5657
23/07/2025,5.5212
24/07/2025,5.5215
25/07/2025,5.5633
28/07/2025,5.5888
29/07/2025,5.5747
30/07/2025,5.5695
31/07/2025,5.6015
01/08/2025,5.542
04/08/2025,5.4988
05/08/2025,5.5075
06/08/2025,5.4632
07/08/2025,5.4236
08/08/2025,5.434
11/08/2025,5.4424
12/08/2025,5.3895
13/08/2025,5.3991
14/08/2025,5.416
15/08/2025,5.4009
18/08/2025,5.4368
19/08/2025,5.504
20/08/2025,5.4829
21/08/2025,5.471
22/08/2025,5.4227
25/08/2025,5.4121
26/08/2025,5.4311
27/08/2025,5.4178
28/08/2025,5.4129
29/08/2025,5.4304
01/09/2025,5.4403
02/09/2025,5.465
03/09/2025,5.4516
04/09/2025,5.4462
05/09/2025,5.4134
08/09/2025,5.4196
09/09/2025,5.4398
10/09/2025,5.4087
11/09/2025,5.3903
12/09/2025,5.3549
15/09/2025,5.3168
16/09/2025,5.2972
17/09/2025,5.3059
18/09/2025,5.3138
19/09/2025,5.3238
22/09/2025,5.3353
23/09/2025,5.285
24/09/2025,5.327
25/09/2025,5.368
26/09/2025,5.34
29/09/2025,5.318
30/09/2025,5.324
01/10/2025,5.321
02/10/2025,5.34
03/10/2025,5.33
06/10/2025,5.311
07/10/2025,5.348
08/10/2025,5.344
09/10/2025,5.378
10/10/2025,5.499
13/10/2025,5.458
14/10/2025,5.466
15/10/2025,5.457
16/10/2025,5.447
17/10/2025,5.406
20/10/2025,5.373
21/10/2025,5.389
22/10/2025,5.401
23/10/2025,5.386
24/10/2025,5.392
27/10/2025,5.372
28/10/2025,5.36
29/10/2025,5.366
30/10/2025,5.378
31/10/2025,5.381
03/11/2025,5.356
04/11/2025,5.398
05/11/2025,5.359
06/11/2025,5.348
07/11/2025,5.338
10/11/2025,5.307
11/11/2025,5.27
12/11/2025,5.293
13/11/2025,5.297
14/11/2025,5.299
17/11/2025,5.326
18/11/2025,5.318
19/11/2025,5.338
21/11/2025,5.397
24/11/2025,5.394
25/11/2025,5.376
26/11/2025,5.336
27/11/2025,5.354
28/11/2025,5.332
01/12/2025,5.359
02/12/2025,5.332
03/12/2025,5.312
04/12/2025,5.309
05/12/2025,5.456
08/12/2025,5.424
09/12/2025,5.439
10/12/2025,5.478
11/12/2025,5.401
12/12/2025,5.413
15/12/2025,5.422
16/12/2025,5.466
17/12/2025,5.522
18/12/2025,5.521
19/12/2025,5.529
22/12/2025,5.582
23/12/2025,5.538
26/12/2025,5.544
29/12/2025,5.579
30/12/2025,5.488
