data,soja_futuro
01/01/2020,943.5
02/01/2020,956.25
03/01/2020,941.5
06/01/2020,944.75
07/01/2020,944
08/01/2020,947.25
09/01/2020,943.5
10/01/2020,946
13/01/2020,942.25
14/01/2020,942.25
15/01/2020,942
16/01/2020,937.25
17/01/2020,943
21/01/2020,929.75
22/01/2020,927.5
23/01/2020,923.25
24/01/2020,915.75
27/01/2020,911
28/01/2020,909
29/01/2020,907
30/01/2020,890.5
31/01/2020,886.75
03/02/2020,890.75
04/02/2020,893
05/02/2020,893.5
06/02/2020,894.75
07/02/2020,895
10/02/2020,897.25
11/02/2020,897.25
12/02/2020,903.5
13/02/2020,906
14/02/2020,903.25
18/02/2020,902.25
19/02/2020,905.5
20/02/2020,901
21/02/2020,899
24/02/2020,882.5
25/02/2020,888.25
26/02/2020,892
27/02/2020,895
28/02/2020,892.75
02/03/2020,901
03/03/2020,903.5
04/03/2020,907.25
05/03/2020,897
06/03/2020,891.25
09/03/2020,870
10/03/2020,876.25
11/03/2020,873.25
12/03/2020,859.5
13/03/2020,848.75
16/03/2020,830.5
17/03/2020,831
18/03/2020,832.75
19/03/2020,848
20/03/2020,864.75
23/03/2020,885.5
24/03/2020,887.5
25/03/2020,884.75
26/03/2020,884.75
27/03/2020,885.25
30/03/2020,886.5
31/03/2020,889.5
01/04/2020,867.25
02/04/2020,864
03/04/2020,859.5
06/04/2020,861.25
07/04/2020,861
08/04/2020,861.75
09/04/2020,871
10/04/2020,863.25
13/04/2020,862.25
14/04/2020,855.5
15/04/2020,851.75
16/04/2020,845.75
17/04/2020,842.25
20/04/2020,836.25
21/04/2020,840.75
22/04/2020,842.5
23/04/2020,846.75
24/04/2020,839.5
27/04/2020,836.5
28/04/2020,832
29/04/2020,837.5
30/04/2020,855.25
01/05/2020,849.5
04/05/2020,836.5
05/05/2020,839.5
06/05/2020,832.5
07/05/2020,844.25
08/05/2020,850.5
11/05/2020,855
12/05/2020,852
13/05/2020,839.5
14/05/2020,837
15/05/2020,840.75
18/05/2020,847.75
19/05/2020,845.25
20/05/2020,849.25
21/05/2020,838.5
22/05/2020,836.5
24/05/2020,833.5
25/05/2020,832.62
26/05/2020,848.75
27/05/2020,850.25
28/05/2020,849.25
29/05/2020,843.5
01/06/2020,843.25
02/06/2020,852.75
03/06/2020,859
04/06/2020,868.75
05/06/2020,870
08/06/2020,867.5
09/06/2020,866
10/06/2020,867.75
11/06/2020,868
12/06/2020,872.5
15/06/2020,870
16/06/2020,868
17/06/2020,871.75
18/06/2020,872.5
19/06/2020,876
22/06/2020,875
23/06/2020,872
24/06/2020,867.5
25/06/2020,866.5
26/06/2020,860
29/06/2020,861.5
30/06/2020,878.75
01/07/2020,891.5
02/07/2020,891.25
06/07/2020,898.5
07/07/2020,896.75
08/07/2020,892.5
09/07/2020,896.5
10/07/2020,887.25
13/07/2020,874
14/07/2020,878
15/07/2020,880.75
16/07/2020,888.25
17/07/2020,892.25
20/07/2020,896.75
21/07/2020,891
22/07/2020,894
23/07/2020,900.75
24/07/2020,898.75
27/07/2020,898.75
28/07/2020,887.75
29/07/2020,884.5
30/07/2020,886.75
31/07/2020,890.25
03/08/2020,893
04/08/2020,879.75
05/08/2020,876.25
06/08/2020,874.75
07/08/2020,865.75
10/08/2020,870
11/08/2020,870.5
12/08/2020,880.5
13/08/2020,896.25
14/08/2020,897
17/08/2020,915.25
18/08/2020,913.75
19/08/2020,914
20/08/2020,905.25
21/08/2020,904.75
24/08/2020,905.75
25/08/2020,920.25
26/08/2020,924.25
27/08/2020,942
28/08/2020,950.5
31/08/2020,953.5
01/09/2020,954.75
02/09/2020,962
03/09/2020,966
04/09/2020,968
08/09/2020,973
09/09/2020,978.75
10/09/2020,977.5
11/09/2020,996
14/09/2020,999.5
15/09/2020,995.75
16/09/2020,1015.25
17/09/2020,1031.25
18/09/2020,1047.25
21/09/2020,1027.5
22/09/2020,1024.5
23/09/2020,1018.75
24/09/2020,1003.25
25/09/2020,1006.25
28/09/2020,1000.25
29/09/2020,997
30/09/2020,1027.25
01/10/2020,1027.25
02/10/2020,1024.75
05/10/2020,1025
06/10/2020,1045.5
07/10/2020,1051.5
08/10/2020,1048
09/10/2020,1065.75
12/10/2020,1036.75
13/10/2020,1047
14/10/2020,1057.25
15/10/2020,1062
16/10/2020,1050.25
19/10/2020,1054
20/10/2020,1063.75
21/10/2020,1071.5
22/10/2020,1072.25
23/10/2020,1081
26/10/2020,1083.5
27/10/2020,1076.5
28/10/2020,1054.75
29/10/2020,1050.5
30/10/2020,1056.25
02/11/2020,1052.25
03/11/2020,1064.25
04/11/2020,1086.25
05/11/2020,1103.75
06/11/2020,1101.5
09/11/2020,1110.5
10/11/2020,1146
11/11/2020,1152.5
12/11/2020,1145.5
13/11/2020,1148
16/11/2020,1154.5
17/11/2020,1168.5
18/11/2020,1174.75
19/11/2020,1175.5
20/11/2020,1181.25
23/11/2020,1192.5
24/11/2020,1193.25
25/11/2020,1185.75
27/11/2020,1192.75
30/11/2020,1169.5
01/12/2020,1163
02/12/2020,1154.75
03/12/2020,1170.25
04/12/2020,1165
07/12/2020,1162.5
08/12/2020,1151.5
09/12/2020,1163.5
10/12/2020,1158.75
11/12/2020,1166
14/12/2020,1174.5
15/12/2020,1188.75
16/12/2020,1188
17/12/2020,1205.5
18/12/2020,1224
21/12/2020,1247.5
22/12/2020,1250
23/12/2020,1260
24/12/2020,1264.5
25/12/2020,1264.4
28/12/2020,1257.25
29/12/2020,1296
30/12/2020,1300.5
31/12/2020,1311
01/01/2021,1310.25
04/01/2021,1313
05/01/2021,1347
06/01/2021,1361.5
07/01/2021,1355.25
08/01/2021,1374.75
11/01/2021,1372.5
12/01/2021,1418.25
13/01/2021,1406.25
14/01/2021,1430.5
15/01/2021,1414.75
19/01/2021,1383.25
20/01/2021,1367.25
21/01/2021,1368.75
22/01/2021,1311.75
25/01/2021,1342.75
26/01/2021,1369.5
27/01/2021,1373.25
28/01/2021,1351.5
29/01/2021,1367
01/02/2021,1362.5
02/02/2021,1350.75
03/02/2021,1367.5
04/02/2021,1369.25
05/02/2021,1365.75
08/02/2021,1386
09/02/2021,1398.75
10/02/2021,1352.5
11/02/2021,1366.75
12/02/2021,1371.25
15/02/2021,1367
16/02/2021,1385.75
17/02/2021,1384.75
18/02/2021,1376.5
19/02/2021,1380
22/02/2021,1387.5
23/02/2021,1408.5
24/02/2021,1425.75
25/02/2021,1407.5
26/02/2021,1404.25
01/03/2021,1391.25
02/03/2021,1412.5
03/03/2021,1407.5
04/03/2021,1410.5
05/03/2021,1430
08/03/2021,1433.75
09/03/2021,1440
10/03/2021,1409.75
11/03/2021,1413.5
12/03/2021,1413.25
15/03/2021,1410.25
16/03/2021,1413.75
17/03/2021,1406
18/03/2021,1380.5
19/03/2021,1403
22/03/2021,1404
23/03/2021,1411.25
24/03/2021,1421
25/03/2021,1404.5
26/03/2021,1391.25
29/03/2021,1385.25
30/03/2021,1357.75
31/03/2021,1427.75
01/04/2021,1396.75
05/04/2021,1405.5
06/04/2021,1411.25
07/04/2021,1403
08/04/2021,1409.75
09/04/2021,1398.25
12/04/2021,1379
13/04/2021,1384.75
14/04/2021,1402.25
15/04/2021,1411
16/04/2021,1422.5
19/04/2021,1436.5
20/04/2021,1457.75
21/04/2021,1479.5
22/04/2021,1514.25
23/04/2021,1516
26/04/2021,1539.25
27/04/2021,1519.5
28/04/2021,1513.75
29/04/2021,1502.25
30/04/2021,1534.25
03/05/2021,1524
04/05/2021,1538.25
05/05/2021,1542.25
06/05/2021,1569.5
07/05/2021,1589.75
10/05/2021,1587.5
11/05/2021,1614.75
12/05/2021,1642.5
13/05/2021,1584
14/05/2021,1586.25
17/05/2021,1525.5
18/05/2021,1521.25
19/05/2021,1485.5
20/05/2021,1480.25
21/05/2021,1472.25
24/05/2021,1471
25/05/2021,1460.5
26/05/2021,1453
27/05/2021,1487.25
28/05/2021,1482
31/05/2021,1543.62
01/06/2021,1500.75
02/06/2021,1516.25
03/06/2021,1504.25
04/06/2021,1537.5
07/06/2021,1522.25
08/06/2021,1539.5
09/06/2021,1523
10/06/2021,1510
11/06/2021,1482.5
14/06/2021,1441.25
15/06/2021,1426
16/06/2021,1402
17/06/2021,1295
18/06/2021,1355
21/06/2021,1370.25
22/06/2021,1352
23/06/2021,1346
24/06/2021,1334
25/06/2021,1302.75
28/06/2021,1336.75
29/06/2021,1339.75
30/06/2021,1430
01/07/2021,1429.75
02/07/2021,1433.25
06/07/2021,1344.25
07/07/2021,1366.75
08/07/2021,1365.25
09/07/2021,1379.25
12/07/2021,1404.25
13/07/2021,1414.75
14/07/2021,1453
15/07/2021,1394.25
16/07/2021,1406
19/07/2021,1382.75
20/07/2021,1399
21/07/2021,1397.75
22/07/2021,1369
23/07/2021,1355.75
26/07/2021,1362.5
27/07/2021,1367
28/07/2021,1370.25
29/07/2021,1385.25
30/07/2021,1355.5
02/08/2021,1356.25
03/08/2021,1323.75
04/08/2021,1332
05/08/2021,1335.75
06/08/2021,1344.25
09/08/2021,1341.5
10/08/2021,1348.25
11/08/2021,1347
12/08/2021,1347
13/08/2021,1373
16/08/2021,1368.25
17/08/2021,1361.5
18/08/2021,1353.25
19/08/2021,1320
20/08/2021,1290.75
23/08/2021,1292.75
24/08/2021,1331.75
25/08/2021,1332.75
26/08/2021,1326.25
27/08/2021,1323.25
30/08/2021,1303.25
31/08/2021,1292.5
01/09/2021,1277.75
02/09/2021,1283.25
03/09/2021,1292
06/09/2021,1291.88
07/09/2021,1277
08/09/2021,1279.5
09/09/2021,1270.5
10/09/2021,1286.5
13/09/2021,1284.75
14/09/2021,1282.5
15/09/2021,1303.5
16/09/2021,1304.75
17/09/2021,1293
20/09/2021,1271.75
21/09/2021,1282.75
22/09/2021,1291.75
23/09/2021,1294
24/09/2021,1294.75
27/09/2021,1297.5
28/09/2021,1287
29/09/2021,1293.5
30/09/2021,1265.5
01/10/2021,1256.5
04/10/2021,1246.25
05/10/2021,1261
06/10/2021,1252.5
07/10/2021,1258.25
08/10/2021,1254.25
11/10/2021,1239.75
12/10/2021,1210
13/10/2021,1206
14/10/2021,1215.5
15/10/2021,1226.25
18/10/2021,1229
19/10/2021,1237
20/10/2021,1255
21/10/2021,1233.5
22/10/2021,1230.75
25/10/2021,1247
26/10/2021,1247.5
27/10/2021,1249.75
28/10/2021,1246
29/10/2021,1249.5
01/11/2021,1248.5
02/11/2021,1256.25
03/11/2021,1244.25
04/11/2021,1222.75
05/11/2021,1205.5
08/11/2021,1188.5
09/11/2021,1212
10/11/2021,1216.75
11/11/2021,1221.5
12/11/2021,1244.25
15/11/2021,1268.75
16/11/2021,1263.25
17/11/2021,1288.25
18/11/2021,1276.5
19/11/2021,1275
22/11/2021,1286.25
23/11/2021,1284.5
24/11/2021,1277.25
26/11/2021,1263
29/11/2021,1252
30/11/2021,1226.5
01/12/2021,1235
02/12/2021,1250
03/12/2021,1271.25
06/12/2021,1266.5
07/12/2021,1258.25
08/12/2021,1268.75
09/12/2021,1272.25
10/12/2021,1274.25
13/12/2021,1250.75
14/12/2021,1264.5
15/12/2021,1265.25
16/12/2021,1278.25
17/12/2021,1288.5
20/12/2021,1294.75
21/12/2021,1312.75
22/12/2021,1335
23/12/2021,1340.75
24/12/2021,1342.5
27/12/2021,1371.5
28/12/2021,1368
29/12/2021,1368.75
30/12/2021,1338.5
31/12/2021,1339.25
03/01/2022,1355.5
04/01/2022,1389.75
05/01/2022,1394.75
06/01/2022,1387.25
07/01/2022,1410.25
10/01/2022,1384.75
11/01/2022,1386.5
12/01/2022,1399.25
13/01/2022,1377.25
14/01/2022,1369.75
18/01/2022,1371
19/01/2022,1400.75
20/01/2022,1434.5
21/01/2022,1423
24/01/2022,1411
25/01/2022,1416
26/01/2022,1447
27/01/2022,1454
28/01/2022,1475.25
31/01/2022,1495.25
01/02/2022,1534.25
02/02/2022,1549.5
03/02/2022,1547
04/02/2022,1557.5
07/02/2022,1586.25
08/02/2022,1572.5
09/02/2022,1595.5
10/02/2022,1576.5
11/02/2022,1586.25
14/02/2022,1574
15/02/2022,1555.75
16/02/2022,1591.25
17/02/2022,1596
18/02/2022,1603.5
20/02/2022,1598
21/02/2022,1597.5
22/02/2022,1635
23/02/2022,1671
24/02/2022,1654
25/02/2022,1584.5
28/02/2022,1636.75
01/03/2022,1690
02/03/2022,1663
03/03/2022,1667.75
04/03/2022,1660.5
07/03/2022,1659.5
08/03/2022,1689.75
09/03/2022,1671.75
10/03/2022,1686.25
11/03/2022,1676
14/03/2022,1670.5
15/03/2022,1635.75
16/03/2022,1626
17/03/2022,1647.25
18/03/2022,1645.75
21/03/2022,1672.25
22/03/2022,1678.75
23/03/2022,1698.5
24/03/2022,1682.25
25/03/2022,1688.5
28/03/2022,1646.75
29/03/2022,1623.75
30/03/2022,1642.5
31/03/2022,1598
01/04/2022,1566.75
04/04/2022,1589
05/04/2022,1614
06/04/2022,1603.5
07/04/2022,1627
08/04/2022,1668
11/04/2022,1640.75
12/04/2022,1660.5
13/04/2022,1665
14/04/2022,1665.25
15/04/2022,1681
18/04/2022,1693.25
19/04/2022,1691.75
20/04/2022,1717
21/04/2022,1719.5
22/04/2022,1688
25/04/2022,1675.25
26/04/2022,1671.75
27/04/2022,1692.75
28/04/2022,1684.75
29/04/2022,1684.75
02/05/2022,1645.25
03/05/2022,1630.5
04/05/2022,1640.5
05/05/2022,1647
06/05/2022,1622
09/05/2022,1585.25
10/05/2022,1592.25
11/05/2022,1606.75
12/05/2022,1613.75
13/05/2022,1646.5
16/05/2022,1607.25
17/05/2022,1624.25
18/05/2022,1607
19/05/2022,1630.5
20/05/2022,1641.75
23/05/2022,1628.75
24/05/2022,1632.25
25/05/2022,1620.5
26/05/2022,1659.5
27/05/2022,1663
30/05/2022,1737.5
31/05/2022,1620.25
01/06/2022,1625
02/06/2022,1658.75
03/06/2022,1633.75
06/06/2022,1635.75
07/06/2022,1653.75
08/06/2022,1662.75
09/06/2022,1679.75
10/06/2022,1662
13/06/2022,1627.75
14/06/2022,1616.5
15/06/2022,1613.75
16/06/2022,1630.75
17/06/2022,1622.25
19/06/2022,1696.88
20/06/2022,1696.38
21/06/2022,1598.5
22/06/2022,1564
23/06/2022,1507.25
24/06/2022,1520.75
27/06/2022,1529.5
28/06/2022,1556.5
29/06/2022,1571.5
30/06/2022,1560.5
01/07/2022,1509.75
05/07/2022,1439.25
06/07/2022,1446.5
07/07/2022,1485.25
08/07/2022,1513.25
11/07/2022,1522
12/07/2022,1468.25
13/07/2022,1484.75
14/07/2022,1471.75
15/07/2022,1359.5
18/07/2022,1396.75
19/07/2022,1375.5
20/07/2022,1350.5
21/07/2022,1317
22/07/2022,1327.5
25/07/2022,1356
26/07/2022,1399.75
27/07/2022,1424.5
28/07/2022,1457
29/07/2022,1487.25
01/08/2022,1432
02/08/2022,1415.75
03/08/2022,1403.75
04/08/2022,1461.25
05/08/2022,1463.25
08/08/2022,1464
09/08/2022,1512.25
10/08/2022,1509
11/08/2022,1520.25
12/08/2022,1535
15/08/2022,1412.25
16/08/2022,1381
17/08/2022,1390
18/08/2022,1405.25
19/08/2022,1404
22/08/2022,1435.25
23/08/2022,1461
24/08/2022,1457
25/08/2022,1431.25
26/08/2022,1461.25
29/08/2022,1437.75
30/08/2022,1432.5
31/08/2022,1422.5
01/09/2022,1394.75
02/09/2022,1420.5
05/09/2022,1417.25
06/09/2022,1398.75
07/09/2022,1383.5
08/09/2022,1386
09/09/2022,1412.25
12/09/2022,1488.25
13/09/2022,1478.75
14/09/2022,1455
15/09/2022,1458
16/09/2022,1455.25
19/09/2022,1467.5
20/09/2022,1484.5
21/09/2022,1467
22/09/2022,1463.25
23/09/2022,1431.75
26/09/2022,1416.25
27/09/2022,1414
28/09/2022,1416.25
29/09/2022,1420.5
30/09/2022,1375.5
03/10/2022,1384
04/10/2022,1393.5
05/10/2022,1380.5
06/10/2022,1370.5
07/10/2022,1379.25
10/10/2022,1385.75
11/10/2022,1388
12/10/2022,1405
13/10/2022,1405.5
14/10/2022,1392.75
17/10/2022,1392.75
18/10/2022,1382
19/10/2022,1382.75
20/10/2022,1400
21/10/2022,1404.5
24/10/2022,1381.25
25/10/2022,1392.25
26/10/2022,1393
27/10/2022,1393.5
28/10/2022,1400.25
31/10/2022,1419.5
01/11/2022,1447.75
02/11/2022,1454
03/11/2022,1437
04/11/2022,1462.25
07/11/2022,1450.25
08/11/2022,1446.5
09/11/2022,1452
10/11/2022,1423
11/11/2022,1450
14/11/2022,1440.5
15/11/2022,1461.75
16/11/2022,1434.75
17/11/2022,1422.25
18/11/2022,1433.25
21/11/2022,1441.75
22/11/2022,1436.5
23/11/2022,1442
25/11/2022,1442.25
28/11/2022,1462.75
29/11/2022,1466
30/11/2022,1475.5
01/12/2022,1436.75
02/12/2022,1446.5
05/12/2022,1445
06/12/2022,1461.5
07/12/2022,1477.25
08/12/2022,1490.25
09/12/2022,1488.25
12/12/2022,1465.5
13/12/2022,1484.5
14/12/2022,1485
15/12/2022,1476.75
16/12/2022,1483.75
19/12/2022,1463.5
20/12/2022,1479.75
21/12/2022,1484.5
22/12/2022,1472
23/12/2022,1484.5
27/12/2022,1489
28/12/2022,1514.25
29/12/2022,1516.25
30/12/2022,1524
03/01/2023,1492.25
04/01/2023,1483.5
05/01/2023,1470.75
06/01/2023,1492.5
09/01/2023,1488.5
10/01/2023,1485
11/01/2023,1493
12/01/2023,1518.5
13/01/2023,1527.75
17/01/2023,1537.5
18/01/2023,1521.5
19/01/2023,1511.5
20/01/2023,1501.75
23/01/2023,1487.25
24/01/2023,1486.5
25/01/2023,1496.5
26/01/2023,1514.75
27/01/2023,1504.5
30/01/2023,1529.5
31/01/2023,1530.25
01/02/2023,1516.5
02/02/2023,1527.75
03/02/2023,1525.5
06/02/2023,1514.5
07/02/2023,1510.25
08/02/2023,1513.75
09/02/2023,1511.75
10/02/2023,1533.5
13/02/2023,1536
14/02/2023,1530
15/02/2023,1519.5
16/02/2023,1521.25
17/02/2023,1522.25
21/02/2023,1544
22/02/2023,1534.75
23/02/2023,1527.25
24/02/2023,1519.25
27/02/2023,1512.75
28/02/2023,1479
01/03/2023,1494.25
02/03/2023,1509.25
03/03/2023,1518.75
06/03/2023,1529
07/03/2023,1515.5
08/03/2023,1517.75
09/03/2023,1510.75
10/03/2023,1507
13/03/2023,1491.25
14/03/2023,1493.75
15/03/2023,1474.5
16/03/2023,1476
17/03/2023,1461.25
20/03/2023,1466.75
21/03/2023,1448.5
22/03/2023,1425
23/03/2023,1398.5
24/03/2023,1406.25
27/03/2023,1420.75
28/03/2023,1444.5
29/03/2023,1450.75
30/03/2023,1447
31/03/2023,1475.5
03/04/2023,1495
04/04/2023,1482.75
05/04/2023,1477.75
06/04/2023,1462.5
07/04/2023,1462.5
10/04/2023,1461.75
11/04/2023,1471.25
12/04/2023,1472.25
13/04/2023,1473.25
14/04/2023,1467.25
17/04/2023,1485.5
18/04/2023,1491
19/04/2023,1478.75
20/04/2023,1468.5
21/04/2023,1449
24/04/2023,1436
25/04/2023,1417.5
26/04/2023,1414.75
27/04/2023,1403.75
28/04/2023,1419.25
01/05/2023,1427.5
02/05/2023,1410.75
03/05/2023,1417.5
04/05/2023,1417.75
05/05/2023,1436.5
08/05/2023,1433.75
09/05/2023,1414.25
10/05/2023,1404
11/05/2023,1405.5
12/05/2023,1390
15/05/2023,1328.25
16/05/2023,1298.25
17/05/2023,1274.75
18/05/2023,1269.5
19/05/2023,1248
22/05/2023,1275.5
23/05/2023,1258.75
24/05/2023,1258.75
25/05/2023,1249.75
26/05/2023,1261
30/05/2023,1219.5
31/05/2023,1217.75
01/06/2023,1244
02/06/2023,1262.5
05/06/2023,1261
06/06/2023,1265.75
07/06/2023,1267.25
08/06/2023,1279.25
09/06/2023,1296
12/06/2023,1292.5
13/06/2023,1321.75
14/06/2023,1318.5
15/06/2023,1368.5
16/06/2023,1407.5
20/06/2023,1408.25
21/06/2023,1445
22/06/2023,1418.25
23/06/2023,1404
26/06/2023,1424.5
27/06/2023,1395.5
28/06/2023,1361
29/06/2023,1367.75
30/06/2023,1442
03/07/2023,1467.75
05/07/2023,1468.75
06/07/2023,1448.25
07/07/2023,1427.75
10/07/2023,1455.5
11/07/2023,1471.5
12/07/2023,1444.25
13/07/2023,1484.75
14/07/2023,1480.25
17/07/2023,1407.25
18/07/2023,1418.75
19/07/2023,1432
20/07/2023,1426.25
21/07/2023,1429
24/07/2023,1453.25
25/07/2023,1450.5
26/07/2023,1468.5
27/07/2023,1453.5
28/07/2023,1433
31/07/2023,1370.5
01/08/2023,1386.75
02/08/2023,1376.5
03/08/2023,1382
04/08/2023,1387
07/08/2023,1348.25
08/08/2023,1353.5
09/08/2023,1355.25
10/08/2023,1352
11/08/2023,1337.25
14/08/2023,1353
15/08/2023,1305.25
16/08/2023,1323.5
17/08/2023,1330
18/08/2023,1353.25
21/08/2023,1361.75
22/08/2023,1346
23/08/2023,1360.5
24/08/2023,1371.75
25/08/2023,1387.75
28/08/2023,1405.75
29/08/2023,1392.5
30/08/2023,1386.75
31/08/2023,1368.75
01/09/2023,1369.25
05/09/2023,1365
06/09/2023,1376.25
07/09/2023,1359.5
08/09/2023,1363
11/09/2023,1369
12/09/2023,1346.5
13/09/2023,1349.75
14/09/2023,1360.5
15/09/2023,1355.75
18/09/2023,1332.75
19/09/2023,1331.75
20/09/2023,1336.25
21/09/2023,1310.75
22/09/2023,1313.5
25/09/2023,1315.5
26/09/2023,1321
27/09/2023,1323
28/09/2023,1319.25
29/09/2023,1294.5
02/10/2023,1296.75
03/10/2023,1292
04/10/2023,1292.25
05/10/2023,1298.5
06/10/2023,1284.5
09/10/2023,1282.5
10/10/2023,1289.25
11/10/2023,1272.25
12/10/2023,1308.75
13/10/2023,1300
16/10/2023,1305.75
17/10/2023,1316.25
18/10/2023,1329.25
19/10/2023,1331.75
20/10/2023,1320.25
23/10/2023,1305.5
24/10/2023,1314.5
25/10/2023,1308.5
26/10/2023,1300.25
27/10/2023,1319.5
30/10/2023,1307.25
31/10/2023,1310.5
01/11/2023,1315
02/11/2023,1328.25
03/11/2023,1351.75
06/11/2023,1364
07/11/2023,1362
08/11/2023,1365.75
09/11/2023,1343.5
10/11/2023,1347.5
13/11/2023,1382.5
14/11/2023,1389.75
15/11/2023,1399.5
16/11/2023,1375
17/11/2023,1356.5
20/11/2023,1383.25
21/11/2023,1393
22/11/2023,1374.25
24/11/2023,1348.75
27/11/2023,1348.25
28/11/2023,1364.75
29/11/2023,1365.5
30/11/2023,1362.25
01/12/2023,1345.5
04/12/2023,1326.5
05/12/2023,1326.5
06/12/2023,1315.5
07/12/2023,1330.25
08/12/2023,1323
11/12/2023,1353.25
12/12/2023,1342.75
13/12/2023,1326.25
14/12/2023,1332
15/12/2023,1331.5
18/12/2023,1340
19/12/2023,1322.5
20/12/2023,1315.75
21/12/2023,1301.75
22/12/2023,1306.25
26/12/2023,1319
27/12/2023,1320.5
28/12/2023,1312
29/12/2023,1298
02/01/2024,1273.5
03/01/2024,1277
04/01/2024,1267.5
05/01/2024,1256.25
08/01/2024,1245.5
09/01/2024,1248.5
10/01/2024,1236.5
11/01/2024,1236.5
12/01/2024,1224.25
16/01/2024,1238.5
17/01/2024,1218.25
18/01/2024,1224.25
19/01/2024,1223
22/01/2024,1233
23/01/2024,1247
24/01/2024,1246.5
25/01/2024,1230.25
26/01/2024,1216.25
29/01/2024,1205
30/01/2024,1227.75
31/01/2024,1232.75
01/02/2024,1213.75
02/02/2024,1198.25
05/02/2024,1204.75
06/02/2024,1208.25
07/02/2024,1197.5
08/02/2024,1199.75
09/02/2024,1190
12/02/2024,1197.75
13/02/2024,1191.75
14/02/2024,1176.25
15/02/2024,1166
16/02/2024,1176.25
20/02/2024,1183.5
21/02/2024,1165
22/02/2024,1152.5
23/02/2024,1141.75
26/02/2024,1145.25
27/02/2024,1140.75
28/02/2024,1145.25
29/02/2024,1140.75
01/03/2024,1151.25
04/03/2024,1155
05/03/2024,1149
06/03/2024,1148.25
07/03/2024,1166.25
08/03/2024,1184
11/03/2024,1179.25
12/03/2024,1196
13/03/2024,1196.75
14/03/2024,1195.25
15/03/2024,1212.5
18/03/2024,1202.25
19/03/2024,1200.25
20/03/2024,1223.25
21/03/2024,1225.75
22/03/2024,1205.5
25/03/2024,1221.75
26/03/2024,1212.5
27/03/2024,1206.5
28/03/2024,1205.25
29/03/2024,1192
01/04/2024,1199.5
02/04/2024,1187.75
03/04/2024,1195.25
04/04/2024,1192.25
05/04/2024,1196.75
08/04/2024,1194.25
09/04/2024,1187.75
10/04/2024,1178
11/04/2024,1172.5
12/04/2024,1186.75
15/04/2024,1172
16/04/2024,1160
17/04/2024,1164.25
18/04/2024,1149
19/04/2024,1165.75
22/04/2024,1176.5
23/04/2024,1182
24/04/2024,1181.5
25/04/2024,1179.75
26/04/2024,1177.25
29/04/2024,1182
30/04/2024,1163
01/05/2024,1170.25
02/05/2024,1199
03/05/2024,1215
06/05/2024,1248.75
07/05/2024,1246.5
08/05/2024,1227.75
09/05/2024,1208.5
10/05/2024,1219
13/05/2024,1219.5
14/05/2024,1214.5
15/05/2024,1216.25
16/05/2024,1216.75
17/05/2024,1225.25
20/05/2024,1243
21/05/2024,1234
22/05/2024,1243.25
23/05/2024,1237.75
24/05/2024,1245
28/05/2024,1229
29/05/2024,1213.75
30/05/2024,1208
31/05/2024,1203.5
03/06/2024,1182.5
04/06/2024,1177.5
05/06/2024,1174.25
06/06/2024,1193.5
07/06/2024,1176.75
10/06/2024,1182.75
11/06/2024,1171.75
12/06/2024,1166.75
13/06/2024,1178.25
14/06/2024,1168.25
17/06/2024,1146
18/06/2024,1156
20/06/2024,1139.75
21/06/2024,1147
24/06/2024,1160.5
25/06/2024,1145.5
26/06/2024,1142.25
27/06/2024,1136.25
28/06/2024,1133.5
01/07/2024,1146
02/07/2024,1150.25
03/07/2024,1157.75
05/07/2024,1166.25
08/07/2024,1149
09/07/2024,1131.25
10/07/2024,1113.25
11/07/2024,1117
12/07/2024,1105
15/07/2024,1033.75
16/07/2024,1037.75
17/07/2024,1038.25
18/07/2024,1040.75
19/07/2024,1036.75
22/07/2024,1064.75
23/07/2024,1071.75
24/07/2024,1060.25
25/07/2024,1074.5
26/07/2024,1042
29/07/2024,1030
30/07/2024,1011
31/07/2024,1014.5
01/08/2024,1009
02/08/2024,1018
05/08/2024,1031.5
06/08/2024,1014
07/08/2024,1005.25
08/08/2024,993.5
09/08/2024,988.75
12/08/2024,971.25
13/08/2024,947.25
14/08/2024,952.25
15/08/2024,968.5
16/08/2024,957
19/08/2024,976
20/08/2024,976
21/08/2024,981.5
22/08/2024,961.5
23/08/2024,973
26/08/2024,980.75
27/08/2024,986.5
28/08/2024,977
29/08/2024,992.5
30/08/2024,1000
03/09/2024,1012
04/09/2024,1021.5
05/09/2024,1023.5
06/09/2024,1005
09/09/2024,1018
10/09/2024,997.25
11/09/2024,1000.5
12/09/2024,1010.75
13/09/2024,1006.25
16/09/2024,1023.5
17/09/2024,1024.75
18/09/2024,1032
19/09/2024,1031.25
20/09/2024,1029.5
23/09/2024,1056.75
24/09/2024,1060.5
25/09/2024,1071.75
26/09/2024,1059.25
27/09/2024,1083
30/09/2024,1075.25
01/10/2024,1075.5
02/10/2024,1074.25
03/10/2024,1064.5
04/10/2024,1056
07/10/2024,1052.5
08/10/2024,1034.5
09/10/2024,1037
10/10/2024,1031.5
11/10/2024,1021
14/10/2024,1011.5
15/10/2024,1003.5
16/10/2024,994
17/10/2024,998
18/10/2024,982.75
21/10/2024,989.75
22/10/2024,1000.5
23/10/2024,1005
24/10/2024,1005
25/10/2024,997.5
28/10/2024,986
29/10/2024,979
30/10/2024,991.25
31/10/2024,994.5
01/11/2024,993.75
04/11/2024,997.25
05/11/2024,1001.75
06/11/2024,1003.75
07/11/2024,1026.25
08/11/2024,1030.25
11/11/2024,1022.25
12/11/2024,1010.5
13/11/2024,1007.75
14/11/2024,987.5
15/11/2024,1008.75
18/11/2024,1019
19/11/2024,1008.5
20/11/2024,999.25
21/11/2024,985.25
22/11/2024,992.25
25/11/2024,994.25
26/11/2024,994
27/11/2024,997
29/11/2024,996
02/12/2024,991
03/12/2024,997.25
04/12/2024,989.75
05/12/2024,999
06/12/2024,999.25
09/12/2024,995.5
10/12/2024,1000.25
11/12/2024,1002.75
12/12/2024,1003.25
13/12/2024,995
16/12/2024,986
17/12/2024,978.75
18/12/2024,953.25
19/12/2024,966.5
20/12/2024,979.25
23/12/2024,975.5
24/12/2024,981.25
26/12/2024,997.25
27/12/2024,989.75
30/12/2024,991.75
31/12/2024,1010.5
02/01/2025,1012
03/01/2025,991.75
06/01/2025,997.75
07/01/2025,997.25
08/01/2025,994.5
09/01/2025,999
10/01/2025,1025.25
13/01/2025,1041.5
14/01/2025,1043
15/01/2025,1042.75
16/01/2025,1019
17/01/2025,1034
21/01/2025,1067.25
22/01/2025,1056
23/01/2025,1065.5
24/01/2025,1055.75
27/01/2025,1045
28/01/2025,1045
29/01/2025,1060.5
30/01/2025,1044
31/01/2025,1042
03/02/2025,1058.25
04/02/2025,1075
05/02/2025,1057
06/02/2025,1060.5
07/02/2025,1049.5
10/02/2025,1049.5
11/02/2025,1043.5
12/02/2025,1027.75
13/02/2025,1030
14/02/2025,1036
18/02/2025,1038.5
19/02/2025,1031.75
20/02/2025,1045.5
21/02/2025,1039.5
24/02/2025,1047.5
25/02/2025,1048.75
26/02/2025,1041.25
27/02/2025,1037.25
28/02/2025,1025.75
03/03/2025,1011.5
04/03/2025,999
05/03/2025,1011.75
06/03/2025,1027.25
07/03/2025,1025
10/03/2025,999.75
11/03/2025,997.75
12/03/2025,987.5
13/03/2025,996.75
14/03/2025,999.25
17/03/2025,1015.5
18/03/2025,1012.75
19/03/2025,1008.25
20/03/2025,1013
21/03/2025,1009.75
24/03/2025,1007.25
25/03/2025,1001.75
26/03/2025,1001
27/03/2025,1016.75
28/03/2025,1023
31/03/2025,1014.75
01/04/2025,1034.25
02/04/2025,1029.5
03/04/2025,1011.5
04/04/2025,977
07/04/2025,983
08/04/2025,992.75
09/04/2025,1012.75
10/04/2025,1029
11/04/2025,1042.75
14/04/2025,1041.75
15/04/2025,1036
16/04/2025,1038.75
17/04/2025,1036.5
21/04/2025,1041.5
22/04/2025,1046
23/04/2025,1050.25
24/04/2025,1062
25/04/2025,1059.25
28/04/2025,1062.5
29/04/2025,1052.75
30/04/2025,1044.5
01/05/2025,1050.25
02/05/2025,1058
05/05/2025,1045.5
06/05/2025,1041.25
07/05/2025,1039.25
08/05/2025,1045
09/05/2025,1051.75
12/05/2025,1066
13/05/2025,1067.25
14/05/2025,1067
15/05/2025,1051.25
16/05/2025,1050
19/05/2025,1050.75
20/05/2025,1053
21/05/2025,1062.75
22/05/2025,1067.5
23/05/2025,1060.25
26/05/2025,1061.25
27/05/2025,1062.5
28/05/2025,1048.5
29/05/2025,1051.75
30/05/2025,1041.75
02/06/2025,1033.5
03/06/2025,1040.75
04/06/2025,1045
05/06/2025,1051.75
06/06/2025,1057.25
09/06/2025,1056
10/06/2025,1057.75
11/06/2025,1050.5
12/06/2025,1042.25
13/06/2025,1069.75
16/06/2025,1069.75
17/06/2025,1074
18/06/2025,1074.75
19/06/2025,1073
20/06/2025,1068
23/06/2025,1062
24/06/2025,1050.25
25/06/2025,1029.5
26/06/2025,1027.75
27/06/2025,1033.25
30/06/2025,1029.75
01/07/2025,1029.75
02/07/2025,1053.5
03/07/2025,1055.5
07/07/2025,1031.5
08/07/2025,1021.25
09/07/2025,1009
10/07/2025,1012.5
11/07/2025,1004.25
14/07/2025,1001
15/07/2025,995
16/07/2025,1013.5
17/07/2025,1021.5
18/07/2025,1027.75
21/07/2025,1010.5
22/07/2025,1008
23/07/2025,1005
24/07/2025,1005.75
25/07/2025,1002
28/07/2025,1011.5
29/07/2025,1009.5
30/07/2025,995.75
31/07/2025,989.25
01/08/2025,989.25
04/08/2025,994.5
05/08/2025,990.75
06/08/2025,984.5
07/08/2025,993.75
08/08/2025,987.5
11/08/2025,991.75
12/08/2025,1012.75
13/08/2025,1024
14/08/2025,1007.5
15/08/2025,1042.5
18/08/2025,1041.25
19/08/2025,1033.75
20/08/2025,1036
21/08/2025,1056
22/08/2025,1058.5
25/08/2025,1047.75
26/08/2025,1049.5
27/08/2025,1047.5
28/08/2025,1048
29/08/2025,1054.5
01/09/2025,1052
02/09/2025,1041
03/09/2025,1031.5
04/09/2025,1033
05/09/2025,1027
08/09/2025,1013.5
09/09/2025,1011.5
10/09/2025,1005.5
11/09/2025,1015.25
12/09/2025,1025.75
15/09/2025,1042.75
16/09/2025,1049.75
17/09/2025,230300
18/09/2025,228700
19/09/2025,226100
20/09/2025,226100
21/09/2025,226100
22/09/2025,222900
23/09/2025,223100
24/09/2025,222400
25/09/2025,223200
26/09/2025,223500
29/09/2025,222800
30/09/2025,220800
01/10/2025,223300
02/10/2025,225700
03/10/2025,224100
04/10/2025,224400
06/10/2025,224400
07/10/2025,225100
08/10/2025,227000
09/10/2025,225100
10/10/2025,222000
11/10/2025,221900
13/10/2025,222200
14/10/2025,221900
15/10/2025,221900
16/10/2025,222800
17/10/2025,224800
18/10/2025,224800
20/10/2025,227500
21/10/2025,227400
22/10/2025,228100
23/10/2025,230000
24/10/2025,229700
25/10/2025,229700
27/10/2025,235300
28/10/2025,237700
29/10/2025,238200
30/10/2025,240600
31/10/2025,245900
03/11/2025,250100
04/11/2025,247200
05/11/2025,250100
06/11/2025,244200
07/11/2025,246300
08/11/2025,246300
10/11/2025,249100
11/11/2025,248500
12/11/2025,249900
13/11/2025,252900
14/11/2025,247900
17/11/2025,255200
18/11/2025,253900
19/11/2025,250500
21/11/2025,248000
22/11/2025,248000
24/11/2025,247600
25/11/2025,248000
26/11/2025,249400
27/11/2025,249400
28/11/2025,250800
01/12/2025,248700
02/12/2025,248000
03/12/2025,246000
04/12/2025,246803
05/12/2025,243662
06/12/2025,243700
08/12/2025,241127
09/12/2025,239694
10/12/2025,240575
11/12/2025,241071
12/12/2025,237379
15/12/2025,236276
16/12/2025,234292
17/12/2025,233300
18/12/2025,231978
19/12/2025,231316
22/12/2025,232198
23/12/2025,231812
26/12/2025,233410
29/12/2025,231371
30/12/2025,234182
