data,soja_real,soja_dolar
02/01/2020,82.92,20.61
03/01/2020,83.01,20.48
06/01/2020,82.83,20.35
07/01/2020,82.81,20.4
08/01/2020,82.95,20.49
09/01/2020,82.83,20.27
10/01/2020,82.83,20.3
13/01/2020,83.59,20.2
14/01/2020,83.78,20.29
15/01/2020,83.72,20.04
16/01/2020,83.17,19.83
17/01/2020,83.66,20.1
20/01/2020,83.28,19.88
21/01/2020,83.22,19.82
22/01/2020,83.13,19.9
23/01/2020,82.26,19.75
24/01/2020,82.04,19.6
27/01/2020,81.3,19.33
28/01/2020,81.09,19.34
29/01/2020,81.22,19.24
30/01/2020,81.13,19.04
31/01/2020,80.36,18.76
03/02/2020,79.53,18.72
04/02/2020,79.75,18.73
05/02/2020,80.05,18.86
06/02/2020,80.07,18.72
07/02/2020,80.73,18.69
10/02/2020,81.15,18.75
11/02/2020,81.05,18.74
12/02/2020,81.5,18.75
13/02/2020,82.01,18.88
14/02/2020,81.64,18.99
17/02/2020,80.94,18.71
18/02/2020,81.65,18.74
19/02/2020,82.4,18.86
20/02/2020,82.72,18.86
21/02/2020,82.82,18.87
26/02/2020,82.42,18.57
27/02/2020,82.68,18.5
28/02/2020,82.91,18.46
02/03/2020,83.91,18.71
03/03/2020,84.11,18.65
04/03/2020,85.43,18.66
05/03/2020,86.3,18.57
06/03/2020,86.32,18.65
09/03/2020,85.94,18.11
10/03/2020,85.71,18.46
11/03/2020,85.92,18.15
12/03/2020,86.62,17.98
13/03/2020,85.89,17.7
16/03/2020,86.32,17.16
17/03/2020,87.69,17.54
18/03/2020,87.71,16.78
19/03/2020,89.82,17.61
20/03/2020,90.16,17.86
23/03/2020,90.63,17.64
24/03/2020,90.79,17.83
25/03/2020,91.26,18.21
26/03/2020,92.15,18.42
27/03/2020,91.59,18.11
30/03/2020,92.93,17.96
31/03/2020,93.84,18.06
01/04/2020,93.78,17.83
02/04/2020,94.06,17.87
03/04/2020,94.45,17.77
06/04/2020,94.02,17.73
07/04/2020,93.96,18.01
08/04/2020,94.21,18.29
09/04/2020,93.42,18.32
13/04/2020,93.87,18.13
14/04/2020,93.62,18.05
15/04/2020,93.76,17.91
16/04/2020,93.48,17.77
17/04/2020,95.03,18.13
20/04/2020,95.82,18.06
22/04/2020,95.22,17.61
23/04/2020,95.73,17.39
24/04/2020,98.84,17.43
27/04/2020,98.23,17.21
28/04/2020,97.76,17.78
29/04/2020,97.64,18.23
30/04/2020,96.88,17.79
04/05/2020,97.49,17.6
05/05/2020,97.67,17.45
06/05/2020,100.49,17.63
07/05/2020,103.51,17.67
08/05/2020,104.41,18.16
11/05/2020,106.9,18.32
12/05/2020,105.88,18.06
13/05/2020,106.61,18.02
14/05/2020,107.1,18.35
15/05/2020,107.5,18.43
18/05/2020,106.07,18.56
19/05/2020,105.48,18.4
20/05/2020,105.43,18.57
21/05/2020,104.31,18.71
22/05/2020,103.11,18.48
25/05/2020,102.96,18.88
26/05/2020,100.93,18.9
27/05/2020,100.79,19.05
28/05/2020,99.81,18.61
29/05/2020,100.4,18.8
01/06/2020,100.77,18.73
02/06/2020,100.68,19.29
03/06/2020,99.67,19.67
04/06/2020,101.07,19.76
05/06/2020,100.87,20.3
08/06/2020,99.25,20.38
09/06/2020,97.31,19.95
10/06/2020,97.86,19.9
12/06/2020,99.81,19.73
15/06/2020,101.92,19.79
16/06/2020,102.7,19.66
17/06/2020,104.09,19.77
18/06/2020,106.94,19.85
19/06/2020,108.45,20.44
22/06/2020,107.09,20.33
23/06/2020,105.23,20.45
24/06/2020,105.63,19.87
25/06/2020,106.12,19.93
26/06/2020,108.27,19.8
29/06/2020,109.05,20.06
30/06/2020,109.35,20.1
01/07/2020,109.88,20.69
02/07/2020,108.99,20.36
03/07/2020,109.19,20.54
06/07/2020,109.82,20.56
07/07/2020,109.85,20.42
08/07/2020,109.37,20.46
09/07/2020,108.81,20.39
10/07/2020,109.3,20.55
13/07/2020,107.61,20.03
14/07/2020,108.21,20.26
15/07/2020,108.73,20.2
16/07/2020,108.63,20.4
17/07/2020,108.54,20.15
20/07/2020,109.93,20.61
21/07/2020,109.03,20.98
22/07/2020,108.05,21.11
23/07/2020,109.17,20.97
24/07/2020,111,21.31
27/07/2020,110.72,21.42
28/07/2020,110.41,21.43
29/07/2020,110.07,21.29
30/07/2020,110.57,21.44
31/07/2020,111.48,21.39
03/08/2020,113.81,21.35
04/08/2020,115.68,21.84
05/08/2020,115.62,21.82
06/08/2020,117.17,21.88
07/08/2020,118.22,21.81
10/08/2020,118.02,21.62
11/08/2020,118.2,21.87
12/08/2020,118.7,21.76
13/08/2020,120.47,22.43
14/08/2020,121.54,22.38
17/08/2020,123.79,22.5
18/08/2020,124.97,22.85
19/08/2020,125.37,22.7
20/08/2020,126.44,22.75
21/08/2020,126.96,22.64
24/08/2020,125.95,22.49
25/08/2020,126.59,22.92
26/08/2020,126.75,22.63
27/08/2020,127.91,22.97
28/08/2020,130.21,24.08
31/08/2020,130.61,23.85
01/09/2020,130.46,24.21
02/09/2020,130.37,24.34
03/09/2020,129.76,24.53
04/09/2020,129.89,24.48
08/09/2020,130.14,24.28
09/09/2020,130.83,24.74
10/09/2020,130.7,24.59
11/09/2020,131.94,24.74
14/09/2020,133.76,25.35
15/09/2020,133.69,25.29
16/09/2020,135.48,25.86
17/09/2020,136.85,26.13
18/09/2020,138.04,25.72
21/09/2020,140.34,25.98
22/09/2020,140.92,25.79
23/09/2020,143.56,25.74
24/09/2020,144.88,26.27
25/09/2020,143.72,25.92
28/09/2020,144.83,25.7
29/09/2020,144.66,25.67
30/09/2020,146.23,26.03
01/10/2020,149.01,26.36
02/10/2020,149.47,26.42
05/10/2020,151.07,27.17
06/10/2020,150.89,26.95
07/10/2020,153.2,27.27
08/10/2020,154.82,27.71
09/10/2020,153.53,27.75
13/10/2020,154.81,27.77
14/10/2020,155.15,27.69
15/10/2020,156.62,27.91
16/10/2020,157.8,27.95
19/10/2020,159.84,28.52
20/10/2020,160.44,28.66
21/10/2020,162.96,29.06
22/10/2020,164.33,29.36
23/10/2020,164.5,29.23
26/10/2020,164.78,29.29
27/10/2020,165.51,29.17
28/10/2020,166.1,28.92
29/10/2020,165.82,28.83
30/10/2020,165.97,28.88
03/11/2020,167.4,29.11
04/11/2020,168.25,29.72
05/11/2020,168.77,30.43
06/11/2020,168.72,31.31
09/11/2020,164.91,30.46
10/11/2020,165.6,30.79
11/11/2020,166.03,30.67
12/11/2020,164.3,30.06
13/11/2020,165.08,30.14
16/11/2020,165.47,30.46
17/11/2020,164.18,30.76
18/11/2020,164.4,30.76
19/11/2020,164.02,30.88
20/11/2020,163.98,30.53
23/11/2020,163.34,30.04
24/11/2020,162.3,30.14
25/11/2020,162.4,30.54
26/11/2020,160.85,30.18
27/11/2020,161.1,30.23
30/11/2020,159.94,29.88
01/12/2020,158.7,30.32
02/12/2020,155.26,29.6
03/12/2020,152.38,29.66
04/12/2020,148.37,28.93
07/12/2020,146.8,28.89
08/12/2020,145.18,28.31
09/12/2020,144.86,27.95
10/12/2020,144,28.59
11/12/2020,141.23,27.95
14/12/2020,141.81,27.75
15/12/2020,142.02,27.91
16/12/2020,141.78,27.66
17/12/2020,142.08,28
18/12/2020,141,27.72
21/12/2020,141.59,27.63
22/12/2020,141.53,27.4
23/12/2020,142.13,27.34
28/12/2020,141.99,27.1
29/12/2020,144.73,27.92
30/12/2020,144.89,27.94
04/01/2021,147.78,28.09
05/01/2021,155.72,29.59
06/01/2021,158.46,29.99
07/01/2021,159.16,29.55
08/01/2021,160.93,29.71
11/01/2021,164.28,29.92
12/01/2021,165.92,31.11
13/01/2021,166.53,31.42
14/01/2021,166.99,32.09
15/01/2021,166.97,31.59
18/01/2021,167.03,31.56
19/01/2021,167.89,31.38
20/01/2021,166.22,31.25
21/01/2021,167.15,31.21
22/01/2021,166.39,30.41
25/01/2021,166.35,30.2
26/01/2021,165.87,31.13
27/01/2021,166.36,30.82
28/01/2021,166.35,30.6
29/01/2021,165.72,30.22
01/02/2021,166.63,30.57
02/02/2021,165.29,30.85
03/02/2021,163.39,30.47
04/02/2021,165.39,30.33
05/02/2021,165.29,30.69
08/02/2021,163.8,30.49
09/02/2021,164.64,30.59
10/02/2021,161.66,30.05
11/02/2021,159.73,29.62
12/02/2021,160.06,29.76
17/02/2021,158.95,29.33
18/02/2021,157.96,29.04
19/02/2021,157.66,29.16
22/02/2021,158.02,29.04
23/02/2021,159.32,29.22
24/02/2021,159.54,29.37
25/02/2021,160.3,29.11
26/02/2021,160.52,28.76
01/03/2021,161.97,28.93
02/03/2021,163.55,28.87
03/03/2021,165.47,28.77
04/03/2021,164.85,29.11
05/03/2021,166.4,29.22
08/03/2021,169.58,29.4
09/03/2021,171.42,29.61
10/03/2021,169.31,29.93
11/03/2021,165.15,29.83
12/03/2021,162.65,29.23
15/03/2021,163.73,29
16/03/2021,163.67,29.17
17/03/2021,164,29.37
18/03/2021,161.82,29.11
19/03/2021,160.49,29.24
22/03/2021,160.91,29.19
23/03/2021,160.64,29.13
24/03/2021,161.54,28.78
25/03/2021,164.48,29.02
26/03/2021,165.07,28.73
29/03/2021,165.98,28.78
30/03/2021,164.59,28.64
31/03/2021,166.44,29.59
01/04/2021,166.42,29.17
05/04/2021,165.83,29.24
06/04/2021,167.34,29.89
07/04/2021,165.82,29.35
08/04/2021,165.82,29.75
09/04/2021,168.88,29.74
12/04/2021,166.91,29.15
13/04/2021,168.5,29.56
14/04/2021,172.66,30.43
15/04/2021,169.4,30.12
16/04/2021,171.74,30.74
19/04/2021,172.01,30.93
20/04/2021,171.7,30.9
22/04/2021,175.64,32.16
23/04/2021,174.5,31.76
26/04/2021,176.12,32.27
27/04/2021,176.56,32.31
28/04/2021,175.47,32.71
29/04/2021,172.57,32.23
30/04/2021,172.1,31.67
03/05/2021,172.9,31.89
04/05/2021,176.32,32.45
05/05/2021,176.96,32.98
06/05/2021,174.18,32.98
07/05/2021,173.52,33.23
10/05/2021,172.4,32.96
11/05/2021,173.93,33.29
12/05/2021,177.48,33.51
13/05/2021,173,32.65
14/05/2021,171.88,32.61
17/05/2021,171.58,32.58
18/05/2021,170.51,32.5
19/05/2021,167.59,31.53
20/05/2021,167.4,31.75
21/05/2021,168.36,31.48
24/05/2021,168.49,31.66
25/05/2021,168.67,31.6
26/05/2021,168.51,31.74
27/05/2021,168.42,32.06
28/05/2021,168.22,32.24
31/05/2021,168.22,32.2
01/06/2021,168.91,32.76
02/06/2021,167.98,32.99
04/06/2021,168.26,33.42
07/06/2021,168.69,33.49
08/06/2021,168.34,33.41
09/06/2021,167.62,33.06
10/06/2021,165.94,32.77
11/06/2021,165.35,32.29
14/06/2021,162.36,32.01
15/06/2021,159.24,31.58
16/06/2021,157.22,31.16
17/06/2021,148.09,29.48
18/06/2021,148.08,29.21
21/06/2021,149.01,29.67
22/06/2021,149.5,30.12
23/06/2021,148.4,29.89
24/06/2021,145.95,29.76
25/06/2021,144.53,29.19
28/06/2021,145.88,29.61
29/06/2021,147.55,29.88
30/06/2021,153.38,30.84
01/07/2021,158.1,31.32
02/07/2021,158.69,31.44
05/07/2021,157.91,31.07
06/07/2021,155.77,29.96
07/07/2021,157.5,30.09
08/07/2021,160.17,30.48
09/07/2021,160.24,30.59
12/07/2021,161.8,31.3
13/07/2021,163.45,31.61
14/07/2021,164.02,32.34
15/07/2021,163.6,31.92
16/07/2021,165.25,32.28
19/07/2021,166.67,31.71
20/07/2021,167.71,32.13
21/07/2021,167.77,32.37
22/07/2021,165.27,31.73
23/07/2021,164.31,31.5
26/07/2021,163.63,31.62
27/07/2021,164.82,31.83
28/07/2021,164.54,32.18
29/07/2021,163.59,32.22
30/07/2021,163.56,31.47
02/08/2021,163.71,31.71
03/08/2021,164.31,31.7
04/08/2021,164.98,31.79
05/08/2021,164.58,31.63
06/08/2021,167.17,31.9
09/08/2021,168.21,32.11
10/08/2021,167.77,32.28
11/08/2021,167.97,32.13
12/08/2021,168.22,32.02
13/08/2021,169.81,32.39
16/08/2021,169.29,32.03
17/08/2021,170.4,32.35
18/08/2021,172.25,32.14
19/08/2021,172.27,31.81
20/08/2021,172.24,32.03
23/08/2021,169.89,31.62
24/08/2021,169.41,32.21
25/08/2021,169.14,32.46
26/08/2021,169,32.19
27/08/2021,166.96,32.13
30/08/2021,166.04,32.01
31/08/2021,164.44,31.78
01/09/2021,163.93,31.68
02/09/2021,165.23,31.87
03/09/2021,167.63,32.34
06/09/2021,167.63,32.39
08/09/2021,169.24,31.85
09/09/2021,169.38,31.92
10/09/2021,169.73,32.23
13/09/2021,169.5,32.4
14/09/2021,170.4,32.39
15/09/2021,171.54,32.72
16/09/2021,172.16,32.64
17/09/2021,171.6,32.48
20/09/2021,170.18,31.8
21/09/2021,168.94,31.98
22/09/2021,168.61,31.81
23/09/2021,169.02,31.84
24/09/2021,170.06,31.81
27/09/2021,171.12,31.81
28/09/2021,171.71,31.62
29/09/2021,171.8,31.66
30/09/2021,171.52,31.55
01/10/2021,168.31,31.38
04/10/2021,167.1,30.65
05/10/2021,167.88,30.7
06/10/2021,168.45,30.69
07/10/2021,168.69,30.65
08/10/2021,169.36,30.74
11/10/2021,168.97,30.54
13/10/2021,166.94,30.29
14/10/2021,165.49,29.98
15/10/2021,166.48,30.49
18/10/2021,166,30.1
19/10/2021,167.48,29.98
20/10/2021,169.74,30.6
21/10/2021,170.23,30.11
22/10/2021,170.58,30.25
25/10/2021,168.37,30.36
26/10/2021,168.79,30.32
27/10/2021,168.88,30.32
28/10/2021,168.55,29.95
29/10/2021,168.11,29.76
01/11/2021,167.96,29.62
03/11/2021,166.21,29.71
04/11/2021,162.28,28.9
05/11/2021,159.8,29
08/11/2021,156.89,28.27
09/11/2021,156.36,28.52
10/11/2021,156.62,28.5
11/11/2021,156.11,28.92
12/11/2021,156.39,28.67
16/11/2021,159.08,28.96
17/11/2021,163.11,29.52
18/11/2021,164.58,29.55
19/11/2021,164.78,29.4
22/11/2021,166.26,29.74
23/11/2021,167.62,29.89
24/11/2021,166.82,29.83
25/11/2021,165.68,29.78
26/11/2021,163.84,29.26
29/11/2021,164.38,29.28
30/11/2021,162.89,28.85
01/12/2021,162.14,28.62
02/12/2021,163.82,28.98
03/12/2021,165.69,29.19
06/12/2021,166.33,29.25
07/12/2021,165.07,29.38
08/12/2021,163.27,29.48
09/12/2021,161.36,28.92
10/12/2021,162.09,28.88
13/12/2021,162.8,28.7
14/12/2021,164.13,28.84
15/12/2021,166.1,29.02
16/12/2021,167.52,29.52
17/12/2021,168.07,29.58
20/12/2021,167.91,29.26
21/12/2021,168.72,29.41
22/12/2021,171.66,30.27
23/12/2021,170.5,30.11
27/12/2021,171.02,30.34
28/12/2021,171.81,30.48
29/12/2021,171.22,30.07
30/12/2021,170.22,30.53
03/01/2022,170.62,30.14
04/01/2022,174.46,30.68
05/01/2022,178.23,31.47
06/01/2022,176.13,30.98
07/01/2022,175.97,31.24
10/01/2022,176.56,31.13
11/01/2022,176.17,31.58
12/01/2022,175.07,31.63
13/01/2022,175.25,31.75
14/01/2022,174.6,31.62
17/01/2022,173.96,31.49
18/01/2022,174.06,31.33
19/01/2022,175.78,32.17
20/01/2022,176.07,32.54
21/01/2022,177.33,32.5
24/01/2022,177.4,32.24
25/01/2022,176.97,32.53
26/01/2022,177.26,32.78
27/01/2022,179.22,33.02
28/01/2022,180.32,33.44
31/01/2022,180.99,34.13
01/02/2022,184.33,34.98
02/02/2022,188.15,35.6
03/02/2022,188.98,35.7
04/02/2022,190.26,35.72
07/02/2022,194.42,36.96
08/02/2022,191.85,36.51
09/02/2022,192.22,36.82
10/02/2022,193.4,37.01
11/02/2022,191.33,36.61
14/02/2022,188.52,36.13
15/02/2022,188.38,36.36
16/02/2022,190.32,37.11
17/02/2022,192,37.14
18/02/2022,193.54,37.67
21/02/2022,192.17,37.64
22/02/2022,193.4,38.18
23/02/2022,195.23,39.02
24/02/2022,197.5,38.6
25/02/2022,195.03,37.91
02/03/2022,199.19,38.98
03/03/2022,199.85,39.78
04/03/2022,199.88,39.35
07/03/2022,200.3,39.44
08/03/2022,203.22,40.19
09/03/2022,202.02,40.32
10/03/2022,202.56,40.37
11/03/2022,200.38,39.66
14/03/2022,200.43,39.08
15/03/2022,199.65,38.74
16/03/2022,199.62,39.1
17/03/2022,199.8,39.66
18/03/2022,197.41,39.37
21/03/2022,197.44,39.87
22/03/2022,197.11,40.07
23/03/2022,194.55,40.21
24/03/2022,192.38,39.85
25/03/2022,189.54,39.89
28/03/2022,186.57,39.11
29/03/2022,180.98,38.01
30/03/2022,183.4,38.35
31/03/2022,182.32,38.3
01/04/2022,178.94,38.33
04/04/2022,171.22,37.13
05/04/2022,172.69,37.08
06/04/2022,174.91,37.06
07/04/2022,177.84,37.48
08/04/2022,180.9,38.45
11/04/2022,179.49,38.33
12/04/2022,178.57,38.17
13/04/2022,178.99,38.2
14/04/2022,180.5,38.47
18/04/2022,182.04,39.08
19/04/2022,182.35,39.02
20/04/2022,182.71,39.51
22/04/2022,186.62,38.9
25/04/2022,187.87,38.55
26/04/2022,190.93,38.26
27/04/2022,191.55,38.59
28/04/2022,192.44,38.97
29/04/2022,191.16,38.63
02/05/2022,190.51,37.6
03/05/2022,188.59,37.98
04/05/2022,186.82,38.04
05/05/2022,188.42,37.47
06/05/2022,189.44,37.34
09/05/2022,187.45,36.36
10/05/2022,187.27,36.54
11/05/2022,188.14,36.62
12/05/2022,190.72,37.06
13/05/2022,191.49,37.89
16/05/2022,192.13,38.08
17/05/2022,191.47,38.74
18/05/2022,190.16,38.13
19/05/2022,190.41,38.75
20/05/2022,191.07,39.24
23/05/2022,187.44,38.94
24/05/2022,186.51,38.69
25/05/2022,187.93,39.06
26/05/2022,188.01,39.49
27/05/2022,188.81,39.85
30/05/2022,188.82,39.74
31/05/2022,185.47,39.04
01/06/2022,184.5,38.45
02/06/2022,186.7,38.95
03/06/2022,186.96,39.08
06/06/2022,186.07,38.76
07/06/2022,189.45,38.89
08/06/2022,191.82,39.3
09/06/2022,193.18,39.34
10/06/2022,194.93,39.13
13/06/2022,194.3,37.93
14/06/2022,194.56,37.85
15/06/2022,194,38.61
17/06/2022,193.65,37.67
20/06/2022,194.07,37.43
21/06/2022,191.62,37.2
22/06/2022,188.96,36.55
23/06/2022,185.46,35.47
24/06/2022,184.07,35.01
27/06/2022,184.94,35.37
28/06/2022,187.94,35.69
29/06/2022,189.21,36.41
30/06/2022,189.76,36.28
01/07/2022,188.75,35.47
04/07/2022,188.15,35.33
05/07/2022,182.73,33.89
06/07/2022,182.37,33.68
07/07/2022,184.45,34.52
08/07/2022,185.25,35.18
11/07/2022,187.8,34.99
12/07/2022,186.89,34.37
13/07/2022,184.65,34.16
14/07/2022,185.61,34.16
15/07/2022,183.56,33.95
18/07/2022,185,34.11
19/07/2022,183.45,33.85
20/07/2022,183.2,33.55
21/07/2022,181.4,33.04
22/07/2022,179.28,32.59
25/07/2022,180.49,33.59
26/07/2022,183.41,34.26
27/07/2022,186.56,35.54
28/07/2022,186.11,36.06
29/07/2022,188.17,36.34
01/08/2022,185.37,35.75
02/08/2022,183.04,34.67
03/08/2022,180.47,34.21
04/08/2022,181.08,34.71
05/08/2022,182.61,35.34
08/08/2022,179.84,35.17
09/08/2022,180.81,35.2
10/08/2022,181.56,35.65
11/08/2022,183.07,35.47
12/08/2022,184.05,36.32
15/08/2022,180.32,35.4
16/08/2022,179.05,34.79
17/08/2022,178.83,34.58
18/08/2022,179.27,34.65
19/08/2022,179.69,34.72
22/08/2022,181.9,35.24
23/08/2022,183.79,36.04
24/08/2022,182.6,35.74
25/08/2022,184.2,35.93
26/08/2022,183.83,36.23
29/08/2022,183.38,36.49
30/08/2022,180.44,35.31
31/08/2022,183.47,35.27
01/09/2022,183.76,35.1
02/09/2022,183.96,35.53
05/09/2022,184.12,35.73
06/09/2022,182.72,34.86
08/09/2022,180.42,34.64
09/09/2022,179.13,34.78
12/09/2022,181.66,35.68
13/09/2022,183.36,35.34
14/09/2022,182.38,35.21
15/09/2022,182.05,34.72
16/09/2022,181.66,34.56
19/09/2022,182.04,35.26
20/09/2022,180.75,35.02
21/09/2022,182.17,35.26
22/09/2022,181.76,35.55
23/09/2022,179.52,34.19
26/09/2022,180.91,33.57
27/09/2022,180.91,33.63
28/09/2022,179.56,33.58
29/09/2022,181.64,33.65
30/09/2022,181.7,33.78
03/10/2022,177.01,34.19
04/10/2022,173.75,33.57
05/10/2022,173.25,33.48
06/10/2022,173.57,33.35
07/10/2022,174.71,33.44
10/10/2022,177.97,34.34
11/10/2022,178.09,33.79
13/10/2022,182.72,34.61
14/10/2022,183.77,34.49
17/10/2022,183.2,34.6
18/10/2022,182.08,34.61
19/10/2022,180.61,34.26
20/10/2022,180.59,34.57
21/10/2022,179.8,34.93
24/10/2022,179.75,33.99
25/10/2022,181.24,34.1
26/10/2022,182.22,33.91
27/10/2022,183.18,34.57
28/10/2022,183.34,34.5
31/10/2022,183.42,35.45
01/11/2022,183.23,35.84
03/11/2022,182.69,35.73
04/11/2022,181.88,36.13
07/11/2022,182.04,35.31
08/11/2022,182.64,35.33
09/11/2022,183.38,35.42
10/11/2022,184.56,34.2
11/11/2022,184.94,34.63
14/11/2022,184.9,34.68
16/11/2022,184.53,34.27
17/11/2022,184.02,33.88
18/11/2022,182.02,33.92
21/11/2022,181.52,34.18
22/11/2022,181.02,33.64
23/11/2022,181.13,33.72
24/11/2022,180.85,34.05
25/11/2022,181.43,33.54
28/11/2022,181.34,33.79
29/11/2022,181.13,34.23
30/11/2022,179.5,34.45
01/12/2022,177.11,34.03
02/12/2022,174.59,33.43
05/12/2022,176.25,33.38
06/12/2022,179.16,34
07/12/2022,178.68,34.3
08/12/2022,179.39,34.42
09/12/2022,179.94,34.34
12/12/2022,180.09,33.82
13/12/2022,178.49,33.58
14/12/2022,179.85,33.8
15/12/2022,178.24,33.49
16/12/2022,177.82,33.56
19/12/2022,177.99,33.53
20/12/2022,176.6,33.91
21/12/2022,175.43,33.76
22/12/2022,174.79,33.76
23/12/2022,174.23,33.74
26/12/2022,174.68,33.54
27/12/2022,176.37,33.38
28/12/2022,176.72,33.64
29/12/2022,176.56,33.44
02/01/2023,176.37,32.91
03/01/2023,177.96,32.67
04/01/2023,178.33,32.7
05/01/2023,176.86,32.98
06/01/2023,174.15,33.22
09/01/2023,173.35,32.99
10/01/2023,172.39,33.14
11/01/2023,171.09,32.99
12/01/2023,170.67,33.5
13/01/2023,171.34,33.64
16/01/2023,170.5,33.1
17/01/2023,170.9,33.46
18/01/2023,170.73,33.09
19/01/2023,171.1,33.06
20/01/2023,171.05,32.88
23/01/2023,169.07,32.54
24/01/2023,168.14,32.67
25/01/2023,165.13,32.53
26/01/2023,163.78,32.29
27/01/2023,164.53,32.19
30/01/2023,165.51,32.38
31/01/2023,166.13,32.72
01/02/2023,165.71,32.56
02/02/2023,164.19,32.6
03/02/2023,164.64,32.04
06/02/2023,166.33,32.14
07/02/2023,166.6,32.05
08/02/2023,166.4,32.07
09/02/2023,166.78,31.65
10/02/2023,167.62,32.09
13/02/2023,167.59,32.34
14/02/2023,166.22,31.96
15/02/2023,165.71,31.77
16/02/2023,166.11,31.82
17/02/2023,166.41,32.24
22/02/2023,166.05,32.12
23/02/2023,163.65,31.89
24/02/2023,163.61,31.43
27/02/2023,164.32,31.63
28/02/2023,162.15,31.06
01/03/2023,161.36,31.05
02/03/2023,161.98,31.13
03/03/2023,162.88,31.34
06/03/2023,162.45,31.45
07/03/2023,161.93,31.19
08/03/2023,161.2,31.34
09/03/2023,159.73,31.11
10/03/2023,159.34,30.55
13/03/2023,159.32,30.24
14/03/2023,159.17,30.28
15/03/2023,159.58,30.14
16/03/2023,158.9,30.31
17/03/2023,156.66,29.7
20/03/2023,155,29.56
21/03/2023,153.84,29.34
22/03/2023,151.15,28.97
23/03/2023,147.66,27.92
24/03/2023,145.86,27.79
27/03/2023,144.86,27.8
28/03/2023,145.16,28.1
29/03/2023,146.56,28.51
30/03/2023,147.31,28.88
31/03/2023,147.5,29.1
03/04/2023,148.45,29.26
04/04/2023,149.12,29.31
05/04/2023,148.4,29.36
06/04/2023,146.22,28.9
10/04/2023,143.48,28.3
11/04/2023,142.55,28.47
12/04/2023,141.47,28.61
13/04/2023,140,28.42
14/04/2023,137.98,28.06
17/04/2023,137.1,27.78
18/04/2023,137.67,27.67
19/04/2023,137.91,27.17
20/04/2023,136.85,27.09
24/04/2023,133.86,26.56
25/04/2023,131.27,25.9
26/04/2023,130.24,25.78
27/04/2023,130.83,26.26
28/04/2023,130.57,26.17
02/05/2023,131.53,26.06
03/05/2023,131.61,26.37
04/05/2023,132.18,26.47
05/05/2023,132.58,26.82
08/05/2023,133.96,26.72
09/05/2023,134.82,27.03
10/05/2023,133.12,26.89
11/05/2023,133.65,27.04
12/05/2023,133.1,27.02
15/05/2023,132.99,27.17
16/05/2023,131.53,26.63
17/05/2023,130.22,26.37
18/05/2023,128.84,25.93
19/05/2023,129.34,25.86
22/05/2023,128.95,25.95
23/05/2023,129.72,26.09
24/05/2023,128.86,26.02
25/05/2023,129.4,25.68
26/05/2023,130.72,26.2
29/05/2023,130.98,26.13
30/05/2023,129.47,25.68
31/05/2023,128.05,25.21
01/06/2023,127.43,25.42
02/06/2023,127.82,25.79
05/06/2023,127.86,25.95
06/06/2023,127.48,25.95
07/06/2023,127.53,25.89
09/06/2023,127.61,26.17
12/06/2023,127.28,26.16
13/06/2023,127.37,26.19
14/06/2023,126.62,26.23
15/06/2023,127.12,26.46
16/06/2023,128.34,26.64
19/06/2023,128.81,26.97
20/06/2023,129.07,26.93
21/06/2023,130.8,27.42
22/06/2023,129.68,27.14
23/06/2023,128.7,26.92
26/06/2023,130.26,27.33
27/06/2023,128.97,26.89
28/06/2023,128.45,26.52
29/06/2023,128.56,26.47
30/06/2023,131.2,27.37
03/07/2023,132.85,27.65
04/07/2023,131.7,27.24
05/07/2023,133.91,27.64
06/07/2023,134.46,27.3
07/07/2023,133.34,27.44
10/07/2023,134.78,27.59
11/07/2023,136.44,28.08
12/07/2023,134.71,27.96
13/07/2023,136.02,28.4
14/07/2023,136.31,28.43
17/07/2023,137.75,28.61
18/07/2023,138.04,28.71
19/07/2023,139.04,29.06
20/07/2023,139.73,29.1
21/07/2023,139.43,29.2
24/07/2023,140.91,29.76
25/07/2023,139.97,29.45
26/07/2023,141.75,29.96
27/07/2023,142.01,29.94
28/07/2023,141.8,29.97
31/07/2023,139.94,29.58
01/08/2023,136.71,28.54
02/08/2023,137.83,28.69
03/08/2023,138.72,28.37
04/08/2023,139.89,28.73
07/08/2023,138.98,28.39
08/08/2023,138.17,28.21
09/08/2023,138.92,28.3
10/08/2023,138.82,28.45
11/08/2023,138.5,28.25
14/08/2023,139.32,28.03
15/08/2023,139.51,27.96
16/08/2023,139.66,28.01
17/08/2023,139.85,28.07
18/08/2023,140.86,28.34
21/08/2023,142.23,28.57
22/08/2023,140.17,28.39
23/08/2023,139.34,28.71
24/08/2023,139.48,28.62
25/08/2023,140.48,28.83
28/08/2023,142.7,29.26
29/08/2023,142.69,29.4
30/08/2023,141.63,29.11
31/08/2023,141.9,28.67
01/09/2023,142.64,28.89
04/09/2023,142.74,28.93
05/09/2023,142.91,28.7
06/09/2023,143.74,28.82
08/09/2023,142.07,28.5
11/09/2023,140.71,28.51
12/09/2023,139.98,28.26
13/09/2023,139.16,28.31
14/09/2023,139.08,28.53
15/09/2023,138.14,28.36
18/09/2023,137.86,28.41
19/09/2023,136.12,27.92
20/09/2023,136.12,27.95
21/09/2023,135.95,27.57
22/09/2023,136.4,27.67
25/09/2023,136.87,27.53
26/09/2023,137.64,27.58
27/09/2023,138.79,27.47
28/09/2023,138.7,27.54
29/09/2023,137.63,27.37
02/10/2023,136.55,26.95
03/10/2023,136.6,26.5
04/10/2023,137.87,26.77
05/10/2023,137.56,26.59
06/10/2023,138.18,26.78
09/10/2023,136.52,26.59
10/10/2023,135.12,26.69
11/10/2023,134.42,26.61
13/10/2023,136.23,26.75
16/10/2023,136.74,27.13
17/10/2023,136.96,27.21
18/10/2023,137.99,27.29
19/10/2023,138.61,27.45
20/10/2023,138.21,27.45
23/10/2023,137.06,27.3
24/10/2023,136.38,27.29
25/10/2023,136.24,27.25
26/10/2023,136.58,27.36
27/10/2023,136.47,27.21
30/10/2023,137.31,27.23
31/10/2023,137.53,27.31
01/11/2023,136.71,27.47
03/11/2023,137.41,28.05
06/11/2023,137.82,28.18
07/11/2023,137.85,28.31
08/11/2023,138.5,28.24
09/11/2023,138.16,28.03
10/11/2023,137.71,28.04
13/11/2023,138.56,28.23
14/11/2023,139.31,28.64
16/11/2023,138.74,28.5
17/11/2023,137.35,28
20/11/2023,137.82,28.41
21/11/2023,139.23,28.41
22/11/2023,139.24,28.42
23/11/2023,139.16,28.36
24/11/2023,138.2,28.22
27/11/2023,136.86,27.94
28/11/2023,137.27,28.17
29/11/2023,138.14,28.25
30/11/2023,139.39,28.32
01/12/2023,138.32,28.37
04/12/2023,137.8,27.84
05/12/2023,138.66,28.13
06/12/2023,138.06,28.15
07/12/2023,137.95,28.09
08/12/2023,139.29,28.28
11/12/2023,139.65,28.3
12/12/2023,139.84,28.17
13/12/2023,141.66,28.74
14/12/2023,140.7,28.68
15/12/2023,140.49,28.42
18/12/2023,140.91,28.7
19/12/2023,139.95,28.79
20/12/2023,138.98,28.36
21/12/2023,139.2,28.48
22/12/2023,138.99,28.59
26/12/2023,137.96,28.59
27/12/2023,137.96,28.59
28/12/2023,136.86,28.21
02/01/2024,136.3,27.75
03/01/2024,134.28,27.34
04/01/2024,134.11,27.3
05/01/2024,132.89,27.28
08/01/2024,128.83,26.44
09/01/2024,127.53,26.02
10/01/2024,126.3,25.81
11/01/2024,122.2,25.05
12/01/2024,120.62,24.85
15/01/2024,121.68,25.01
16/01/2024,118.7,24.08
17/01/2024,116.89,23.71
18/01/2024,116.29,23.57
19/01/2024,116.31,23.6
22/01/2024,115.73,23.19
23/01/2024,117.1,23.63
24/01/2024,117.23,23.76
25/01/2024,115.93,23.56
26/01/2024,113.68,23.14
29/01/2024,112.07,22.64
30/01/2024,110.23,22.3
31/01/2024,110.98,22.43
01/02/2024,111.44,22.67
02/02/2024,111.76,22.5
05/02/2024,112.67,22.62
06/02/2024,112.81,22.74
07/02/2024,112.26,22.6
08/02/2024,112.46,22.53
09/02/2024,112.8,22.75
14/02/2024,112.52,22.64
15/02/2024,111.47,22.43
16/02/2024,112.38,22.63
19/02/2024,112.66,22.7
20/02/2024,112.95,22.91
21/02/2024,112.98,22.87
22/02/2024,112.6,22.75
23/02/2024,111.68,22.39
26/02/2024,109.72,22.05
27/02/2024,110.57,22.4
28/02/2024,110.31,22.19
29/02/2024,110.7,22.26
01/03/2024,111.08,22.43
04/03/2024,112.84,22.81
05/03/2024,112.96,22.8
06/03/2024,112.97,22.85
07/03/2024,114.11,23.12
08/03/2024,115.28,23.15
11/03/2024,116.58,23.43
12/03/2024,117.56,23.64
13/03/2024,117.97,23.72
14/03/2024,117.98,23.63
15/03/2024,118.61,23.75
18/03/2024,118.48,23.57
19/03/2024,118.87,23.68
20/03/2024,119.39,24.01
21/03/2024,120.39,24.17
22/03/2024,120.09,24.02
25/03/2024,120.18,24.15
26/03/2024,120.48,24.17
27/03/2024,120.13,24.12
28/03/2024,119.61,23.87
01/04/2024,120.23,23.74
02/04/2024,120.75,23.87
03/04/2024,121.02,24.02
04/04/2024,120.54,23.88
05/04/2024,121.08,23.91
08/04/2024,121.38,24.14
09/04/2024,121.08,24.17
10/04/2024,120.67,23.76
11/04/2024,121.08,23.79
12/04/2024,121.39,23.69
15/04/2024,122.04,23.53
16/04/2024,124.2,23.61
17/04/2024,124.42,23.77
18/04/2024,123.65,23.57
19/04/2024,123.58,23.79
22/04/2024,123.73,23.91
23/04/2024,124.15,24.2
24/04/2024,124.87,24.26
25/04/2024,124.98,24.2
26/04/2024,124.63,24.36
29/04/2024,124.46,24.34
30/04/2024,124.51,23.99
02/05/2024,125.14,24.48
03/05/2024,126.08,24.87
06/05/2024,127.41,25.11
07/05/2024,129.43,25.52
08/05/2024,129.72,25.47
09/05/2024,129.29,25.13
10/05/2024,129.64,25.14
13/05/2024,129.72,25.18
14/05/2024,129,25.14
15/05/2024,130.11,25.33
16/05/2024,129.95,25.33
17/05/2024,130.55,25.58
20/05/2024,132.53,25.94
21/05/2024,133.41,26.08
22/05/2024,134.19,26.04
23/05/2024,134.86,26.16
24/05/2024,134.35,25.97
27/05/2024,134.34,25.97
28/05/2024,133.81,25.93
29/05/2024,133.36,25.63
31/05/2024,133.27,25.35
03/06/2024,132.47,25.31
04/06/2024,131.62,24.89
05/06/2024,131.81,24.88
06/06/2024,133.45,25.39
07/06/2024,133.66,25.14
10/06/2024,134.6,25.14
11/06/2024,134.93,25.18
12/06/2024,136.13,25.17
13/06/2024,136.06,25.32
14/06/2024,135.52,25.2
17/06/2024,134.26,24.75
18/06/2024,133.95,24.65
19/06/2024,134.3,24.65
20/06/2024,133.91,24.73
21/06/2024,133.73,24.56
24/06/2024,133.43,24.74
25/06/2024,133.31,24.46
26/06/2024,134.06,24.31
27/06/2024,133.94,24.34
28/06/2024,134.5,24.07
01/07/2024,134.98,23.94
02/07/2024,136.59,24.16
03/07/2024,137.68,24.75
04/07/2024,137.6,25.09
05/07/2024,137.49,25.15
08/07/2024,135.18,24.68
09/07/2024,133.6,24.66
10/07/2024,131.22,24.24
11/07/2024,129.89,23.86
12/07/2024,130.06,23.94
15/07/2024,129.14,23.71
16/07/2024,127.8,23.52
17/07/2024,129.41,23.59
18/07/2024,130.45,23.38
19/07/2024,131.64,23.51
22/07/2024,133.35,23.92
23/07/2024,135.05,24.15
24/07/2024,136.83,24.19
25/07/2024,137.37,24.35
26/07/2024,136.51,24.11
29/07/2024,133.71,23.75
30/07/2024,131.8,23.44
31/07/2024,133.14,23.51
01/08/2024,133.07,23.2
02/08/2024,134.39,23.53
05/08/2024,134.87,23.52
06/08/2024,135.15,23.91
07/08/2024,133.47,23.73
08/08/2024,132.95,23.85
09/08/2024,131.28,23.82
12/08/2024,129.08,23.46
13/08/2024,126.38,23.16
14/08/2024,123.73,22.6
15/08/2024,124.43,22.7
16/08/2024,124.72,22.8
19/08/2024,124.47,23.01
20/08/2024,124.05,22.69
21/08/2024,125.54,22.93
22/08/2024,127.06,22.73
23/08/2024,127.86,23.35
26/08/2024,127.12,23.16
27/08/2024,128.67,23.39
28/08/2024,129.36,23.31
29/08/2024,131.3,23.37
30/08/2024,134.43,23.79
02/09/2024,135.09,24.07
03/09/2024,135.93,24.07
04/09/2024,137.47,24.39
05/09/2024,137,24.56
06/09/2024,137.12,24.51
09/09/2024,136.6,24.46
10/09/2024,136.49,24.13
11/09/2024,136.15,24.09
12/09/2024,136.5,24.29
13/09/2024,136.15,24.47
16/09/2024,135.42,24.55
17/09/2024,135.53,24.71
18/09/2024,135,24.79
19/09/2024,134.53,24.79
20/09/2024,134.76,24.42
23/09/2024,136.85,24.73
24/09/2024,138.6,25.38
25/09/2024,138.02,25.2
26/09/2024,138.81,25.48
27/09/2024,138.62,25.5
30/09/2024,139.02,25.48
01/10/2024,138.72,25.42
02/10/2024,138.98,25.52
03/10/2024,139.79,25.54
04/10/2024,140.12,25.66
07/10/2024,139.4,25.42
08/10/2024,138.91,25.11
09/10/2024,139.47,24.98
10/10/2024,139.35,24.95
11/10/2024,139.49,24.81
14/10/2024,138.61,24.83
15/10/2024,138.7,24.52
16/10/2024,139.27,24.58
17/10/2024,138.85,24.5
18/10/2024,138.68,24.37
21/10/2024,138.98,24.37
22/10/2024,139.86,24.53
23/10/2024,140.35,24.67
24/10/2024,141.64,24.95
25/10/2024,141.76,24.83
28/10/2024,140.68,24.65
29/10/2024,140.15,24.31
30/10/2024,140.53,24.38
31/10/2024,141.13,24.41
01/11/2024,141.89,24.17
04/11/2024,141.31,24.47
05/11/2024,141.74,24.65
06/11/2024,141.18,24.85
07/11/2024,141.44,24.88
08/11/2024,141.12,24.53
11/11/2024,141.85,24.58
12/11/2024,141.73,24.57
13/11/2024,140.76,24.28
14/11/2024,140.51,24.31
18/11/2024,139.85,24.35
19/11/2024,139.72,24.2
21/11/2024,139.77,24.02
22/11/2024,138.96,23.92
25/11/2024,138.89,23.91
26/11/2024,139.02,23.94
27/11/2024,139.26,23.54
28/11/2024,139.32,23.27
29/11/2024,140.52,23.4
02/12/2024,141.33,23.29
03/12/2024,141.35,23.34
04/12/2024,141.13,23.37
05/12/2024,140.84,23.47
06/12/2024,140.12,23.02
09/12/2024,140.74,23.13
10/12/2024,140.45,23.18
11/12/2024,139.68,23.23
12/12/2024,139.4,23.1
13/12/2024,138.94,22.99
16/12/2024,137.62,22.62
17/12/2024,137.47,22.59
18/12/2024,136.87,21.93
19/12/2024,135.66,22.18
20/12/2024,135.07,22.29
23/12/2024,135.43,21.88
26/12/2024,135.74,21.97
27/12/2024,135.8,21.93
30/12/2024,135.66,21.95
02/01/2025,134.73,21.85
03/01/2025,133.51,21.6
06/01/2025,133.17,21.78
07/01/2025,130.54,21.35
08/01/2025,131.93,21.6
09/01/2025,131.19,21.67
10/01/2025,131.56,21.57
13/01/2025,132.23,21.68
14/01/2025,132.22,21.87
15/01/2025,131.41,21.83
16/01/2025,129.98,21.45
17/01/2025,129.3,21.33
20/01/2025,128.76,21.3
21/01/2025,128.7,21.34
22/01/2025,129.24,21.76
23/01/2025,128.5,21.72
24/01/2025,128.12,21.67
27/01/2025,126.26,21.36
28/01/2025,124.02,21.12
29/01/2025,125.22,21.3
30/01/2025,125.57,21.4
31/01/2025,124.18,21.26
03/02/2025,124.81,21.46
04/02/2025,125.39,21.74
05/02/2025,125.85,21.74
06/02/2025,126.08,21.85
07/02/2025,126.03,21.78
10/02/2025,125.33,21.65
11/02/2025,126.03,21.85
12/02/2025,126.28,21.92
13/02/2025,125.39,21.74
14/02/2025,125.59,22.02
17/02/2025,125.82,22.03
18/02/2025,125.19,21.99
19/02/2025,126.04,22.04
20/02/2025,125.49,21.99
21/02/2025,126.61,22.1
24/02/2025,125.9,21.9
25/02/2025,126.58,22
26/02/2025,126.47,21.81
27/02/2025,127.33,21.84
28/02/2025,127.95,21.67
05/03/2025,128.38,22.3
06/03/2025,128.85,22.35
07/03/2025,129.85,22.42
10/03/2025,128.46,21.94
11/03/2025,128.65,22.15
12/03/2025,127.59,21.98
13/03/2025,128.07,22.08
14/03/2025,128.04,22.3
17/03/2025,127.48,22.47
18/03/2025,127.91,22.55
19/03/2025,127.36,22.54
20/03/2025,127.99,22.58
21/03/2025,127.67,22.33
24/03/2025,128.19,22.29
25/03/2025,126.97,22.27
26/03/2025,127.04,22.15
27/03/2025,127.57,22.16
28/03/2025,127.65,22.17
31/03/2025,127.3,22.31
01/04/2025,127.28,22.39
02/04/2025,127.24,22.35
03/04/2025,126.98,22.57
04/04/2025,127.55,21.86
07/04/2025,129.6,21.93
08/04/2025,129.38,21.61
09/04/2025,130.77,22.4
10/04/2025,131.1,22.21
11/04/2025,132.33,22.54
14/04/2025,132.56,22.66
15/04/2025,131.48,22.31
16/04/2025,132.15,22.51
17/04/2025,131.91,22.72
22/04/2025,130.19,22.75
23/04/2025,129.92,22.73
24/04/2025,129.06,22.71
25/04/2025,130.14,22.9
28/04/2025,129.87,22.97
29/04/2025,129.22,22.94
30/04/2025,127.79,22.53
02/05/2025,128.37,22.7
05/05/2025,128.02,22.51
06/05/2025,127.92,22.41
07/05/2025,127.77,22.18
08/05/2025,127.88,22.55
09/05/2025,127.91,22.62
12/05/2025,128.68,22.63
13/05/2025,128.51,22.94
14/05/2025,128.25,22.79
15/05/2025,127.51,22.44
16/05/2025,127.56,22.51
19/05/2025,127.56,22.56
20/05/2025,127.66,22.51
21/05/2025,128.42,22.73
22/05/2025,128.15,22.68
23/05/2025,128.69,22.76
26/05/2025,128.68,22.68
27/05/2025,128.01,22.66
28/05/2025,128.49,22.57
29/05/2025,128.18,22.61
30/05/2025,128.76,22.52
02/06/2025,128.41,22.6
03/06/2025,128.42,22.77
04/06/2025,128.59,22.76
05/06/2025,127.97,22.89
06/06/2025,128.13,23.04
09/06/2025,128.68,23.13
10/06/2025,128.97,23.14
11/06/2025,128.8,23.23
12/06/2025,128.8,23.23
13/06/2025,129.14,23.32
16/06/2025,129.6,23.59
17/06/2025,129.51,23.54
18/06/2025,129.35,23.51
20/06/2025,130.08,23.55
23/06/2025,130.47,23.7
24/06/2025,129.83,23.55
25/06/2025,128.34,23.1
26/06/2025,129.79,23.59
27/06/2025,129.22,23.55
30/06/2025,129.15,23.79
01/07/2025,129.13,23.64
02/07/2025,129.55,23.89
03/07/2025,130.26,24.07
04/07/2025,129.62,23.9
07/07/2025,129.04,23.55
08/07/2025,128.7,23.63
09/07/2025,128.35,23.37
10/07/2025,129.83,23.43
11/07/2025,129.93,23.42
14/07/2025,129.75,23.23
15/07/2025,130.14,23.4
16/07/2025,129.52,23.29
17/07/2025,130.8,23.58
18/07/2025,131.45,23.53
21/07/2025,130.83,23.5
22/07/2025,130.67,23.48
23/07/2025,131.78,23.86
24/07/2025,131.4,23.81
25/07/2025,131.21,23.57
28/07/2025,131.62,23.52
29/07/2025,131.62,23.63
30/07/2025,132.66,23.8
31/07/2025,132.88,23.72
01/08/2025,133.08,23.98
04/08/2025,132.34,24.03
05/08/2025,133.32,24.21
06/08/2025,132.89,24.33
07/08/2025,132.17,24.32
08/08/2025,132.52,24.36
11/08/2025,133.45,24.5
12/08/2025,133.2,24.71
13/08/2025,133.77,24.75
14/08/2025,133.31,24.61
15/08/2025,134.38,24.89
18/08/2025,134.42,24.74
19/08/2025,135.51,24.63
20/08/2025,136.29,24.9
21/08/2025,136.83,24.97
22/08/2025,135.95,25.06
25/08/2025,134.55,24.85
26/08/2025,134.47,24.74
27/08/2025,134.27,24.77
28/08/2025,134.48,24.88
29/08/2025,134.25,24.77
01/09/2025,133.92,24.59
02/09/2025,134.41,24.55
03/09/2025,135.04,24.74
04/09/2025,135.11,24.81
05/09/2025,134.75,24.89
08/09/2025,135.35,24.98
09/09/2025,135.69,24.97
10/09/2025,135.38,25.03
11/09/2025,135.37,25.1
12/09/2025,134.98,25.21
15/09/2025,135.13,25.41
16/09/2025,134.12,25.32
17/09/2025,134.48,25.38
18/09/2025,134.18,25.27
19/09/2025,133.69,25.13
22/09/2025,132.16,24.76
23/09/2025,129.13,24.43
24/09/2025,128.08,24.04
25/09/2025,128.29,23.9
26/09/2025,129.22,24.2
29/09/2025,129.01,24.26
30/09/2025,128.88,24.21
01/10/2025,128.76,24.2
02/10/2025,130.27,24.4
03/10/2025,131.3,24.64
06/10/2025,131.47,24.75
07/10/2025,131.29,24.55
08/10/2025,131.9,24.68
09/10/2025,131.95,24.53
10/10/2025,132.68,24.13
13/10/2025,133.44,24.45
14/10/2025,133.29,24.38
15/10/2025,133.23,24.41
16/10/2025,132.96,24.41
17/10/2025,133.56,24.71
20/10/2025,133.01,24.75
21/10/2025,132.95,24.67
22/10/2025,133.24,24.67
23/10/2025,133.45,24.78
24/10/2025,133.44,24.75
27/10/2025,133.76,24.9
28/10/2025,134.36,25.07
29/10/2025,133.43,24.87
30/10/2025,133.84,24.89
31/10/2025,133.58,24.82
03/11/2025,134.07,25.03
04/11/2025,134.47,24.91
05/11/2025,134.17,25.04
06/11/2025,133.61,24.98
07/11/2025,133.71,25.05
10/11/2025,133.98,25.25
11/11/2025,133.95,25.42
12/11/2025,133.94,25.3
13/11/2025,134.31,25.36
14/11/2025,134.57,25.39
17/11/2025,134.92,25.33
18/11/2025,135.44,25.47
19/11/2025,135.85,25.45
21/11/2025,135.37,25.08
24/11/2025,134.58,24.95
25/11/2025,135.69,25.24
26/11/2025,135.74,25.44
27/11/2025,135.93,25.39
28/11/2025,136.07,25.52
01/12/2025,135.39,25.26
02/12/2025,136.04,25.51
03/12/2025,135.82,25.57
04/12/2025,135.21,25.47
05/12/2025,135.45,24.83
08/12/2025,135.64,25.01
09/12/2025,135.46,24.91
10/12/2025,135.63,24.76
11/12/2025,135.83,25.15
12/12/2025,135.41,25.02
15/12/2025,134.62,24.83
16/12/2025,134.55,24.62
17/12/2025,135.88,24.61
18/12/2025,136.24,24.68
19/12/2025,136.1,24.62
22/12/2025,136.16,24.39
23/12/2025,136.2,24.59
26/12/2025,136.23,24.57
29/12/2025,136.21,24.41
30/12/2025,135.6,24.71
