data,cme
02/01/2020,201.85
03/01/2020,204.55
06/01/2020,205.39
07/01/2020,204.99
08/01/2020,206.1
09/01/2020,208.47
10/01/2020,205.09
13/01/2020,204.14
14/01/2020,203.56
15/01/2020,205.01
16/01/2020,207.15
17/01/2020,206.86
21/01/2020,206.86
22/01/2020,207.48
23/01/2020,208.24
24/01/2020,209.24
27/01/2020,212.99
28/01/2020,213.21
29/01/2020,213.58
30/01/2020,218.78
31/01/2020,217.11
03/02/2020,214.57
04/02/2020,215.54
05/02/2020,213.43
06/02/2020,212.63
07/02/2020,213.2
10/02/2020,213.37
11/02/2020,211.65
12/02/2020,207.64
13/02/2020,208.31
14/02/2020,213.13
18/02/2020,213.37
19/02/2020,207.5
20/02/2020,209
21/02/2020,208.83
24/02/2020,209.3
25/02/2020,208.32
26/02/2020,220.18
27/02/2020,210.39
28/02/2020,198.82
02/03/2020,209.4
03/03/2020,216.07
04/03/2020,223.63
05/03/2020,221.82
06/03/2020,216.26
09/03/2020,204.91
10/03/2020,207.01
11/03/2020,194.68
12/03/2020,172.31
13/03/2020,182.01
16/03/2020,148.54
17/03/2020,166.02
18/03/2020,142.97
19/03/2020,155.22
20/03/2020,158.41
23/03/2020,139.54
24/03/2020,152.26
25/03/2020,156.33
26/03/2020,174.84
27/03/2020,171.34
30/03/2020,173.99
31/03/2020,172.91
01/04/2020,166.2
02/04/2020,168.57
03/04/2020,173.74
06/04/2020,182.44
07/04/2020,176.81
08/04/2020,180.97
09/04/2020,190.16
13/04/2020,182.68
14/04/2020,188.07
15/04/2020,184.98
16/04/2020,187.34
17/04/2020,191.62
20/04/2020,184.62
21/04/2020,178.02
22/04/2020,179.39
23/04/2020,178.48
24/04/2020,182.72
27/04/2020,187.75
28/04/2020,184.32
29/04/2020,181.47
30/04/2020,178.21
01/05/2020,173.65
04/05/2020,172.56
05/05/2020,178.51
06/05/2020,173.7
07/05/2020,178.49
08/05/2020,181.53
11/05/2020,184.17
12/05/2020,179.18
13/05/2020,177.96
14/05/2020,180.52
15/05/2020,181.07
18/05/2020,185.8
19/05/2020,179.76
20/05/2020,180.82
21/05/2020,178.18
22/05/2020,178.8
26/05/2020,182.47
27/05/2020,176.53
28/05/2020,180.49
29/05/2020,182.6
01/06/2020,182.32
02/06/2020,178.78
03/06/2020,186.26
04/06/2020,184.51
05/06/2020,192.14
08/06/2020,191.75
09/06/2020,191.1
10/06/2020,188.7
11/06/2020,174.18
12/06/2020,174.72
15/06/2020,174.65
16/06/2020,176.11
17/06/2020,178.36
18/06/2020,176.32
19/06/2020,175.52
22/06/2020,175.09
23/06/2020,173.55
24/06/2020,167.47
25/06/2020,168.69
26/06/2020,162.45
29/06/2020,162.01
30/06/2020,162.54
01/07/2020,168.9
02/07/2020,165.27
06/07/2020,165.8
07/07/2020,165.61
08/07/2020,168.08
09/07/2020,165.53
10/07/2020,164.59
13/07/2020,165.2
14/07/2020,165.56
15/07/2020,168.83
16/07/2020,167.21
17/07/2020,166.62
20/07/2020,167.9
21/07/2020,168.22
22/07/2020,170.31
23/07/2020,168.94
24/07/2020,168.75
27/07/2020,167.5
28/07/2020,166
29/07/2020,164.88
30/07/2020,163.1
31/07/2020,166.18
03/08/2020,163
04/08/2020,163.13
05/08/2020,163.17
06/08/2020,163.97
07/08/2020,167.14
10/08/2020,165.34
11/08/2020,168.12
12/08/2020,169.96
13/08/2020,169.57
14/08/2020,171.44
17/08/2020,174.61
18/08/2020,173.81
19/08/2020,172.2
20/08/2020,173.18
21/08/2020,173.86
24/08/2020,175.21
25/08/2020,174.92
26/08/2020,175.26
27/08/2020,176.45
28/08/2020,172.1
31/08/2020,170.97
01/09/2020,168.94
02/09/2020,167.9
03/09/2020,167.1
04/09/2020,164.89
08/09/2020,162.35
09/09/2020,163.33
10/09/2020,159.37
11/09/2020,158.66
14/09/2020,161.45
15/09/2020,163.42
16/09/2020,165.46
17/09/2020,165.95
18/09/2020,164.34
21/09/2020,163.02
22/09/2020,161.95
23/09/2020,157.83
24/09/2020,159.36
25/09/2020,162.13
28/09/2020,164.22
29/09/2020,161.49
30/09/2020,162.65
01/10/2020,165.51
02/10/2020,163.8
05/10/2020,162.29
06/10/2020,163.64
07/10/2020,164.78
08/10/2020,166.14
09/10/2020,164.69
12/10/2020,165.26
13/10/2020,162.83
14/10/2020,162.06
15/10/2020,162.43
16/10/2020,163.31
19/10/2020,158.79
20/10/2020,158.58
21/10/2020,160
22/10/2020,158.93
23/10/2020,159.29
26/10/2020,155.7
27/10/2020,155.03
28/10/2020,145.39
29/10/2020,145.81
30/10/2020,146.52
02/11/2020,148.04
03/11/2020,149.2
04/11/2020,146.31
05/11/2020,146.26
06/11/2020,146.39
09/11/2020,157.89
10/11/2020,164.01
11/11/2020,161.19
12/11/2020,156.52
13/11/2020,161.34
16/11/2020,164.07
17/11/2020,163.39
18/11/2020,161.16
19/11/2020,161.31
20/11/2020,162.8
23/11/2020,164.08
24/11/2020,168.35
25/11/2020,169.92
27/11/2020,169.9
30/11/2020,170.15
01/12/2020,174.17
02/12/2020,176.81
03/12/2020,176.65
04/12/2020,178.9
07/12/2020,178.08
08/12/2020,178.27
09/12/2020,177.3
10/12/2020,177.4
11/12/2020,175.25
14/12/2020,172.6
15/12/2020,176.34
16/12/2020,176.66
17/12/2020,179.79
18/12/2020,178.85
21/12/2020,176.71
22/12/2020,175.96
23/12/2020,175.32
24/12/2020,175.95
28/12/2020,177.83
29/12/2020,176.32
30/12/2020,175.47
31/12/2020,179.47
04/01/2021,176.75
05/01/2021,176.58
06/01/2021,190.63
07/01/2021,195.99
08/01/2021,196.85
11/01/2021,196.12
12/01/2021,198.63
13/01/2021,195.14
14/01/2021,191.38
15/01/2021,189.1
19/01/2021,189.47
20/01/2021,187.14
21/01/2021,183.56
22/01/2021,181.43
25/01/2021,181.75
26/01/2021,181.14
27/01/2021,176.25
28/01/2021,179.88
29/01/2021,179.16
01/02/2021,184.78
02/02/2021,189.28
03/02/2021,189.26
04/02/2021,190.78
05/02/2021,188.67
08/02/2021,189.02
09/02/2021,189.24
10/02/2021,182.57
11/02/2021,180.12
12/02/2021,181.75
16/02/2021,186.72
17/02/2021,188.43
18/02/2021,191.24
19/02/2021,192.3
22/02/2021,192.7
23/02/2021,195.93
24/02/2021,197.85
25/02/2021,201.89
26/02/2021,196.87
01/03/2021,206.72
02/03/2021,203.71
03/03/2021,202.87
04/03/2021,204.08
05/03/2021,210.88
08/03/2021,211
09/03/2021,206.74
10/03/2021,203.71
11/03/2021,202.69
12/03/2021,206.18
15/03/2021,206.12
16/03/2021,204.18
17/03/2021,203.65
18/03/2021,202.86
19/03/2021,199.78
22/03/2021,196.52
23/03/2021,197.09
24/03/2021,201.87
25/03/2021,202.34
26/03/2021,205.48
29/03/2021,206
30/03/2021,202.03
31/03/2021,201.33
01/04/2021,203.16
05/04/2021,204.5
06/04/2021,202.18
07/04/2021,201.44
08/04/2021,199.86
09/04/2021,201.73
12/04/2021,201.79
13/04/2021,202.94
14/04/2021,203.83
15/04/2021,201.15
16/04/2021,204.63
19/04/2021,202.67
20/04/2021,203.19
21/04/2021,204.03
22/04/2021,203.2
23/04/2021,204.37
26/04/2021,201.78
27/04/2021,201.87
28/04/2021,198.17
29/04/2021,200.84
30/04/2021,199.12
03/05/2021,200.81
04/05/2021,201.46
05/05/2021,200.18
06/05/2021,201.45
07/05/2021,200.04
10/05/2021,205.1
11/05/2021,209.08
12/05/2021,211.03
13/05/2021,212.2
14/05/2021,213.91
17/05/2021,213.36
18/05/2021,211.19
19/05/2021,208.85
20/05/2021,212.94
21/05/2021,214.69
24/05/2021,214.23
25/05/2021,211.83
26/05/2021,213.06
27/05/2021,214.99
28/05/2021,215.65
01/06/2021,210.12
02/06/2021,213.24
03/06/2021,214.86
04/06/2021,215.27
07/06/2021,215
08/06/2021,214.55
09/06/2021,212.45
10/06/2021,209.85
11/06/2021,211.42
14/06/2021,213.62
15/06/2021,213.9
16/06/2021,215.74
17/06/2021,213.92
18/06/2021,207.72
21/06/2021,212.94
22/06/2021,212.8
23/06/2021,211.72
24/06/2021,213.9
25/06/2021,215.02
28/06/2021,212.16
29/06/2021,210.27
30/06/2021,209.66
01/07/2021,211.16
02/07/2021,210.49
06/07/2021,205.09
07/07/2021,204.01
08/07/2021,204.6
09/07/2021,206.64
12/07/2021,207.26
13/07/2021,207.44
14/07/2021,207.18
15/07/2021,207.43
16/07/2021,206.36
19/07/2021,203.29
20/07/2021,205.62
21/07/2021,208.99
22/07/2021,206.39
23/07/2021,208.89
26/07/2021,207.44
27/07/2021,208.91
28/07/2021,210.4
29/07/2021,211.65
30/07/2021,209.12
02/08/2021,208.5
03/08/2021,205.81
04/08/2021,205.54
05/08/2021,205.29
06/08/2021,206.86
09/08/2021,206.14
10/08/2021,205.96
11/08/2021,206.1
12/08/2021,205.42
13/08/2021,204.09
16/08/2021,204.25
17/08/2021,202.47
18/08/2021,194.78
19/08/2021,195.27
20/08/2021,195.54
23/08/2021,198.97
24/08/2021,197.72
25/08/2021,197.45
26/08/2021,196.51
27/08/2021,197.02
30/08/2021,196.46
31/08/2021,198.86
01/09/2021,196.38
02/09/2021,194.81
03/09/2021,192.53
07/09/2021,191.01
08/09/2021,191
09/09/2021,189.73
10/09/2021,186.52
13/09/2021,186.54
14/09/2021,186.17
15/09/2021,186.28
16/09/2021,186.01
17/09/2021,185.97
20/09/2021,185.34
21/09/2021,183.2
22/09/2021,186.64
23/09/2021,190.73
24/09/2021,195.2
27/09/2021,195.61
28/09/2021,195.08
29/09/2021,193.38
30/09/2021,190.63
01/10/2021,193.8
04/10/2021,191.95
05/10/2021,195.5
06/10/2021,195.9
07/10/2021,199.24
08/10/2021,198.67
11/10/2021,198.46
12/10/2021,199.93
13/10/2021,201.36
14/10/2021,204.11
15/10/2021,208.89
18/10/2021,210.89
19/10/2021,214.47
20/10/2021,211.13
21/10/2021,211.74
22/10/2021,214.86
25/10/2021,214.6
26/10/2021,216.16
27/10/2021,213.98
28/10/2021,215.24
29/10/2021,217.42
01/11/2021,215.23
02/11/2021,217.47
03/11/2021,217.31
04/11/2021,217.44
05/11/2021,218.56
08/11/2021,217.54
09/11/2021,218.58
10/11/2021,217.94
11/11/2021,219.35
12/11/2021,221.66
15/11/2021,223.46
16/11/2021,222.46
17/11/2021,223.21
18/11/2021,222.99
19/11/2021,220.14
22/11/2021,221.15
23/11/2021,224.7
24/11/2021,225.69
26/11/2021,219.01
29/11/2021,222.13
30/11/2021,217.39
01/12/2021,216.89
02/12/2021,223.33
03/12/2021,222.06
06/12/2021,221.26
07/12/2021,227.97
08/12/2021,228.68
09/12/2021,224.41
10/12/2021,225.16
13/12/2021,224.66
14/12/2021,224.32
15/12/2021,224.42
16/12/2021,225.84
17/12/2021,221.59
20/12/2021,218.76
21/12/2021,222
22/12/2021,223.97
23/12/2021,225.71
27/12/2021,229.43
28/12/2021,230.12
29/12/2021,229.11
30/12/2021,228.66
31/12/2021,228.46
03/01/2022,225.46
04/01/2022,227.27
05/01/2022,226.43
06/01/2022,225.71
07/01/2022,225.04
10/01/2022,222.8
11/01/2022,223.44
12/01/2022,226.18
13/01/2022,223.73
14/01/2022,223.19
18/01/2022,223.5
19/01/2022,229.62
20/01/2022,231.2
21/01/2022,225.91
24/01/2022,224.25
25/01/2022,221.79
26/01/2022,220.13
27/01/2022,223.24
28/01/2022,225.75
31/01/2022,229.5
01/02/2022,232.02
02/02/2022,239.37
03/02/2022,241.07
04/02/2022,246.17
07/02/2022,242.67
08/02/2022,241.41
09/02/2022,249.51
10/02/2022,244.05
11/02/2022,241.03
14/02/2022,239.17
15/02/2022,238.84
16/02/2022,238.92
17/02/2022,238.85
18/02/2022,236.62
22/02/2022,238.37
23/02/2022,235.56
24/02/2022,237.26
25/02/2022,239.41
28/02/2022,236.53
01/03/2022,233.45
02/03/2022,236.74
03/03/2022,240.82
04/03/2022,243.77
07/03/2022,235.73
08/03/2022,222.73
09/03/2022,230.09
10/03/2022,227.96
11/03/2022,225.96
14/03/2022,229.57
15/03/2022,232
16/03/2022,242.01
17/03/2022,246.28
18/03/2022,249.6
21/03/2022,250.76
22/03/2022,247.99
23/03/2022,246.79
24/03/2022,244.93
25/03/2022,247.72
28/03/2022,232.41
29/03/2022,228.9
30/03/2022,229.77
31/03/2022,226.02
01/04/2022,227.88
04/04/2022,222.91
05/04/2022,225.64
06/04/2022,231.33
07/04/2022,232.14
08/04/2022,230.43
11/04/2022,227.9
12/04/2022,224.28
13/04/2022,227.45
14/04/2022,225.83
18/04/2022,224.48
19/04/2022,222.45
20/04/2022,224.44
21/04/2022,217
22/04/2022,211.83
25/04/2022,210.53
26/04/2022,202.66
27/04/2022,214.69
28/04/2022,214.49
29/04/2022,208.42
02/05/2022,205.99
03/05/2022,208.25
04/05/2022,209.68
05/05/2022,202.66
06/05/2022,199.9
09/05/2022,191.57
10/05/2022,190.3
11/05/2022,188.74
12/05/2022,186.25
13/05/2022,190.14
16/05/2022,186.41
17/05/2022,186.27
18/05/2022,179.1
19/05/2022,180.69
20/05/2022,182.55
23/05/2022,182.06
24/05/2022,182.13
25/05/2022,185.7
26/05/2022,187.11
27/05/2022,189.98
31/05/2022,188.93
01/06/2022,189.45
02/06/2022,194.49
03/06/2022,190.05
06/06/2022,189.44
07/06/2022,192.67
08/06/2022,189.64
09/06/2022,188.08
10/06/2022,189.95
13/06/2022,192.89
14/06/2022,186.35
15/06/2022,190.88
16/06/2022,193.16
17/06/2022,190.55
21/06/2022,198.12
22/06/2022,198.09
23/06/2022,198.09
24/06/2022,199.55
27/06/2022,199.02
28/06/2022,195.86
29/06/2022,195.89
30/06/2022,194.51
01/07/2022,194.11
05/07/2022,194.19
06/07/2022,193.81
07/07/2022,198.39
08/07/2022,198.5
11/07/2022,197.97
12/07/2022,193.06
13/07/2022,193.42
14/07/2022,189.6
15/07/2022,191.89
18/07/2022,190.46
19/07/2022,193.68
20/07/2022,193.99
21/07/2022,195.55
22/07/2022,194.3
25/07/2022,194.28
26/07/2022,193.64
27/07/2022,186.24
28/07/2022,189.59
29/07/2022,189.55
01/08/2022,186.01
02/08/2022,187.69
03/08/2022,187.9
04/08/2022,190.07
05/08/2022,192.09
08/08/2022,191.43
09/08/2022,192.85
10/08/2022,188.53
11/08/2022,189.12
12/08/2022,192.52
15/08/2022,192.22
16/08/2022,195.23
17/08/2022,196.18
18/08/2022,197.57
19/08/2022,192.01
22/08/2022,189.75
23/08/2022,187.84
24/08/2022,189
25/08/2022,189.22
26/08/2022,186.58
29/08/2022,185.68
30/08/2022,185.48
31/08/2022,185.87
01/09/2022,189.5
02/09/2022,185
06/09/2022,188.17
07/09/2022,190.37
08/09/2022,191.93
09/09/2022,191.3
12/09/2022,190.25
13/09/2022,184.42
14/09/2022,181.78
15/09/2022,181.28
16/09/2022,182.03
19/09/2022,181.23
20/09/2022,177.93
21/09/2022,172.97
22/09/2022,174.21
23/09/2022,172.07
26/09/2022,171.02
27/09/2022,167.49
28/09/2022,170.6
29/09/2022,169.78
30/09/2022,168.31
03/10/2022,169.31
04/10/2022,173.07
05/10/2022,171.87
06/10/2022,166.91
07/10/2022,161.46
10/10/2022,161.03
11/10/2022,161.49
12/10/2022,163.16
13/10/2022,165.76
14/10/2022,163.27
17/10/2022,165.48
18/10/2022,165.59
19/10/2022,164.2
20/10/2022,161.92
21/10/2022,161.53
24/10/2022,163.45
25/10/2022,167.05
26/10/2022,163.37
27/10/2022,164.13
28/10/2022,166.05
31/10/2022,164.68
01/11/2022,164.89
02/11/2022,164.28
03/11/2022,162.41
04/11/2022,162.18
07/11/2022,161.29
08/11/2022,164.58
09/11/2022,162.49
10/11/2022,165.66
11/11/2022,165.58
14/11/2022,165.25
15/11/2022,165.14
16/11/2022,166.19
17/11/2022,164.89
18/11/2022,163.91
21/11/2022,167.72
22/11/2022,165.58
23/11/2022,167.24
25/11/2022,166.29
28/11/2022,164.51
29/11/2022,166.11
30/11/2022,167.72
01/12/2022,169.05
02/12/2022,167.84
05/12/2022,171.4
06/12/2022,170.94
07/12/2022,167.24
08/12/2022,168.38
09/12/2022,169.93
12/12/2022,171.89
13/12/2022,169.26
14/12/2022,166.21
15/12/2022,163.89
16/12/2022,162.6
19/12/2022,162.19
20/12/2022,160.77
21/12/2022,164.27
22/12/2022,164.55
23/12/2022,164.7
27/12/2022,163.58
28/12/2022,163.84
29/12/2022,165.03
30/12/2022,164.05
03/01/2023,164.82
04/01/2023,165.92
05/01/2023,165.6
06/01/2023,170.81
09/01/2023,171.5
10/01/2023,173.16
11/01/2023,171.35
12/01/2023,172.39
13/01/2023,171.33
17/01/2023,171.69
18/01/2023,171.48
19/01/2023,170.01
20/01/2023,170.78
23/01/2023,170.1
24/01/2023,168.9
25/01/2023,169.14
26/01/2023,172.45
27/01/2023,171.39
30/01/2023,171.66
31/01/2023,172.34
01/02/2023,171.25
02/02/2023,171.69
03/02/2023,172.23
06/02/2023,170.49
07/02/2023,173.45
08/02/2023,182.85
09/02/2023,178.45
10/02/2023,179.6
13/02/2023,180.68
14/02/2023,181.83
15/02/2023,183.69
16/02/2023,183.89
17/02/2023,184.03
21/02/2023,183.3
22/02/2023,182.43
23/02/2023,182.53
24/02/2023,182.6
27/02/2023,179.64
28/02/2023,180.83
01/03/2023,179.73
02/03/2023,181.94
03/03/2023,180.76
06/03/2023,180.38
07/03/2023,177.77
08/03/2023,177.47
09/03/2023,173.13
10/03/2023,170.4
13/03/2023,175.32
14/03/2023,180.84
15/03/2023,178.21
16/03/2023,182.63
17/03/2023,181.43
20/03/2023,180.26
21/03/2023,178.24
22/03/2023,175.09
23/03/2023,175.63
24/03/2023,179.06
27/03/2023,180.5
28/03/2023,182.74
29/03/2023,182.48
30/03/2023,184.31
31/03/2023,186.84
03/04/2023,185.66
04/04/2023,188.32
05/04/2023,190.42
06/04/2023,190.33
10/04/2023,188.03
11/04/2023,186.9
12/04/2023,187.05
13/04/2023,185.29
14/04/2023,185.82
17/04/2023,187.42
18/04/2023,186.7
19/04/2023,187.57
20/04/2023,185.7
21/04/2023,185.09
24/04/2023,182.64
25/04/2023,183.2
26/04/2023,180.41
27/04/2023,179.9
28/04/2023,181.23
01/05/2023,182.07
02/05/2023,181
03/05/2023,176.9
04/05/2023,179.43
05/05/2023,180.61
08/05/2023,181.15
09/05/2023,180.12
10/05/2023,180.78
11/05/2023,179
12/05/2023,180.43
15/05/2023,179.86
16/05/2023,177.15
17/05/2023,178.05
18/05/2023,177.37
19/05/2023,177.38
22/05/2023,177.48
23/05/2023,174.7
24/05/2023,175.67
25/05/2023,172.69
26/05/2023,172.35
30/05/2023,173.84
31/05/2023,174.38
01/06/2023,175.62
02/06/2023,180.77
05/06/2023,181.72
06/06/2023,179.84
07/06/2023,178.09
08/06/2023,180.92
09/06/2023,180.32
12/06/2023,174.97
13/06/2023,173.4
14/06/2023,177.07
15/06/2023,177.77
16/06/2023,179.61
20/06/2023,178.22
21/06/2023,177.16
22/06/2023,177.65
23/06/2023,177.23
26/06/2023,174.52
27/06/2023,174.58
28/06/2023,178.66
29/06/2023,178.88
30/06/2023,180.76
03/07/2023,181.61
05/07/2023,179.36
06/07/2023,178.77
07/07/2023,177.5
10/07/2023,176.87
11/07/2023,177.87
12/07/2023,176.88
13/07/2023,178.74
14/07/2023,181.58
17/07/2023,180.72
18/07/2023,182.48
19/07/2023,181.82
20/07/2023,182.83
21/07/2023,184.63
24/07/2023,186.37
25/07/2023,186.55
26/07/2023,193.89
27/07/2023,193.8
28/07/2023,194.55
31/07/2023,194.1
01/08/2023,194.94
02/08/2023,194.79
03/08/2023,197.88
04/08/2023,200.06
07/08/2023,203.27
08/08/2023,200.08
09/08/2023,201.47
10/08/2023,199.79
11/08/2023,200.74
14/08/2023,201.4
15/08/2023,200.16
16/08/2023,200.97
17/08/2023,199.04
18/08/2023,198.75
21/08/2023,197.65
22/08/2023,194.61
23/08/2023,195.84
24/08/2023,195.22
25/08/2023,198.25
28/08/2023,198.35
29/08/2023,197.76
30/08/2023,197.5
31/08/2023,197.73
01/09/2023,197.93
05/09/2023,197.58
06/09/2023,198.68
07/09/2023,200.27
08/09/2023,199.98
11/09/2023,200.89
12/09/2023,201.11
13/09/2023,202.35
14/09/2023,202.73
15/09/2023,201.77
18/09/2023,201.5
19/09/2023,201.43
20/09/2023,200.88
21/09/2023,197.27
22/09/2023,196.79
25/09/2023,195.94
26/09/2023,194.95
27/09/2023,195.46
28/09/2023,196.73
29/09/2023,195.33
02/10/2023,195.26
03/10/2023,196.73
04/10/2023,198.27
05/10/2023,202.33
06/10/2023,206.75
09/10/2023,210.49
10/10/2023,210.81
11/10/2023,211.79
12/10/2023,214.68
13/10/2023,214.02
16/10/2023,213.47
17/10/2023,211.21
18/10/2023,210.71
19/10/2023,208.89
20/10/2023,207.61
23/10/2023,208.39
24/10/2023,209.01
25/10/2023,208.85
26/10/2023,210.16
27/10/2023,203.92
30/10/2023,206.16
31/10/2023,208.24
01/11/2023,205.76
02/11/2023,207.37
03/11/2023,203.52
06/11/2023,207.83
07/11/2023,207.17
08/11/2023,207.36
09/11/2023,211.09
10/11/2023,211.8
13/11/2023,211.77
14/11/2023,206.58
15/11/2023,205.9
16/11/2023,207
17/11/2023,208.2
20/11/2023,206.82
21/11/2023,210.29
22/11/2023,211.06
24/11/2023,211.88
27/11/2023,211.43
28/11/2023,210.66
29/11/2023,209.59
30/11/2023,213.02
01/12/2023,214.17
04/12/2023,214.41
05/12/2023,213
06/12/2023,209.01
07/12/2023,205.58
08/12/2023,206.45
11/12/2023,210.16
12/12/2023,208.9
13/12/2023,207.95
14/12/2023,205.02
15/12/2023,201.68
18/12/2023,206.03
19/12/2023,207.75
20/12/2023,205.89
21/12/2023,208.55
22/12/2023,209.07
26/12/2023,209.55
27/12/2023,210.54
28/12/2023,211.02
29/12/2023,210.6
02/01/2024,209.23
03/01/2024,201.41
04/01/2024,202.74
05/01/2024,199.19
08/01/2024,200.11
09/01/2024,197.09
10/01/2024,197.83
11/01/2024,196.4
12/01/2024,197.54
16/01/2024,198.6
17/01/2024,202.97
18/01/2024,202.9
19/01/2024,202.05
22/01/2024,203.27
23/01/2024,203.97
24/01/2024,204.27
25/01/2024,205.61
26/01/2024,206.78
29/01/2024,204.78
30/01/2024,206.11
31/01/2024,205.84
01/02/2024,205.79
02/02/2024,206.55
05/02/2024,204.82
06/02/2024,202.78
07/02/2024,205.46
08/02/2024,204
09/02/2024,205.09
12/02/2024,206.82
13/02/2024,207.43
14/02/2024,215.18
15/02/2024,211.02
16/02/2024,212.26
20/02/2024,210.99
21/02/2024,215
22/02/2024,218
23/02/2024,217.96
26/02/2024,219.44
27/02/2024,219.45
28/02/2024,220.84
29/02/2024,220.35
01/03/2024,219.21
04/03/2024,221.35
05/03/2024,219.9
06/03/2024,219.69
07/03/2024,213.53
08/03/2024,212.98
11/03/2024,216.77
12/03/2024,217.75
13/03/2024,219.36
14/03/2024,219.41
15/03/2024,217.5
18/03/2024,218.89
19/03/2024,216.36
20/03/2024,213.62
21/03/2024,216.09
22/03/2024,214.5
25/03/2024,215.19
26/03/2024,212.88
27/03/2024,215.6
28/03/2024,215.29
01/04/2024,212.02
02/04/2024,214.8
03/04/2024,212.03
04/04/2024,212.21
05/04/2024,211.08
08/04/2024,212.75
09/04/2024,209.78
10/04/2024,212
11/04/2024,212.77
12/04/2024,209.5
15/04/2024,206.23
16/04/2024,206.48
17/04/2024,208.42
18/04/2024,209.65
19/04/2024,213.04
22/04/2024,215.48
23/04/2024,216.77
24/04/2024,212.59
25/04/2024,212.54
26/04/2024,210.94
29/04/2024,209.62
30/04/2024,209.64
01/05/2024,208.07
02/05/2024,207.48
03/05/2024,207.65
06/05/2024,208
07/05/2024,208.34
08/05/2024,211.84
09/05/2024,213.61
10/05/2024,208.46
13/05/2024,209.92
14/05/2024,210.8
15/05/2024,208.26
16/05/2024,212.73
17/05/2024,213.14
20/05/2024,211.27
21/05/2024,210.35
22/05/2024,211.48
23/05/2024,212.07
24/05/2024,214.92
28/05/2024,208.5
29/05/2024,205.89
30/05/2024,204.9
31/05/2024,202.98
03/06/2024,201.75
04/06/2024,203.78
05/06/2024,200.49
06/06/2024,201.49
07/06/2024,199.36
10/06/2024,198.5
11/06/2024,198.7
12/06/2024,195.73
13/06/2024,195.64
14/06/2024,197.13
17/06/2024,196.59
18/06/2024,196.53
20/06/2024,198.49
21/06/2024,194.48
24/06/2024,195.08
25/06/2024,194.1
26/06/2024,195.2
27/06/2024,195.53
28/06/2024,196.6
01/07/2024,195.5
02/07/2024,197.08
03/07/2024,196.06
05/07/2024,196.4
08/07/2024,194.97
09/07/2024,194.62
10/07/2024,193.58
11/07/2024,195.8
12/07/2024,193.43
15/07/2024,197.01
16/07/2024,197.37
17/07/2024,201.46
18/07/2024,200.61
19/07/2024,199.85
22/07/2024,199.88
23/07/2024,197.44
24/07/2024,197.25
25/07/2024,199.38
26/07/2024,200.54
29/07/2024,198.92
30/07/2024,197.2
31/07/2024,193.71
01/08/2024,196.31
02/08/2024,199.83
05/08/2024,197.22
06/08/2024,202.38
07/08/2024,205
08/08/2024,205.15
09/08/2024,206.66
12/08/2024,206.59
13/08/2024,207.57
14/08/2024,207.85
15/08/2024,205.29
16/08/2024,207.88
19/08/2024,208.87
20/08/2024,208.7
21/08/2024,209.4
22/08/2024,209.62
23/08/2024,207.05
26/08/2024,208.43
27/08/2024,212.4
28/08/2024,215.12
29/08/2024,214.1
30/08/2024,215.74
03/09/2024,212.64
04/09/2024,216
05/09/2024,219.38
06/09/2024,220.5
09/09/2024,218.54
10/09/2024,218.48
11/09/2024,218.59
12/09/2024,217.3
13/09/2024,216.99
16/09/2024,218.53
17/09/2024,218.18
18/09/2024,216.3
19/09/2024,214.76
20/09/2024,213.16
23/09/2024,215.86
24/09/2024,218.16
25/09/2024,217.52
26/09/2024,218.47
27/09/2024,218.3
30/09/2024,220.65
01/10/2024,225.28
02/10/2024,223.57
03/10/2024,224.27
04/10/2024,224.43
07/10/2024,221.73
08/10/2024,221.68
09/10/2024,221.46
10/10/2024,221.25
11/10/2024,221.72
14/10/2024,224.2
15/10/2024,224.82
16/10/2024,227.17
17/10/2024,227.23
18/10/2024,228.32
21/10/2024,227.05
22/10/2024,226.17
23/10/2024,227.14
24/10/2024,229.69
25/10/2024,226.14
28/10/2024,228.12
29/10/2024,227.09
30/10/2024,227.26
31/10/2024,225.36
01/11/2024,223.61
04/11/2024,223.08
05/11/2024,225.19
06/11/2024,221.17
07/11/2024,222.04
08/11/2024,225.66
11/11/2024,225.93
12/11/2024,226.31
13/11/2024,228.14
14/11/2024,223.42
15/11/2024,225.28
18/11/2024,227.56
19/11/2024,229.66
20/11/2024,228
21/11/2024,226.56
22/11/2024,229.04
25/11/2024,229.37
26/11/2024,234.39
27/11/2024,237.33
29/11/2024,238
02/12/2024,235.61
03/12/2024,240.73
04/12/2024,243
05/12/2024,246.02
06/12/2024,239.38
09/12/2024,236.72
10/12/2024,239.19
11/12/2024,234.3
12/12/2024,235.95
13/12/2024,237.19
16/12/2024,235.92
17/12/2024,235.99
18/12/2024,237.08
19/12/2024,236.82
20/12/2024,238.53
23/12/2024,238.01
24/12/2024,239.47
26/12/2024,239.21
27/12/2024,233.5
30/12/2024,231.53
31/12/2024,232.23
02/01/2025,232.72
03/01/2025,232.5
06/01/2025,225.82
07/01/2025,227.01
08/01/2025,229.3
10/01/2025,229.2
13/01/2025,229.45
14/01/2025,231.73
15/01/2025,227.88
16/01/2025,232.31
17/01/2025,232.71
21/01/2025,232.25
22/01/2025,232.53
23/01/2025,233.38
24/01/2025,234.68
27/01/2025,236.95
28/01/2025,234.39
29/01/2025,232.5
30/01/2025,235.92
31/01/2025,236.52
03/02/2025,240.65
04/02/2025,242.53
05/02/2025,241.64
06/02/2025,244.41
07/02/2025,244.83
10/02/2025,241.81
11/02/2025,241.74
12/02/2025,248.96
13/02/2025,250.11
14/02/2025,245.48
18/02/2025,247.85
19/02/2025,250.75
20/02/2025,248.32
21/02/2025,248.87
24/02/2025,247.75
25/02/2025,250.82
26/02/2025,247.99
27/02/2025,249.85
28/02/2025,253.77
03/03/2025,256.88
04/03/2025,251.98
05/03/2025,254.48
06/03/2025,254.04
07/03/2025,254.57
10/03/2025,262.28
11/03/2025,260.43
12/03/2025,256.72
13/03/2025,259.84
14/03/2025,258.68
17/03/2025,263.58
18/03/2025,266.49
19/03/2025,265.47
20/03/2025,266.54
21/03/2025,263.35
24/03/2025,262.94
25/03/2025,262.06
26/03/2025,262.72
27/03/2025,261.85
28/03/2025,262.22
31/03/2025,265.29
01/04/2025,262.24
02/04/2025,262.54
03/04/2025,268.36
04/04/2025,254.46
07/04/2025,252.37
08/04/2025,255.03
09/04/2025,254.13
10/04/2025,258.39
11/04/2025,261.54
14/04/2025,263.69
15/04/2025,262.87
16/04/2025,261.39
17/04/2025,262.53
21/04/2025,260.33
22/04/2025,265.56
23/04/2025,261.48
24/04/2025,263.27
25/04/2025,266.3
28/04/2025,267.92
29/04/2025,272.36
30/04/2025,277.08
01/05/2025,277.11
02/05/2025,280.45
05/05/2025,282.56
06/05/2025,282.98
07/05/2025,284.82
08/05/2025,281.99
09/05/2025,284.35
12/05/2025,270.47
13/05/2025,268.34
14/05/2025,266.28
15/05/2025,274
16/05/2025,276.29
19/05/2025,277.94
20/05/2025,277.87
21/05/2025,281.74
22/05/2025,282
23/05/2025,284.07
27/05/2025,284.36
28/05/2025,285.98
29/05/2025,285.87
30/05/2025,289
02/06/2025,290.71
03/06/2025,282.31
04/06/2025,277.88
05/06/2025,274.9
06/06/2025,274.24
09/06/2025,268.35
10/06/2025,266.1
11/06/2025,269.65
12/06/2025,270.96
13/06/2025,269.5
16/06/2025,267.51
17/06/2025,269.7
18/06/2025,272.1
20/06/2025,273.99
23/06/2025,272.66
24/06/2025,271.38
25/06/2025,273.03
26/06/2025,272.83
27/06/2025,274.76
30/06/2025,275.62
01/07/2025,275.42
02/07/2025,275.82
03/07/2025,276.7
07/07/2025,282.55
08/07/2025,275.63
09/07/2025,275.64
10/07/2025,275.19
11/07/2025,275.08
14/07/2025,277.06
15/07/2025,275
16/07/2025,277.53
17/07/2025,277.82
18/07/2025,274.7
21/07/2025,275
22/07/2025,274.64
23/07/2025,276.48
24/07/2025,277.18
25/07/2025,279.55
28/07/2025,274.12
29/07/2025,274.6
30/07/2025,277.74
31/07/2025,278.28
01/08/2025,280.76
04/08/2025,287.1
05/08/2025,284.61
06/08/2025,281.35
07/08/2025,280.95
08/08/2025,282.21
11/08/2025,285.75
12/08/2025,275.88
13/08/2025,273.92
14/08/2025,274.7
15/08/2025,273.92
18/08/2025,270.41
19/08/2025,271.49
20/08/2025,274.61
21/08/2025,273.32
22/08/2025,269.52
25/08/2025,271.39
26/08/2025,271.61
27/08/2025,270.12
28/08/2025,266.77
29/08/2025,266.51
02/09/2025,265.4
03/09/2025,269.35
04/09/2025,267.43
05/09/2025,261.94
08/09/2025,262.58
09/09/2025,261.53
10/09/2025,259.91
11/09/2025,262.38
12/09/2025,262.3
15/09/2025,258.83
16/09/2025,259.83
17/09/2025,262.4
18/09/2025,260.59
19/09/2025,261.53
22/09/2025,261.08
23/09/2025,261.96
24/09/2025,264.43
25/09/2025,268.73
26/09/2025,270.28
29/09/2025,272.24
30/09/2025,270.19
01/10/2025,265.84
02/10/2025,265.43
03/10/2025,264.67
06/10/2025,262.05
07/10/2025,263.6
08/10/2025,264.94
09/10/2025,268.84
10/10/2025,271.45
13/10/2025,271.28
14/10/2025,267.18
15/10/2025,268.15
16/10/2025,262.51
17/10/2025,267.93
20/10/2025,267.62
21/10/2025,268.61
22/10/2025,267.81
23/10/2025,268.9
24/10/2025,269.54
27/10/2025,271.09
28/10/2025,266.33
29/10/2025,261.53
30/10/2025,262.89
31/10/2025,265.49
03/11/2025,264.16
04/11/2025,267.85
05/11/2025,268
06/11/2025,271.42
07/11/2025,276.5
10/11/2025,277.28
11/11/2025,278.84
12/11/2025,279.58
13/11/2025,283.54
14/11/2025,285.04
17/11/2025,279.13
18/11/2025,279.28
19/11/2025,272.49
20/11/2025,275.21
21/11/2025,273.09
24/11/2025,275.68
25/11/2025,276.98
26/11/2025,280.87
28/11/2025,281.46
01/12/2025,278.99
02/12/2025,277.49
03/12/2025,274.34
04/12/2025,273.19
05/12/2025,270.87
08/12/2025,270.42
09/12/2025,270.12
10/12/2025,266.33
11/12/2025,272.4
12/12/2025,273.55
15/12/2025,272.18
16/12/2025,272.95
17/12/2025,273.74
18/12/2025,266.03
19/12/2025,269.09
22/12/2025,273.2
23/12/2025,275.53
24/12/2025,276.38
26/12/2025,276.73
29/12/2025,278.42
30/12/2025,275.83
31/12/2025,273.08
