data,ipca
01/01/2020,0.21
02/01/2020,0.21
03/01/2020,0.21
04/01/2020,0.21
05/01/2020,0.21
06/01/2020,0.21
07/01/2020,0.21
08/01/2020,0.21
09/01/2020,0.21
10/01/2020,0.21
11/01/2020,0.21
12/01/2020,0.21
13/01/2020,0.21
14/01/2020,0.21
15/01/2020,0.21
16/01/2020,0.21
17/01/2020,0.21
18/01/2020,0.21
19/01/2020,0.21
20/01/2020,0.21
21/01/2020,0.21
22/01/2020,0.21
23/01/2020,0.21
24/01/2020,0.21
25/01/2020,0.21
26/01/2020,0.21
27/01/2020,0.21
28/01/2020,0.21
29/01/2020,0.21
30/01/2020,0.21
31/01/2020,0.21
01/02/2020,0.25
02/02/2020,0.25
03/02/2020,0.25
04/02/2020,0.25
05/02/2020,0.25
06/02/2020,0.25
07/02/2020,0.25
08/02/2020,0.25
09/02/2020,0.25
10/02/2020,0.25
11/02/2020,0.25
12/02/2020,0.25
13/02/2020,0.25
14/02/2020,0.25
15/02/2020,0.25
16/02/2020,0.25
17/02/2020,0.25
18/02/2020,0.25
19/02/2020,0.25
20/02/2020,0.25
21/02/2020,0.25
22/02/2020,0.25
23/02/2020,0.25
24/02/2020,0.25
25/02/2020,0.25
26/02/2020,0.25
27/02/2020,0.25
28/02/2020,0.25
29/02/2020,0.25
01/03/2020,0.07
02/03/2020,0.07
03/03/2020,0.07
04/03/2020,0.07
05/03/2020,0.07
06/03/2020,0.07
07/03/2020,0.07
08/03/2020,0.07
09/03/2020,0.07
10/03/2020,0.07
11/03/2020,0.07
12/03/2020,0.07
13/03/2020,0.07
14/03/2020,0.07
15/03/2020,0.07
16/03/2020,0.07
17/03/2020,0.07
18/03/2020,0.07
19/03/2020,0.07
20/03/2020,0.07
21/03/2020,0.07
22/03/2020,0.07
23/03/2020,0.07
24/03/2020,0.07
25/03/2020,0.07
26/03/2020,0.07
27/03/2020,0.07
28/03/2020,0.07
29/03/2020,0.07
30/03/2020,0.07
31/03/2020,0.07
01/04/2020,-0.31
02/04/2020,-0.31
03/04/2020,-0.31
04/04/2020,-0.31
05/04/2020,-0.31
06/04/2020,-0.31
07/04/2020,-0.31
08/04/2020,-0.31
09/04/2020,-0.31
10/04/2020,-0.31
11/04/2020,-0.31
12/04/2020,-0.31
13/04/2020,-0.31
14/04/2020,-0.31
15/04/2020,-0.31
16/04/2020,-0.31
17/04/2020,-0.31
18/04/2020,-0.31
19/04/2020,-0.31
20/04/2020,-0.31
21/04/2020,-0.31
22/04/2020,-0.31
23/04/2020,-0.31
24/04/2020,-0.31
25/04/2020,-0.31
26/04/2020,-0.31
27/04/2020,-0.31
28/04/2020,-0.31
29/04/2020,-0.31
30/04/2020,-0.31
01/05/2020,-0.38
02/05/2020,-0.38
03/05/2020,-0.38
04/05/2020,-0.38
05/05/2020,-0.38
06/05/2020,-0.38
07/05/2020,-0.38
08/05/2020,-0.38
09/05/2020,-0.38
10/05/2020,-0.38
11/05/2020,-0.38
12/05/2020,-0.38
13/05/2020,-0.38
14/05/2020,-0.38
15/05/2020,-0.38
16/05/2020,-0.38
17/05/2020,-0.38
18/05/2020,-0.38
19/05/2020,-0.38
20/05/2020,-0.38
21/05/2020,-0.38
22/05/2020,-0.38
23/05/2020,-0.38
24/05/2020,-0.38
25/05/2020,-0.38
26/05/2020,-0.38
27/05/2020,-0.38
28/05/2020,-0.38
29/05/2020,-0.38
30/05/2020,-0.38
31/05/2020,-0.38
01/06/2020,0.26
02/06/2020,0.26
03/06/2020,0.26
04/06/2020,0.26
05/06/2020,0.26
06/06/2020,0.26
07/06/2020,0.26
08/06/2020,0.26
09/06/2020,0.26
10/06/2020,0.26
11/06/2020,0.26
12/06/2020,0.26
13/06/2020,0.26
14/06/2020,0.26
15/06/2020,0.26
16/06/2020,0.26
17/06/2020,0.26
18/06/2020,0.26
19/06/2020,0.26
20/06/2020,0.26
21/06/2020,0.26
22/06/2020,0.26
23/06/2020,0.26
24/06/2020,0.26
25/06/2020,0.26
26/06/2020,0.26
27/06/2020,0.26
28/06/2020,0.26
29/06/2020,0.26
30/06/2020,0.26
01/07/2020,0.36
02/07/2020,0.36
03/07/2020,0.36
04/07/2020,0.36
05/07/2020,0.36
06/07/2020,0.36
07/07/2020,0.36
08/07/2020,0.36
09/07/2020,0.36
10/07/2020,0.36
11/07/2020,0.36
12/07/2020,0.36
13/07/2020,0.36
14/07/2020,0.36
15/07/2020,0.36
16/07/2020,0.36
17/07/2020,0.36
18/07/2020,0.36
19/07/2020,0.36
20/07/2020,0.36
21/07/2020,0.36
22/07/2020,0.36
23/07/2020,0.36
24/07/2020,0.36
25/07/2020,0.36
26/07/2020,0.36
27/07/2020,0.36
28/07/2020,0.36
29/07/2020,0.36
30/07/2020,0.36
31/07/2020,0.36
01/08/2020,0.24
02/08/2020,0.24
03/08/2020,0.24
04/08/2020,0.24
05/08/2020,0.24
06/08/2020,0.24
07/08/2020,0.24
08/08/2020,0.24
09/08/2020,0.24
10/08/2020,0.24
11/08/2020,0.24
12/08/2020,0.24
13/08/2020,0.24
14/08/2020,0.24
15/08/2020,0.24
16/08/2020,0.24
17/08/2020,0.24
18/08/2020,0.24
19/08/2020,0.24
20/08/2020,0.24
21/08/2020,0.24
22/08/2020,0.24
23/08/2020,0.24
24/08/2020,0.24
25/08/2020,0.24
26/08/2020,0.24
27/08/2020,0.24
28/08/2020,0.24
29/08/2020,0.24
30/08/2020,0.24
31/08/2020,0.24
01/09/2020,0.64
02/09/2020,0.64
03/09/2020,0.64
04/09/2020,0.64
05/09/2020,0.64
06/09/2020,0.64
07/09/2020,0.64
08/09/2020,0.64
09/09/2020,0.64
10/09/2020,0.64
11/09/2020,0.64
12/09/2020,0.64
13/09/2020,0.64
14/09/2020,0.64
15/09/2020,0.64
16/09/2020,0.64
17/09/2020,0.64
18/09/2020,0.64
19/09/2020,0.64
20/09/2020,0.64
21/09/2020,0.64
22/09/2020,0.64
23/09/2020,0.64
24/09/2020,0.64
25/09/2020,0.64
26/09/2020,0.64
27/09/2020,0.64
28/09/2020,0.64
29/09/2020,0.64
30/09/2020,0.64
01/10/2020,0.86
02/10/2020,0.86
03/10/2020,0.86
04/10/2020,0.86
05/10/2020,0.86
06/10/2020,0.86
07/10/2020,0.86
08/10/2020,0.86
09/10/2020,0.86
10/10/2020,0.86
11/10/2020,0.86
12/10/2020,0.86
13/10/2020,0.86
14/10/2020,0.86
15/10/2020,0.86
16/10/2020,0.86
17/10/2020,0.86
18/10/2020,0.86
19/10/2020,0.86
20/10/2020,0.86
21/10/2020,0.86
22/10/2020,0.86
23/10/2020,0.86
24/10/2020,0.86
25/10/2020,0.86
26/10/2020,0.86
27/10/2020,0.86
28/10/2020,0.86
29/10/2020,0.86
30/10/2020,0.86
31/10/2020,0.86
01/11/2020,0.89
02/11/2020,0.89
03/11/2020,0.89
04/11/2020,0.89
05/11/2020,0.89
06/11/2020,0.89
07/11/2020,0.89
08/11/2020,0.89
09/11/2020,0.89
10/11/2020,0.89
11/11/2020,0.89
12/11/2020,0.89
13/11/2020,0.89
14/11/2020,0.89
15/11/2020,0.89
16/11/2020,0.89
17/11/2020,0.89
18/11/2020,0.89
19/11/2020,0.89
20/11/2020,0.89
21/11/2020,0.89
22/11/2020,0.89
23/11/2020,0.89
24/11/2020,0.89
25/11/2020,0.89
26/11/2020,0.89
27/11/2020,0.89
28/11/2020,0.89
29/11/2020,0.89
30/11/2020,0.89
01/12/2020,1.35
02/12/2020,1.35
03/12/2020,1.35
04/12/2020,1.35
05/12/2020,1.35
06/12/2020,1.35
07/12/2020,1.35
08/12/2020,1.35
09/12/2020,1.35
10/12/2020,1.35
11/12/2020,1.35
12/12/2020,1.35
13/12/2020,1.35
14/12/2020,1.35
15/12/2020,1.35
16/12/2020,1.35
17/12/2020,1.35
18/12/2020,1.35
19/12/2020,1.35
20/12/2020,1.35
21/12/2020,1.35
22/12/2020,1.35
23/12/2020,1.35
24/12/2020,1.35
25/12/2020,1.35
26/12/2020,1.35
27/12/2020,1.35
28/12/2020,1.35
29/12/2020,1.35
30/12/2020,1.35
31/12/2020,1.35
01/01/2021,0.25
02/01/2021,0.25
03/01/2021,0.25
04/01/2021,0.25
05/01/2021,0.25
06/01/2021,0.25
07/01/2021,0.25
08/01/2021,0.25
09/01/2021,0.25
10/01/2021,0.25
11/01/2021,0.25
12/01/2021,0.25
13/01/2021,0.25
14/01/2021,0.25
15/01/2021,0.25
16/01/2021,0.25
17/01/2021,0.25
18/01/2021,0.25
19/01/2021,0.25
20/01/2021,0.25
21/01/2021,0.25
22/01/2021,0.25
23/01/2021,0.25
24/01/2021,0.25
25/01/2021,0.25
26/01/2021,0.25
27/01/2021,0.25
28/01/2021,0.25
29/01/2021,0.25
30/01/2021,0.25
31/01/2021,0.25
01/02/2021,0.86
02/02/2021,0.86
03/02/2021,0.86
04/02/2021,0.86
05/02/2021,0.86
06/02/2021,0.86
07/02/2021,0.86
08/02/2021,0.86
09/02/2021,0.86
10/02/2021,0.86
11/02/2021,0.86
12/02/2021,0.86
13/02/2021,0.86
14/02/2021,0.86
15/02/2021,0.86
16/02/2021,0.86
17/02/2021,0.86
18/02/2021,0.86
19/02/2021,0.86
20/02/2021,0.86
21/02/2021,0.86
22/02/2021,0.86
23/02/2021,0.86
24/02/2021,0.86
25/02/2021,0.86
26/02/2021,0.86
27/02/2021,0.86
28/02/2021,0.86
01/03/2021,0.93
02/03/2021,0.93
03/03/2021,0.93
04/03/2021,0.93
05/03/2021,0.93
06/03/2021,0.93
07/03/2021,0.93
08/03/2021,0.93
09/03/2021,0.93
10/03/2021,0.93
11/03/2021,0.93
12/03/2021,0.93
13/03/2021,0.93
14/03/2021,0.93
15/03/2021,0.93
16/03/2021,0.93
17/03/2021,0.93
18/03/2021,0.93
19/03/2021,0.93
20/03/2021,0.93
21/03/2021,0.93
22/03/2021,0.93
23/03/2021,0.93
24/03/2021,0.93
25/03/2021,0.93
26/03/2021,0.93
27/03/2021,0.93
28/03/2021,0.93
29/03/2021,0.93
30/03/2021,0.93
31/03/2021,0.93
01/04/2021,0.31
02/04/2021,0.31
03/04/2021,0.31
04/04/2021,0.31
05/04/2021,0.31
06/04/2021,0.31
07/04/2021,0.31
08/04/2021,0.31
09/04/2021,0.31
10/04/2021,0.31
11/04/2021,0.31
12/04/2021,0.31
13/04/2021,0.31
14/04/2021,0.31
15/04/2021,0.31
16/04/2021,0.31
17/04/2021,0.31
18/04/2021,0.31
19/04/2021,0.31
20/04/2021,0.31
21/04/2021,0.31
22/04/2021,0.31
23/04/2021,0.31
24/04/2021,0.31
25/04/2021,0.31
26/04/2021,0.31
27/04/2021,0.31
28/04/2021,0.31
29/04/2021,0.31
30/04/2021,0.31
01/05/2021,0.83
02/05/2021,0.83
03/05/2021,0.83
04/05/2021,0.83
05/05/2021,0.83
06/05/2021,0.83
07/05/2021,0.83
08/05/2021,0.83
09/05/2021,0.83
10/05/2021,0.83
11/05/2021,0.83
12/05/2021,0.83
13/05/2021,0.83
14/05/2021,0.83
15/05/2021,0.83
16/05/2021,0.83
17/05/2021,0.83
18/05/2021,0.83
19/05/2021,0.83
20/05/2021,0.83
21/05/2021,0.83
22/05/2021,0.83
23/05/2021,0.83
24/05/2021,0.83
25/05/2021,0.83
26/05/2021,0.83
27/05/2021,0.83
28/05/2021,0.83
29/05/2021,0.83
30/05/2021,0.83
31/05/2021,0.83
01/06/2021,0.53
02/06/2021,0.53
03/06/2021,0.53
04/06/2021,0.53
05/06/2021,0.53
06/06/2021,0.53
07/06/2021,0.53
08/06/2021,0.53
09/06/2021,0.53
10/06/2021,0.53
11/06/2021,0.53
12/06/2021,0.53
13/06/2021,0.53
14/06/2021,0.53
15/06/2021,0.53
16/06/2021,0.53
17/06/2021,0.53
18/06/2021,0.53
19/06/2021,0.53
20/06/2021,0.53
21/06/2021,0.53
22/06/2021,0.53
23/06/2021,0.53
24/06/2021,0.53
25/06/2021,0.53
26/06/2021,0.53
27/06/2021,0.53
28/06/2021,0.53
29/06/2021,0.53
30/06/2021,0.53
01/07/2021,0.96
02/07/2021,0.96
03/07/2021,0.96
04/07/2021,0.96
05/07/2021,0.96
06/07/2021,0.96
07/07/2021,0.96
08/07/2021,0.96
09/07/2021,0.96
10/07/2021,0.96
11/07/2021,0.96
12/07/2021,0.96
13/07/2021,0.96
14/07/2021,0.96
15/07/2021,0.96
16/07/2021,0.96
17/07/2021,0.96
18/07/2021,0.96
19/07/2021,0.96
20/07/2021,0.96
21/07/2021,0.96
22/07/2021,0.96
23/07/2021,0.96
24/07/2021,0.96
25/07/2021,0.96
26/07/2021,0.96
27/07/2021,0.96
28/07/2021,0.96
29/07/2021,0.96
30/07/2021,0.96
31/07/2021,0.96
01/08/2021,0.87
02/08/2021,0.87
03/08/2021,0.87
04/08/2021,0.87
05/08/2021,0.87
06/08/2021,0.87
07/08/2021,0.87
08/08/2021,0.87
09/08/2021,0.87
10/08/2021,0.87
11/08/2021,0.87
12/08/2021,0.87
13/08/2021,0.87
14/08/2021,0.87
15/08/2021,0.87
16/08/2021,0.87
17/08/2021,0.87
18/08/2021,0.87
19/08/2021,0.87
20/08/2021,0.87
21/08/2021,0.87
22/08/2021,0.87
23/08/2021,0.87
24/08/2021,0.87
25/08/2021,0.87
26/08/2021,0.87
27/08/2021,0.87
28/08/2021,0.87
29/08/2021,0.87
30/08/2021,0.87
31/08/2021,0.87
01/09/2021,1.16
02/09/2021,1.16
03/09/2021,1.16
04/09/2021,1.16
05/09/2021,1.16
06/09/2021,1.16
07/09/2021,1.16
08/09/2021,1.16
09/09/2021,1.16
10/09/2021,1.16
11/09/2021,1.16
12/09/2021,1.16
13/09/2021,1.16
14/09/2021,1.16
15/09/2021,1.16
16/09/2021,1.16
17/09/2021,1.16
18/09/2021,1.16
19/09/2021,1.16
20/09/2021,1.16
21/09/2021,1.16
22/09/2021,1.16
23/09/2021,1.16
24/09/2021,1.16
25/09/2021,1.16
26/09/2021,1.16
27/09/2021,1.16
28/09/2021,1.16
29/09/2021,1.16
30/09/2021,1.16
01/10/2021,1.25
02/10/2021,1.25
03/10/2021,1.25
04/10/2021,1.25
05/10/2021,1.25
06/10/2021,1.25
07/10/2021,1.25
08/10/2021,1.25
09/10/2021,1.25
10/10/2021,1.25
11/10/2021,1.25
12/10/2021,1.25
13/10/2021,1.25
14/10/2021,1.25
15/10/2021,1.25
16/10/2021,1.25
17/10/2021,1.25
18/10/2021,1.25
19/10/2021,1.25
20/10/2021,1.25
21/10/2021,1.25
22/10/2021,1.25
23/10/2021,1.25
24/10/2021,1.25
25/10/2021,1.25
26/10/2021,1.25
27/10/2021,1.25
28/10/2021,1.25
29/10/2021,1.25
30/10/2021,1.25
31/10/2021,1.25
01/11/2021,0.95
02/11/2021,0.95
03/11/2021,0.95
04/11/2021,0.95
05/11/2021,0.95
06/11/2021,0.95
07/11/2021,0.95
08/11/2021,0.95
09/11/2021,0.95
10/11/2021,0.95
11/11/2021,0.95
12/11/2021,0.95
13/11/2021,0.95
14/11/2021,0.95
15/11/2021,0.95
16/11/2021,0.95
17/11/2021,0.95
18/11/2021,0.95
19/11/2021,0.95
20/11/2021,0.95
21/11/2021,0.95
22/11/2021,0.95
23/11/2021,0.95
24/11/2021,0.95
25/11/2021,0.95
26/11/2021,0.95
27/11/2021,0.95
28/11/2021,0.95
29/11/2021,0.95
30/11/2021,0.95
01/12/2021,0.73
02/12/2021,0.73
03/12/2021,0.73
04/12/2021,0.73
05/12/2021,0.73
06/12/2021,0.73
07/12/2021,0.73
08/12/2021,0.73
09/12/2021,0.73
10/12/2021,0.73
11/12/2021,0.73
12/12/2021,0.73
13/12/2021,0.73
14/12/2021,0.73
15/12/2021,0.73
16/12/2021,0.73
17/12/2021,0.73
18/12/2021,0.73
19/12/2021,0.73
20/12/2021,0.73
21/12/2021,0.73
22/12/2021,0.73
23/12/2021,0.73
24/12/2021,0.73
25/12/2021,0.73
26/12/2021,0.73
27/12/2021,0.73
28/12/2021,0.73
29/12/2021,0.73
30/12/2021,0.73
31/12/2021,0.73
01/01/2022,0.54
02/01/2022,0.54
03/01/2022,0.54
04/01/2022,0.54
05/01/2022,0.54
06/01/2022,0.54
07/01/2022,0.54
08/01/2022,0.54
09/01/2022,0.54
10/01/2022,0.54
11/01/2022,0.54
12/01/2022,0.54
13/01/2022,0.54
14/01/2022,0.54
15/01/2022,0.54
16/01/2022,0.54
17/01/2022,0.54
18/01/2022,0.54
19/01/2022,0.54
20/01/2022,0.54
21/01/2022,0.54
22/01/2022,0.54
23/01/2022,0.54
24/01/2022,0.54
25/01/2022,0.54
26/01/2022,0.54
27/01/2022,0.54
28/01/2022,0.54
29/01/2022,0.54
30/01/2022,0.54
31/01/2022,0.54
01/02/2022,1.01
02/02/2022,1.01
03/02/2022,1.01
04/02/2022,1.01
05/02/2022,1.01
06/02/2022,1.01
07/02/2022,1.01
08/02/2022,1.01
09/02/2022,1.01
10/02/2022,1.01
11/02/2022,1.01
12/02/2022,1.01
13/02/2022,1.01
14/02/2022,1.01
15/02/2022,1.01
16/02/2022,1.01
17/02/2022,1.01
18/02/2022,1.01
19/02/2022,1.01
20/02/2022,1.01
21/02/2022,1.01
22/02/2022,1.01
23/02/2022,1.01
24/02/2022,1.01
25/02/2022,1.01
26/02/2022,1.01
27/02/2022,1.01
28/02/2022,1.01
01/03/2022,1.62
02/03/2022,1.62
03/03/2022,1.62
04/03/2022,1.62
05/03/2022,1.62
06/03/2022,1.62
07/03/2022,1.62
08/03/2022,1.62
09/03/2022,1.62
10/03/2022,1.62
11/03/2022,1.62
12/03/2022,1.62
13/03/2022,1.62
14/03/2022,1.62
15/03/2022,1.62
16/03/2022,1.62
17/03/2022,1.62
18/03/2022,1.62
19/03/2022,1.62
20/03/2022,1.62
21/03/2022,1.62
22/03/2022,1.62
23/03/2022,1.62
24/03/2022,1.62
25/03/2022,1.62
26/03/2022,1.62
27/03/2022,1.62
28/03/2022,1.62
29/03/2022,1.62
30/03/2022,1.62
31/03/2022,1.62
01/04/2022,1.06
02/04/2022,1.06
03/04/2022,1.06
04/04/2022,1.06
05/04/2022,1.06
06/04/2022,1.06
07/04/2022,1.06
08/04/2022,1.06
09/04/2022,1.06
10/04/2022,1.06
11/04/2022,1.06
12/04/2022,1.06
13/04/2022,1.06
14/04/2022,1.06
15/04/2022,1.06
16/04/2022,1.06
17/04/2022,1.06
18/04/2022,1.06
19/04/2022,1.06
20/04/2022,1.06
21/04/2022,1.06
22/04/2022,1.06
23/04/2022,1.06
24/04/2022,1.06
25/04/2022,1.06
26/04/2022,1.06
27/04/2022,1.06
28/04/2022,1.06
29/04/2022,1.06
30/04/2022,1.06
01/05/2022,0.47
02/05/2022,0.47
03/05/2022,0.47
04/05/2022,0.47
05/05/2022,0.47
06/05/2022,0.47
07/05/2022,0.47
08/05/2022,0.47
09/05/2022,0.47
10/05/2022,0.47
11/05/2022,0.47
12/05/2022,0.47
13/05/2022,0.47
14/05/2022,0.47
15/05/2022,0.47
16/05/2022,0.47
17/05/2022,0.47
18/05/2022,0.47
19/05/2022,0.47
20/05/2022,0.47
21/05/2022,0.47
22/05/2022,0.47
23/05/2022,0.47
24/05/2022,0.47
25/05/2022,0.47
26/05/2022,0.47
27/05/2022,0.47
28/05/2022,0.47
29/05/2022,0.47
30/05/2022,0.47
31/05/2022,0.47
01/06/2022,0.67
02/06/2022,0.67
03/06/2022,0.67
04/06/2022,0.67
05/06/2022,0.67
06/06/2022,0.67
07/06/2022,0.67
08/06/2022,0.67
09/06/2022,0.67
10/06/2022,0.67
11/06/2022,0.67
12/06/2022,0.67
13/06/2022,0.67
14/06/2022,0.67
15/06/2022,0.67
16/06/2022,0.67
17/06/2022,0.67
18/06/2022,0.67
19/06/2022,0.67
20/06/2022,0.67
21/06/2022,0.67
22/06/2022,0.67
23/06/2022,0.67
24/06/2022,0.67
25/06/2022,0.67
26/06/2022,0.67
27/06/2022,0.67
28/06/2022,0.67
29/06/2022,0.67
30/06/2022,0.67
01/07/2022,-0.68
02/07/2022,-0.68
03/07/2022,-0.68
04/07/2022,-0.68
05/07/2022,-0.68
06/07/2022,-0.68
07/07/2022,-0.68
08/07/2022,-0.68
09/07/2022,-0.68
10/07/2022,-0.68
11/07/2022,-0.68
12/07/2022,-0.68
13/07/2022,-0.68
14/07/2022,-0.68
15/07/2022,-0.68
16/07/2022,-0.68
17/07/2022,-0.68
18/07/2022,-0.68
19/07/2022,-0.68
20/07/2022,-0.68
21/07/2022,-0.68
22/07/2022,-0.68
23/07/2022,-0.68
24/07/2022,-0.68
25/07/2022,-0.68
26/07/2022,-0.68
27/07/2022,-0.68
28/07/2022,-0.68
29/07/2022,-0.68
30/07/2022,-0.68
31/07/2022,-0.68
01/08/2022,-0.36
02/08/2022,-0.36
03/08/2022,-0.36
04/08/2022,-0.36
05/08/2022,-0.36
06/08/2022,-0.36
07/08/2022,-0.36
08/08/2022,-0.36
09/08/2022,-0.36
10/08/2022,-0.36
11/08/2022,-0.36
12/08/2022,-0.36
13/08/2022,-0.36
14/08/2022,-0.36
15/08/2022,-0.36
16/08/2022,-0.36
17/08/2022,-0.36
18/08/2022,-0.36
19/08/2022,-0.36
20/08/2022,-0.36
21/08/2022,-0.36
22/08/2022,-0.36
23/08/2022,-0.36
24/08/2022,-0.36
25/08/2022,-0.36
26/08/2022,-0.36
27/08/2022,-0.36
28/08/2022,-0.36
29/08/2022,-0.36
30/08/2022,-0.36
31/08/2022,-0.36
01/09/2022,-0.29
02/09/2022,-0.29
03/09/2022,-0.29
04/09/2022,-0.29
05/09/2022,-0.29
06/09/2022,-0.29
07/09/2022,-0.29
08/09/2022,-0.29
09/09/2022,-0.29
10/09/2022,-0.29
11/09/2022,-0.29
12/09/2022,-0.29
13/09/2022,-0.29
14/09/2022,-0.29
15/09/2022,-0.29
16/09/2022,-0.29
17/09/2022,-0.29
18/09/2022,-0.29
19/09/2022,-0.29
20/09/2022,-0.29
21/09/2022,-0.29
22/09/2022,-0.29
23/09/2022,-0.29
24/09/2022,-0.29
25/09/2022,-0.29
26/09/2022,-0.29
27/09/2022,-0.29
28/09/2022,-0.29
29/09/2022,-0.29
30/09/2022,-0.29
01/10/2022,0.59
02/10/2022,0.59
03/10/2022,0.59
04/10/2022,0.59
05/10/2022,0.59
06/10/2022,0.59
07/10/2022,0.59
08/10/2022,0.59
09/10/2022,0.59
10/10/2022,0.59
11/10/2022,0.59
12/10/2022,0.59
13/10/2022,0.59
14/10/2022,0.59
15/10/2022,0.59
16/10/2022,0.59
17/10/2022,0.59
18/10/2022,0.59
19/10/2022,0.59
20/10/2022,0.59
21/10/2022,0.59
22/10/2022,0.59
23/10/2022,0.59
24/10/2022,0.59
25/10/2022,0.59
26/10/2022,0.59
27/10/2022,0.59
28/10/2022,0.59
29/10/2022,0.59
30/10/2022,0.59
31/10/2022,0.59
01/11/2022,0.41
02/11/2022,0.41
03/11/2022,0.41
04/11/2022,0.41
05/11/2022,0.41
06/11/2022,0.41
07/11/2022,0.41
08/11/2022,0.41
09/11/2022,0.41
10/11/2022,0.41
11/11/2022,0.41
12/11/2022,0.41
13/11/2022,0.41
14/11/2022,0.41
15/11/2022,0.41
16/11/2022,0.41
17/11/2022,0.41
18/11/2022,0.41
19/11/2022,0.41
20/11/2022,0.41
21/11/2022,0.41
22/11/2022,0.41
23/11/2022,0.41
24/11/2022,0.41
25/11/2022,0.41
26/11/2022,0.41
27/11/2022,0.41
28/11/2022,0.41
29/11/2022,0.41
30/11/2022,0.41
01/12/2022,0.62
02/12/2022,0.62
03/12/2022,0.62
04/12/2022,0.62
05/12/2022,0.62
06/12/2022,0.62
07/12/2022,0.62
08/12/2022,0.62
09/12/2022,0.62
10/12/2022,0.62
11/12/2022,0.62
12/12/2022,0.62
13/12/2022,0.62
14/12/2022,0.62
15/12/2022,0.62
16/12/2022,0.62
17/12/2022,0.62
18/12/2022,0.62
19/12/2022,0.62
20/12/2022,0.62
21/12/2022,0.62
22/12/2022,0.62
23/12/2022,0.62
24/12/2022,0.62
25/12/2022,0.62
26/12/2022,0.62
27/12/2022,0.62
28/12/2022,0.62
29/12/2022,0.62
30/12/2022,0.62
31/12/2022,0.62
01/01/2023,0.53
02/01/2023,0.53
03/01/2023,0.53
04/01/2023,0.53
05/01/2023,0.53
06/01/2023,0.53
07/01/2023,0.53
08/01/2023,0.53
09/01/2023,0.53
10/01/2023,0.53
11/01/2023,0.53
12/01/2023,0.53
13/01/2023,0.53
14/01/2023,0.53
15/01/2023,0.53
16/01/2023,0.53
17/01/2023,0.53
18/01/2023,0.53
19/01/2023,0.53
20/01/2023,0.53
21/01/2023,0.53
22/01/2023,0.53
23/01/2023,0.53
24/01/2023,0.53
25/01/2023,0.53
26/01/2023,0.53
27/01/2023,0.53
28/01/2023,0.53
29/01/2023,0.53
30/01/2023,0.53
31/01/2023,0.53
01/02/2023,0.84
02/02/2023,0.84
03/02/2023,0.84
04/02/2023,0.84
05/02/2023,0.84
06/02/2023,0.84
07/02/2023,0.84
08/02/2023,0.84
09/02/2023,0.84
10/02/2023,0.84
11/02/2023,0.84
12/02/2023,0.84
13/02/2023,0.84
14/02/2023,0.84
15/02/2023,0.84
16/02/2023,0.84
17/02/2023,0.84
18/02/2023,0.84
19/02/2023,0.84
20/02/2023,0.84
21/02/2023,0.84
22/02/2023,0.84
23/02/2023,0.84
24/02/2023,0.84
25/02/2023,0.84
26/02/2023,0.84
27/02/2023,0.84
28/02/2023,0.84
01/03/2023,0.71
02/03/2023,0.71
03/03/2023,0.71
04/03/2023,0.71
05/03/2023,0.71
06/03/2023,0.71
07/03/2023,0.71
08/03/2023,0.71
09/03/2023,0.71
10/03/2023,0.71
11/03/2023,0.71
12/03/2023,0.71
13/03/2023,0.71
14/03/2023,0.71
15/03/2023,0.71
16/03/2023,0.71
17/03/2023,0.71
18/03/2023,0.71
19/03/2023,0.71
20/03/2023,0.71
21/03/2023,0.71
22/03/2023,0.71
23/03/2023,0.71
24/03/2023,0.71
25/03/2023,0.71
26/03/2023,0.71
27/03/2023,0.71
28/03/2023,0.71
29/03/2023,0.71
30/03/2023,0.71
31/03/2023,0.71
01/04/2023,0.61
02/04/2023,0.61
03/04/2023,0.61
04/04/2023,0.61
05/04/2023,0.61
06/04/2023,0.61
07/04/2023,0.61
08/04/2023,0.61
09/04/2023,0.61
10/04/2023,0.61
11/04/2023,0.61
12/04/2023,0.61
13/04/2023,0.61
14/04/2023,0.61
15/04/2023,0.61
16/04/2023,0.61
17/04/2023,0.61
18/04/2023,0.61
19/04/2023,0.61
20/04/2023,0.61
21/04/2023,0.61
22/04/2023,0.61
23/04/2023,0.61
24/04/2023,0.61
25/04/2023,0.61
26/04/2023,0.61
27/04/2023,0.61
28/04/2023,0.61
29/04/2023,0.61
30/04/2023,0.61
01/05/2023,0.23
02/05/2023,0.23
03/05/2023,0.23
04/05/2023,0.23
05/05/2023,0.23
06/05/2023,0.23
07/05/2023,0.23
08/05/2023,0.23
09/05/2023,0.23
10/05/2023,0.23
11/05/2023,0.23
12/05/2023,0.23
13/05/2023,0.23
14/05/2023,0.23
15/05/2023,0.23
16/05/2023,0.23
17/05/2023,0.23
18/05/2023,0.23
19/05/2023,0.23
20/05/2023,0.23
21/05/2023,0.23
22/05/2023,0.23
23/05/2023,0.23
24/05/2023,0.23
25/05/2023,0.23
26/05/2023,0.23
27/05/2023,0.23
28/05/2023,0.23
29/05/2023,0.23
30/05/2023,0.23
31/05/2023,0.23
01/06/2023,-0.08
02/06/2023,-0.08
03/06/2023,-0.08
04/06/2023,-0.08
05/06/2023,-0.08
06/06/2023,-0.08
07/06/2023,-0.08
08/06/2023,-0.08
09/06/2023,-0.08
10/06/2023,-0.08
11/06/2023,-0.08
12/06/2023,-0.08
13/06/2023,-0.08
14/06/2023,-0.08
15/06/2023,-0.08
16/06/2023,-0.08
17/06/2023,-0.08
18/06/2023,-0.08
19/06/2023,-0.08
20/06/2023,-0.08
21/06/2023,-0.08
22/06/2023,-0.08
23/06/2023,-0.08
24/06/2023,-0.08
25/06/2023,-0.08
26/06/2023,-0.08
27/06/2023,-0.08
28/06/2023,-0.08
29/06/2023,-0.08
30/06/2023,-0.08
01/07/2023,0.12
02/07/2023,0.12
03/07/2023,0.12
04/07/2023,0.12
05/07/2023,0.12
06/07/2023,0.12
07/07/2023,0.12
08/07/2023,0.12
09/07/2023,0.12
10/07/2023,0.12
11/07/2023,0.12
12/07/2023,0.12
13/07/2023,0.12
14/07/2023,0.12
15/07/2023,0.12
16/07/2023,0.12
17/07/2023,0.12
18/07/2023,0.12
19/07/2023,0.12
20/07/2023,0.12
21/07/2023,0.12
22/07/2023,0.12
23/07/2023,0.12
24/07/2023,0.12
25/07/2023,0.12
26/07/2023,0.12
27/07/2023,0.12
28/07/2023,0.12
29/07/2023,0.12
30/07/2023,0.12
31/07/2023,0.12
01/08/2023,0.23
02/08/2023,0.23
03/08/2023,0.23
04/08/2023,0.23
05/08/2023,0.23
06/08/2023,0.23
07/08/2023,0.23
08/08/2023,0.23
09/08/2023,0.23
10/08/2023,0.23
11/08/2023,0.23
12/08/2023,0.23
13/08/2023,0.23
14/08/2023,0.23
15/08/2023,0.23
16/08/2023,0.23
17/08/2023,0.23
18/08/2023,0.23
19/08/2023,0.23
20/08/2023,0.23
21/08/2023,0.23
22/08/2023,0.23
23/08/2023,0.23
24/08/2023,0.23
25/08/2023,0.23
26/08/2023,0.23
27/08/2023,0.23
28/08/2023,0.23
29/08/2023,0.23
30/08/2023,0.23
31/08/2023,0.23
01/09/2023,0.26
02/09/2023,0.26
03/09/2023,0.26
04/09/2023,0.26
05/09/2023,0.26
06/09/2023,0.26
07/09/2023,0.26
08/09/2023,0.26
09/09/2023,0.26
10/09/2023,0.26
11/09/2023,0.26
12/09/2023,0.26
13/09/2023,0.26
14/09/2023,0.26
15/09/2023,0.26
16/09/2023,0.26
17/09/2023,0.26
18/09/2023,0.26
19/09/2023,0.26
20/09/2023,0.26
21/09/2023,0.26
22/09/2023,0.26
23/09/2023,0.26
24/09/2023,0.26
25/09/2023,0.26
26/09/2023,0.26
27/09/2023,0.26
28/09/2023,0.26
29/09/2023,0.26
30/09/2023,0.26
01/10/2023,0.24
02/10/2023,0.24
03/10/2023,0.24
04/10/2023,0.24
05/10/2023,0.24
06/10/2023,0.24
07/10/2023,0.24
08/10/2023,0.24
09/10/2023,0.24
10/10/2023,0.24
11/10/2023,0.24
12/10/2023,0.24
13/10/2023,0.24
14/10/2023,0.24
15/10/2023,0.24
16/10/2023,0.24
17/10/2023,0.24
18/10/2023,0.24
19/10/2023,0.24
20/10/2023,0.24
21/10/2023,0.24
22/10/2023,0.24
23/10/2023,0.24
24/10/2023,0.24
25/10/2023,0.24
26/10/2023,0.24
27/10/2023,0.24
28/10/2023,0.24
29/10/2023,0.24
30/10/2023,0.24
31/10/2023,0.24
01/11/2023,0.28
02/11/2023,0.28
03/11/2023,0.28
04/11/2023,0.28
05/11/2023,0.28
06/11/2023,0.28
07/11/2023,0.28
08/11/2023,0.28
09/11/2023,0.28
10/11/2023,0.28
11/11/2023,0.28
12/11/2023,0.28
13/11/2023,0.28
14/11/2023,0.28
15/11/2023,0.28
16/11/2023,0.28
17/11/2023,0.28
18/11/2023,0.28
19/11/2023,0.28
20/11/2023,0.28
21/11/2023,0.28
22/11/2023,0.28
23/11/2023,0.28
24/11/2023,0.28
25/11/2023,0.28
26/11/2023,0.28
27/11/2023,0.28
28/11/2023,0.28
29/11/2023,0.28
30/11/2023,0.28
01/12/2023,0.56
02/12/2023,0.56
03/12/2023,0.56
04/12/2023,0.56
05/12/2023,0.56
06/12/2023,0.56
07/12/2023,0.56
08/12/2023,0.56
09/12/2023,0.56
10/12/2023,0.56
11/12/2023,0.56
12/12/2023,0.56
13/12/2023,0.56
14/12/2023,0.56
15/12/2023,0.56
16/12/2023,0.56
17/12/2023,0.56
18/12/2023,0.56
19/12/2023,0.56
20/12/2023,0.56
21/12/2023,0.56
22/12/2023,0.56
23/12/2023,0.56
24/12/2023,0.56
25/12/2023,0.56
26/12/2023,0.56
27/12/2023,0.56
28/12/2023,0.56
29/12/2023,0.56
30/12/2023,0.56
31/12/2023,0.56
01/01/2024,0.42
02/01/2024,0.42
03/01/2024,0.42
04/01/2024,0.42
05/01/2024,0.42
06/01/2024,0.42
07/01/2024,0.42
08/01/2024,0.42
09/01/2024,0.42
10/01/2024,0.42
11/01/2024,0.42
12/01/2024,0.42
13/01/2024,0.42
14/01/2024,0.42
15/01/2024,0.42
16/01/2024,0.42
17/01/2024,0.42
18/01/2024,0.42
19/01/2024,0.42
20/01/2024,0.42
21/01/2024,0.42
22/01/2024,0.42
23/01/2024,0.42
24/01/2024,0.42
25/01/2024,0.42
26/01/2024,0.42
27/01/2024,0.42
28/01/2024,0.42
29/01/2024,0.42
30/01/2024,0.42
31/01/2024,0.42
01/02/2024,0.83
02/02/2024,0.83
03/02/2024,0.83
04/02/2024,0.83
05/02/2024,0.83
06/02/2024,0.83
07/02/2024,0.83
08/02/2024,0.83
09/02/2024,0.83
10/02/2024,0.83
11/02/2024,0.83
12/02/2024,0.83
13/02/2024,0.83
14/02/2024,0.83
15/02/2024,0.83
16/02/2024,0.83
17/02/2024,0.83
18/02/2024,0.83
19/02/2024,0.83
20/02/2024,0.83
21/02/2024,0.83
22/02/2024,0.83
23/02/2024,0.83
24/02/2024,0.83
25/02/2024,0.83
26/02/2024,0.83
27/02/2024,0.83
28/02/2024,0.83
29/02/2024,0.83
01/03/2024,0.16
02/03/2024,0.16
03/03/2024,0.16
04/03/2024,0.16
05/03/2024,0.16
06/03/2024,0.16
07/03/2024,0.16
08/03/2024,0.16
09/03/2024,0.16
10/03/2024,0.16
11/03/2024,0.16
12/03/2024,0.16
13/03/2024,0.16
14/03/2024,0.16
15/03/2024,0.16
16/03/2024,0.16
17/03/2024,0.16
18/03/2024,0.16
19/03/2024,0.16
20/03/2024,0.16
21/03/2024,0.16
22/03/2024,0.16
23/03/2024,0.16
24/03/2024,0.16
25/03/2024,0.16
26/03/2024,0.16
27/03/2024,0.16
28/03/2024,0.16
29/03/2024,0.16
30/03/2024,0.16
31/03/2024,0.16
01/04/2024,0.38
02/04/2024,0.38
03/04/2024,0.38
04/04/2024,0.38
05/04/2024,0.38
06/04/2024,0.38
07/04/2024,0.38
08/04/2024,0.38
09/04/2024,0.38
10/04/2024,0.38
11/04/2024,0.38
12/04/2024,0.38
13/04/2024,0.38
14/04/2024,0.38
15/04/2024,0.38
16/04/2024,0.38
17/04/2024,0.38
18/04/2024,0.38
19/04/2024,0.38
20/04/2024,0.38
21/04/2024,0.38
22/04/2024,0.38
23/04/2024,0.38
24/04/2024,0.38
25/04/2024,0.38
26/04/2024,0.38
27/04/2024,0.38
28/04/2024,0.38
29/04/2024,0.38
30/04/2024,0.38
01/05/2024,0.46
02/05/2024,0.46
03/05/2024,0.46
04/05/2024,0.46
05/05/2024,0.46
06/05/2024,0.46
07/05/2024,0.46
08/05/2024,0.46
09/05/2024,0.46
10/05/2024,0.46
11/05/2024,0.46
12/05/2024,0.46
13/05/2024,0.46
14/05/2024,0.46
15/05/2024,0.46
16/05/2024,0.46
17/05/2024,0.46
18/05/2024,0.46
19/05/2024,0.46
20/05/2024,0.46
21/05/2024,0.46
22/05/2024,0.46
23/05/2024,0.46
24/05/2024,0.46
25/05/2024,0.46
26/05/2024,0.46
27/05/2024,0.46
28/05/2024,0.46
29/05/2024,0.46
30/05/2024,0.46
31/05/2024,0.46
01/06/2024,0.21
02/06/2024,0.21
03/06/2024,0.21
04/06/2024,0.21
05/06/2024,0.21
06/06/2024,0.21
07/06/2024,0.21
08/06/2024,0.21
09/06/2024,0.21
10/06/2024,0.21
11/06/2024,0.21
12/06/2024,0.21
13/06/2024,0.21
14/06/2024,0.21
15/06/2024,0.21
16/06/2024,0.21
17/06/2024,0.21
18/06/2024,0.21
19/06/2024,0.21
20/06/2024,0.21
21/06/2024,0.21
22/06/2024,0.21
23/06/2024,0.21
24/06/2024,0.21
25/06/2024,0.21
26/06/2024,0.21
27/06/2024,0.21
28/06/2024,0.21
29/06/2024,0.21
30/06/2024,0.21
01/07/2024,0.38
02/07/2024,0.38
03/07/2024,0.38
04/07/2024,0.38
05/07/2024,0.38
06/07/2024,0.38
07/07/2024,0.38
08/07/2024,0.38
09/07/2024,0.38
10/07/2024,0.38
11/07/2024,0.38
12/07/2024,0.38
13/07/2024,0.38
14/07/2024,0.38
15/07/2024,0.38
16/07/2024,0.38
17/07/2024,0.38
18/07/2024,0.38
19/07/2024,0.38
20/07/2024,0.38
21/07/2024,0.38
22/07/2024,0.38
23/07/2024,0.38
24/07/2024,0.38
25/07/2024,0.38
26/07/2024,0.38
27/07/2024,0.38
28/07/2024,0.38
29/07/2024,0.38
30/07/2024,0.38
31/07/2024,0.38
01/08/2024,-0.02
02/08/2024,-0.02
03/08/2024,-0.02
04/08/2024,-0.02
05/08/2024,-0.02
06/08/2024,-0.02
07/08/2024,-0.02
08/08/2024,-0.02
09/08/2024,-0.02
10/08/2024,-0.02
11/08/2024,-0.02
12/08/2024,-0.02
13/08/2024,-0.02
14/08/2024,-0.02
15/08/2024,-0.02
16/08/2024,-0.02
17/08/2024,-0.02
18/08/2024,-0.02
19/08/2024,-0.02
20/08/2024,-0.02
21/08/2024,-0.02
22/08/2024,-0.02
23/08/2024,-0.02
24/08/2024,-0.02
25/08/2024,-0.02
26/08/2024,-0.02
27/08/2024,-0.02
28/08/2024,-0.02
29/08/2024,-0.02
30/08/2024,-0.02
31/08/2024,-0.02
01/09/2024,0.44
02/09/2024,0.44
03/09/2024,0.44
04/09/2024,0.44
05/09/2024,0.44
06/09/2024,0.44
07/09/2024,0.44
08/09/2024,0.44
09/09/2024,0.44
10/09/2024,0.44
11/09/2024,0.44
12/09/2024,0.44
13/09/2024,0.44
14/09/2024,0.44
15/09/2024,0.44
16/09/2024,0.44
17/09/2024,0.44
18/09/2024,0.44
19/09/2024,0.44
20/09/2024,0.44
21/09/2024,0.44
22/09/2024,0.44
23/09/2024,0.44
24/09/2024,0.44
25/09/2024,0.44
26/09/2024,0.44
27/09/2024,0.44
28/09/2024,0.44
29/09/2024,0.44
30/09/2024,0.44
01/10/2024,0.56
02/10/2024,0.56
03/10/2024,0.56
04/10/2024,0.56
05/10/2024,0.56
06/10/2024,0.56
07/10/2024,0.56
08/10/2024,0.56
09/10/2024,0.56
10/10/2024,0.56
11/10/2024,0.56
12/10/2024,0.56
13/10/2024,0.56
14/10/2024,0.56
15/10/2024,0.56
16/10/2024,0.56
17/10/2024,0.56
18/10/2024,0.56
19/10/2024,0.56
20/10/2024,0.56
21/10/2024,0.56
22/10/2024,0.56
23/10/2024,0.56
24/10/2024,0.56
25/10/2024,0.56
26/10/2024,0.56
27/10/2024,0.56
28/10/2024,0.56
29/10/2024,0.56
30/10/2024,0.56
31/10/2024,0.56
01/11/2024,0.39
02/11/2024,0.39
03/11/2024,0.39
04/11/2024,0.39
05/11/2024,0.39
06/11/2024,0.39
07/11/2024,0.39
08/11/2024,0.39
09/11/2024,0.39
10/11/2024,0.39
11/11/2024,0.39
12/11/2024,0.39
13/11/2024,0.39
14/11/2024,0.39
15/11/2024,0.39
16/11/2024,0.39
17/11/2024,0.39
18/11/2024,0.39
19/11/2024,0.39
20/11/2024,0.39
21/11/2024,0.39
22/11/2024,0.39
23/11/2024,0.39
24/11/2024,0.39
25/11/2024,0.39
26/11/2024,0.39
27/11/2024,0.39
28/11/2024,0.39
29/11/2024,0.39
30/11/2024,0.39
01/12/2024,0.52
02/12/2024,0.52
03/12/2024,0.52
04/12/2024,0.52
05/12/2024,0.52
06/12/2024,0.52
07/12/2024,0.52
08/12/2024,0.52
09/12/2024,0.52
10/12/2024,0.52
11/12/2024,0.52
12/12/2024,0.52
13/12/2024,0.52
14/12/2024,0.52
15/12/2024,0.52
16/12/2024,0.52
17/12/2024,0.52
18/12/2024,0.52
19/12/2024,0.52
20/12/2024,0.52
21/12/2024,0.52
22/12/2024,0.52
23/12/2024,0.52
24/12/2024,0.52
25/12/2024,0.52
26/12/2024,0.52
27/12/2024,0.52
28/12/2024,0.52
29/12/2024,0.52
30/12/2024,0.52
31/12/2024,0.52
01/01/2025,0.16
02/01/2025,0.16
03/01/2025,0.16
04/01/2025,0.16
05/01/2025,0.16
06/01/2025,0.16
07/01/2025,0.16
08/01/2025,0.16
09/01/2025,0.16
10/01/2025,0.16
11/01/2025,0.16
12/01/2025,0.16
13/01/2025,0.16
14/01/2025,0.16
15/01/2025,0.16
16/01/2025,0.16
17/01/2025,0.16
18/01/2025,0.16
19/01/2025,0.16
20/01/2025,0.16
21/01/2025,0.16
22/01/2025,0.16
23/01/2025,0.16
24/01/2025,0.16
25/01/2025,0.16
26/01/2025,0.16
27/01/2025,0.16
28/01/2025,0.16
29/01/2025,0.16
30/01/2025,0.16
31/01/2025,0.16
01/02/2025,1.31
02/02/2025,1.31
03/02/2025,1.31
04/02/2025,1.31
05/02/2025,1.31
06/02/2025,1.31
07/02/2025,1.31
08/02/2025,1.31
09/02/2025,1.31
10/02/2025,1.31
11/02/2025,1.31
12/02/2025,1.31
13/02/2025,1.31
14/02/2025,1.31
15/02/2025,1.31
16/02/2025,1.31
17/02/2025,1.31
18/02/2025,1.31
19/02/2025,1.31
20/02/2025,1.31
21/02/2025,1.31
22/02/2025,1.31
23/02/2025,1.31
24/02/2025,1.31
25/02/2025,1.31
26/02/2025,1.31
27/02/2025,1.31
28/02/2025,1.31
01/03/2025,0.56
02/03/2025,0.56
03/03/2025,0.56
04/03/2025,0.56
05/03/2025,0.56
06/03/2025,0.56
07/03/2025,0.56
08/03/2025,0.56
09/03/2025,0.56
10/03/2025,0.56
11/03/2025,0.56
12/03/2025,0.56
13/03/2025,0.56
14/03/2025,0.56
15/03/2025,0.56
16/03/2025,0.56
17/03/2025,0.56
18/03/2025,0.56
19/03/2025,0.56
20/03/2025,0.56
21/03/2025,0.56
22/03/2025,0.56
23/03/2025,0.56
24/03/2025,0.56
25/03/2025,0.56
26/03/2025,0.56
27/03/2025,0.56
28/03/2025,0.56
29/03/2025,0.56
30/03/2025,0.56
31/03/2025,0.56
01/04/2025,0.43
02/04/2025,0.43
03/04/2025,0.43
04/04/2025,0.43
05/04/2025,0.43
06/04/2025,0.43
07/04/2025,0.43
08/04/2025,0.43
09/04/2025,0.43
10/04/2025,0.43
11/04/2025,0.43
12/04/2025,0.43
13/04/2025,0.43
14/04/2025,0.43
15/04/2025,0.43
16/04/2025,0.43
17/04/2025,0.43
18/04/2025,0.43
19/04/2025,0.43
20/04/2025,0.43
21/04/2025,0.43
22/04/2025,0.43
23/04/2025,0.43
24/04/2025,0.43
25/04/2025,0.43
26/04/2025,0.43
27/04/2025,0.43
28/04/2025,0.43
29/04/2025,0.43
30/04/2025,0.43
01/05/2025,0.26
02/05/2025,0.26
03/05/2025,0.26
04/05/2025,0.26
05/05/2025,0.26
06/05/2025,0.26
07/05/2025,0.26
08/05/2025,0.26
09/05/2025,0.26
10/05/2025,0.26
11/05/2025,0.26
12/05/2025,0.26
13/05/2025,0.26
14/05/2025,0.26
15/05/2025,0.26
16/05/2025,0.26
17/05/2025,0.26
18/05/2025,0.26
19/05/2025,0.26
20/05/2025,0.26
21/05/2025,0.26
22/05/2025,0.26
23/05/2025,0.26
24/05/2025,0.26
25/05/2025,0.26
26/05/2025,0.26
27/05/2025,0.26
28/05/2025,0.26
29/05/2025,0.26
30/05/2025,0.26
31/05/2025,0.26
01/06/2025,0.24
02/06/2025,0.24
03/06/2025,0.24
04/06/2025,0.24
05/06/2025,0.24
06/06/2025,0.24
07/06/2025,0.24
08/06/2025,0.24
09/06/2025,0.24
10/06/2025,0.24
11/06/2025,0.24
12/06/2025,0.24
13/06/2025,0.24
14/06/2025,0.24
15/06/2025,0.24
16/06/2025,0.24
17/06/2025,0.24
18/06/2025,0.24
19/06/2025,0.24
20/06/2025,0.24
21/06/2025,0.24
22/06/2025,0.24
23/06/2025,0.24
24/06/2025,0.24
25/06/2025,0.24
26/06/2025,0.24
27/06/2025,0.24
28/06/2025,0.24
29/06/2025,0.24
30/06/2025,0.24
01/07/2025,0.26
02/07/2025,0.26
03/07/2025,0.26
04/07/2025,0.26
05/07/2025,0.26
06/07/2025,0.26
07/07/2025,0.26
08/07/2025,0.26
09/07/2025,0.26
10/07/2025,0.26
11/07/2025,0.26
12/07/2025,0.26
13/07/2025,0.26
14/07/2025,0.26
15/07/2025,0.26
16/07/2025,0.26
17/07/2025,0.26
18/07/2025,0.26
19/07/2025,0.26
20/07/2025,0.26
21/07/2025,0.26
22/07/2025,0.26
23/07/2025,0.26
24/07/2025,0.26
25/07/2025,0.26
26/07/2025,0.26
27/07/2025,0.26
28/07/2025,0.26
29/07/2025,0.26
30/07/2025,0.26
31/07/2025,0.26
01/08/2025,-0.11
02/08/2025,-0.11
03/08/2025,-0.11
04/08/2025,-0.11
05/08/2025,-0.11
06/08/2025,-0.11
07/08/2025,-0.11
08/08/2025,-0.11
09/08/2025,-0.11
10/08/2025,-0.11
11/08/2025,-0.11
12/08/2025,-0.11
13/08/2025,-0.11
14/08/2025,-0.11
15/08/2025,-0.11
16/08/2025,-0.11
17/08/2025,-0.11
18/08/2025,-0.11
19/08/2025,-0.11
20/08/2025,-0.11
21/08/2025,-0.11
22/08/2025,-0.11
23/08/2025,-0.11
24/08/2025,-0.11
25/08/2025,-0.11
26/08/2025,-0.11
27/08/2025,-0.11
28/08/2025,-0.11
29/08/2025,-0.11
30/08/2025,-0.11
31/08/2025,-0.11
01/09/2025,0.48
02/09/2025,0.48
03/09/2025,0.48
04/09/2025,0.48
05/09/2025,0.48
06/09/2025,0.48
07/09/2025,0.48
08/09/2025,0.48
09/09/2025,0.48
10/09/2025,0.48
11/09/2025,0.48
12/09/2025,0.48
13/09/2025,0.48
14/09/2025,0.48
15/09/2025,0.48
16/09/2025,0.48
17/09/2025,0.48
18/09/2025,0.48
19/09/2025,0.48
20/09/2025,0.48
21/09/2025,0.48
22/09/2025,0.48
23/09/2025,0.48
24/09/2025,0.48
25/09/2025,0.48
26/09/2025,0.48
27/09/2025,0.48
28/09/2025,0.48
29/09/2025,0.48
30/09/2025,0.48
01/10/2025,0.09
02/10/2025,0.09
03/10/2025,0.09
04/10/2025,0.09
05/10/2025,0.09
06/10/2025,0.09
07/10/2025,0.09
08/10/2025,0.09
09/10/2025,0.09
10/10/2025,0.09
11/10/2025,0.09
12/10/2025,0.09
13/10/2025,0.09
14/10/2025,0.09
15/10/2025,0.09
16/10/2025,0.09
17/10/2025,0.09
18/10/2025,0.09
19/10/2025,0.09
20/10/2025,0.09
21/10/2025,0.09
22/10/2025,0.09
23/10/2025,0.09
24/10/2025,0.09
25/10/2025,0.09
26/10/2025,0.09
27/10/2025,0.09
28/10/2025,0.09
29/10/2025,0.09
30/10/2025,0.09
31/10/2025,0.09
01/11/2025,0.18
02/11/2025,0.18
03/11/2025,0.18
04/11/2025,0.18
05/11/2025,0.18
06/11/2025,0.18
07/11/2025,0.18
08/11/2025,0.18
09/11/2025,0.18
10/11/2025,0.18
11/11/2025,0.18
12/11/2025,0.18
13/11/2025,0.18
14/11/2025,0.18
15/11/2025,0.18
16/11/2025,0.18
17/11/2025,0.18
18/11/2025,0.18
19/11/2025,0.18
20/11/2025,0.18
21/11/2025,0.18
22/11/2025,0.18
23/11/2025,0.18
24/11/2025,0.18
25/11/2025,0.18
26/11/2025,0.18
27/11/2025,0.18
28/11/2025,0.18
29/11/2025,0.18
30/11/2025,0.18
