data,pib_agro
01/01/2020,2
02/01/2020,2
03/01/2020,2
04/01/2020,2
05/01/2020,2
06/01/2020,2
07/01/2020,2
08/01/2020,2
09/01/2020,2
10/01/2020,2
11/01/2020,2
12/01/2020,2
13/01/2020,2
14/01/2020,2
15/01/2020,2
16/01/2020,2
17/01/2020,2
18/01/2020,2
19/01/2020,2
20/01/2020,2
21/01/2020,2
22/01/2020,2
23/01/2020,2
24/01/2020,2
25/01/2020,2
26/01/2020,2
27/01/2020,2
28/01/2020,2
29/01/2020,2
30/01/2020,2
31/01/2020,2
01/02/2020,2
02/02/2020,2
03/02/2020,2
04/02/2020,2
05/02/2020,2
06/02/2020,2
07/02/2020,2
08/02/2020,2
09/02/2020,2
10/02/2020,2
11/02/2020,2
12/02/2020,2
13/02/2020,2
14/02/2020,2
15/02/2020,2
16/02/2020,2
17/02/2020,2
18/02/2020,2
19/02/2020,2
20/02/2020,2
21/02/2020,2
22/02/2020,2
23/02/2020,2
24/02/2020,2
25/02/2020,2
26/02/2020,2
27/02/2020,2
28/02/2020,2
29/02/2020,2
01/03/2020,2
02/03/2020,2
03/03/2020,2
04/03/2020,2
05/03/2020,2
06/03/2020,2
07/03/2020,2
08/03/2020,2
09/03/2020,2
10/03/2020,2
11/03/2020,2
12/03/2020,2
13/03/2020,2
14/03/2020,2
15/03/2020,2
16/03/2020,2
17/03/2020,2
18/03/2020,2
19/03/2020,2
20/03/2020,2
21/03/2020,2
22/03/2020,2
23/03/2020,2
24/03/2020,2
25/03/2020,2
26/03/2020,2
27/03/2020,2
28/03/2020,2
29/03/2020,2
30/03/2020,2
31/03/2020,2
01/04/2020,-0.9
02/04/2020,-0.9
03/04/2020,-0.9
04/04/2020,-0.9
05/04/2020,-0.9
06/04/2020,-0.9
07/04/2020,-0.9
08/04/2020,-0.9
09/04/2020,-0.9
10/04/2020,-0.9
11/04/2020,-0.9
12/04/2020,-0.9
13/04/2020,-0.9
14/04/2020,-0.9
15/04/2020,-0.9
16/04/2020,-0.9
17/04/2020,-0.9
18/04/2020,-0.9
19/04/2020,-0.9
20/04/2020,-0.9
21/04/2020,-0.9
22/04/2020,-0.9
23/04/2020,-0.9
24/04/2020,-0.9
25/04/2020,-0.9
26/04/2020,-0.9
27/04/2020,-0.9
28/04/2020,-0.9
29/04/2020,-0.9
30/04/2020,-0.9
01/05/2020,-0.9
02/05/2020,-0.9
03/05/2020,-0.9
04/05/2020,-0.9
05/05/2020,-0.9
06/05/2020,-0.9
07/05/2020,-0.9
08/05/2020,-0.9
09/05/2020,-0.9
10/05/2020,-0.9
11/05/2020,-0.9
12/05/2020,-0.9
13/05/2020,-0.9
14/05/2020,-0.9
15/05/2020,-0.9
16/05/2020,-0.9
17/05/2020,-0.9
18/05/2020,-0.9
19/05/2020,-0.9
20/05/2020,-0.9
21/05/2020,-0.9
22/05/2020,-0.9
23/05/2020,-0.9
24/05/2020,-0.9
25/05/2020,-0.9
26/05/2020,-0.9
27/05/2020,-0.9
28/05/2020,-0.9
29/05/2020,-0.9
30/05/2020,-0.9
31/05/2020,-0.9
01/06/2020,-0.9
02/06/2020,-0.9
03/06/2020,-0.9
04/06/2020,-0.9
05/06/2020,-0.9
06/06/2020,-0.9
07/06/2020,-0.9
08/06/2020,-0.9
09/06/2020,-0.9
10/06/2020,-0.9
11/06/2020,-0.9
12/06/2020,-0.9
13/06/2020,-0.9
14/06/2020,-0.9
15/06/2020,-0.9
16/06/2020,-0.9
17/06/2020,-0.9
18/06/2020,-0.9
19/06/2020,-0.9
20/06/2020,-0.9
21/06/2020,-0.9
22/06/2020,-0.9
23/06/2020,-0.9
24/06/2020,-0.9
25/06/2020,-0.9
26/06/2020,-0.9
27/06/2020,-0.9
28/06/2020,-0.9
29/06/2020,-0.9
30/06/2020,-0.9
01/07/2020,-0.6
02/07/2020,-0.6
03/07/2020,-0.6
04/07/2020,-0.6
05/07/2020,-0.6
06/07/2020,-0.6
07/07/2020,-0.6
08/07/2020,-0.6
09/07/2020,-0.6
10/07/2020,-0.6
11/07/2020,-0.6
12/07/2020,-0.6
13/07/2020,-0.6
14/07/2020,-0.6
15/07/2020,-0.6
16/07/2020,-0.6
17/07/2020,-0.6
18/07/2020,-0.6
19/07/2020,-0.6
20/07/2020,-0.6
21/07/2020,-0.6
22/07/2020,-0.6
23/07/2020,-0.6
24/07/2020,-0.6
25/07/2020,-0.6
26/07/2020,-0.6
27/07/2020,-0.6
28/07/2020,-0.6
29/07/2020,-0.6
30/07/2020,-0.6
31/07/2020,-0.6
01/08/2020,-0.6
02/08/2020,-0.6
03/08/2020,-0.6
04/08/2020,-0.6
05/08/2020,-0.6
06/08/2020,-0.6
07/08/2020,-0.6
08/08/2020,-0.6
09/08/2020,-0.6
10/08/2020,-0.6
11/08/2020,-0.6
12/08/2020,-0.6
13/08/2020,-0.6
14/08/2020,-0.6
15/08/2020,-0.6
16/08/2020,-0.6
17/08/2020,-0.6
18/08/2020,-0.6
19/08/2020,-0.6
20/08/2020,-0.6
21/08/2020,-0.6
22/08/2020,-0.6
23/08/2020,-0.6
24/08/2020,-0.6
25/08/2020,-0.6
26/08/2020,-0.6
27/08/2020,-0.6
28/08/2020,-0.6
29/08/2020,-0.6
30/08/2020,-0.6
31/08/2020,-0.6
01/09/2020,-0.6
02/09/2020,-0.6
03/09/2020,-0.6
04/09/2020,-0.6
05/09/2020,-0.6
06/09/2020,-0.6
07/09/2020,-0.6
08/09/2020,-0.6
09/09/2020,-0.6
10/09/2020,-0.6
11/09/2020,-0.6
12/09/2020,-0.6
13/09/2020,-0.6
14/09/2020,-0.6
15/09/2020,-0.6
16/09/2020,-0.6
17/09/2020,-0.6
18/09/2020,-0.6
19/09/2020,-0.6
20/09/2020,-0.6
21/09/2020,-0.6
22/09/2020,-0.6
23/09/2020,-0.6
24/09/2020,-0.6
25/09/2020,-0.6
26/09/2020,-0.6
27/09/2020,-0.6
28/09/2020,-0.6
29/09/2020,-0.6
30/09/2020,-0.6
01/10/2020,-0.5
02/10/2020,-0.5
03/10/2020,-0.5
04/10/2020,-0.5
05/10/2020,-0.5
06/10/2020,-0.5
07/10/2020,-0.5
08/10/2020,-0.5
09/10/2020,-0.5
10/10/2020,-0.5
11/10/2020,-0.5
12/10/2020,-0.5
13/10/2020,-0.5
14/10/2020,-0.5
15/10/2020,-0.5
16/10/2020,-0.5
17/10/2020,-0.5
18/10/2020,-0.5
19/10/2020,-0.5
20/10/2020,-0.5
21/10/2020,-0.5
22/10/2020,-0.5
23/10/2020,-0.5
24/10/2020,-0.5
25/10/2020,-0.5
26/10/2020,-0.5
27/10/2020,-0.5
28/10/2020,-0.5
29/10/2020,-0.5
30/10/2020,-0.5
31/10/2020,-0.5
01/11/2020,-0.5
02/11/2020,-0.5
03/11/2020,-0.5
04/11/2020,-0.5
05/11/2020,-0.5
06/11/2020,-0.5
07/11/2020,-0.5
08/11/2020,-0.5
09/11/2020,-0.5
10/11/2020,-0.5
11/11/2020,-0.5
12/11/2020,-0.5
13/11/2020,-0.5
14/11/2020,-0.5
15/11/2020,-0.5
16/11/2020,-0.5
17/11/2020,-0.5
18/11/2020,-0.5
19/11/2020,-0.5
20/11/2020,-0.5
21/11/2020,-0.5
22/11/2020,-0.5
23/11/2020,-0.5
24/11/2020,-0.5
25/11/2020,-0.5
26/11/2020,-0.5
27/11/2020,-0.5
28/11/2020,-0.5
29/11/2020,-0.5
30/11/2020,-0.5
01/12/2020,-0.5
02/12/2020,-0.5
03/12/2020,-0.5
04/12/2020,-0.5
05/12/2020,-0.5
06/12/2020,-0.5
07/12/2020,-0.5
08/12/2020,-0.5
09/12/2020,-0.5
10/12/2020,-0.5
11/12/2020,-0.5
12/12/2020,-0.5
13/12/2020,-0.5
14/12/2020,-0.5
15/12/2020,-0.5
16/12/2020,-0.5
17/12/2020,-0.5
18/12/2020,-0.5
19/12/2020,-0.5
20/12/2020,-0.5
21/12/2020,-0.5
22/12/2020,-0.5
23/12/2020,-0.5
24/12/2020,-0.5
25/12/2020,-0.5
26/12/2020,-0.5
27/12/2020,-0.5
28/12/2020,-0.5
29/12/2020,-0.5
30/12/2020,-0.5
31/12/2020,-0.5
01/01/2021,5.7
02/01/2021,5.7
03/01/2021,5.7
04/01/2021,5.7
05/01/2021,5.7
06/01/2021,5.7
07/01/2021,5.7
08/01/2021,5.7
09/01/2021,5.7
10/01/2021,5.7
11/01/2021,5.7
12/01/2021,5.7
13/01/2021,5.7
14/01/2021,5.7
15/01/2021,5.7
16/01/2021,5.7
17/01/2021,5.7
18/01/2021,5.7
19/01/2021,5.7
20/01/2021,5.7
21/01/2021,5.7
22/01/2021,5.7
23/01/2021,5.7
24/01/2021,5.7
25/01/2021,5.7
26/01/2021,5.7
27/01/2021,5.7
28/01/2021,5.7
29/01/2021,5.7
30/01/2021,5.7
31/01/2021,5.7
01/02/2021,5.7
02/02/2021,5.7
03/02/2021,5.7
04/02/2021,5.7
05/02/2021,5.7
06/02/2021,5.7
07/02/2021,5.7
08/02/2021,5.7
09/02/2021,5.7
10/02/2021,5.7
11/02/2021,5.7
12/02/2021,5.7
13/02/2021,5.7
14/02/2021,5.7
15/02/2021,5.7
16/02/2021,5.7
17/02/2021,5.7
18/02/2021,5.7
19/02/2021,5.7
20/02/2021,5.7
21/02/2021,5.7
22/02/2021,5.7
23/02/2021,5.7
24/02/2021,5.7
25/02/2021,5.7
26/02/2021,5.7
27/02/2021,5.7
28/02/2021,5.7
01/03/2021,5.7
02/03/2021,5.7
03/03/2021,5.7
04/03/2021,5.7
05/03/2021,5.7
06/03/2021,5.7
07/03/2021,5.7
08/03/2021,5.7
09/03/2021,5.7
10/03/2021,5.7
11/03/2021,5.7
12/03/2021,5.7
13/03/2021,5.7
14/03/2021,5.7
15/03/2021,5.7
16/03/2021,5.7
17/03/2021,5.7
18/03/2021,5.7
19/03/2021,5.7
20/03/2021,5.7
21/03/2021,5.7
22/03/2021,5.7
23/03/2021,5.7
24/03/2021,5.7
25/03/2021,5.7
26/03/2021,5.7
27/03/2021,5.7
28/03/2021,5.7
29/03/2021,5.7
30/03/2021,5.7
31/03/2021,5.7
01/04/2021,-2.8
02/04/2021,-2.8
03/04/2021,-2.8
04/04/2021,-2.8
05/04/2021,-2.8
06/04/2021,-2.8
07/04/2021,-2.8
08/04/2021,-2.8
09/04/2021,-2.8
10/04/2021,-2.8
11/04/2021,-2.8
12/04/2021,-2.8
13/04/2021,-2.8
14/04/2021,-2.8
15/04/2021,-2.8
16/04/2021,-2.8
17/04/2021,-2.8
18/04/2021,-2.8
19/04/2021,-2.8
20/04/2021,-2.8
21/04/2021,-2.8
22/04/2021,-2.8
23/04/2021,-2.8
24/04/2021,-2.8
25/04/2021,-2.8
26/04/2021,-2.8
27/04/2021,-2.8
28/04/2021,-2.8
29/04/2021,-2.8
30/04/2021,-2.8
01/05/2021,-2.8
02/05/2021,-2.8
03/05/2021,-2.8
04/05/2021,-2.8
05/05/2021,-2.8
06/05/2021,-2.8
07/05/2021,-2.8
08/05/2021,-2.8
09/05/2021,-2.8
10/05/2021,-2.8
11/05/2021,-2.8
12/05/2021,-2.8
13/05/2021,-2.8
14/05/2021,-2.8
15/05/2021,-2.8
16/05/2021,-2.8
17/05/2021,-2.8
18/05/2021,-2.8
19/05/2021,-2.8
20/05/2021,-2.8
21/05/2021,-2.8
22/05/2021,-2.8
23/05/2021,-2.8
24/05/2021,-2.8
25/05/2021,-2.8
26/05/2021,-2.8
27/05/2021,-2.8
28/05/2021,-2.8
29/05/2021,-2.8
30/05/2021,-2.8
31/05/2021,-2.8
01/06/2021,-2.8
02/06/2021,-2.8
03/06/2021,-2.8
04/06/2021,-2.8
05/06/2021,-2.8
06/06/2021,-2.8
07/06/2021,-2.8
08/06/2021,-2.8
09/06/2021,-2.8
10/06/2021,-2.8
11/06/2021,-2.8
12/06/2021,-2.8
13/06/2021,-2.8
14/06/2021,-2.8
15/06/2021,-2.8
16/06/2021,-2.8
17/06/2021,-2.8
18/06/2021,-2.8
19/06/2021,-2.8
20/06/2021,-2.8
21/06/2021,-2.8
22/06/2021,-2.8
23/06/2021,-2.8
24/06/2021,-2.8
25/06/2021,-2.8
26/06/2021,-2.8
27/06/2021,-2.8
28/06/2021,-2.8
29/06/2021,-2.8
30/06/2021,-2.8
01/07/2021,-8
02/07/2021,-8
03/07/2021,-8
04/07/2021,-8
05/07/2021,-8
06/07/2021,-8
07/07/2021,-8
08/07/2021,-8
09/07/2021,-8
10/07/2021,-8
11/07/2021,-8
12/07/2021,-8
13/07/2021,-8
14/07/2021,-8
15/07/2021,-8
16/07/2021,-8
17/07/2021,-8
18/07/2021,-8
19/07/2021,-8
20/07/2021,-8
21/07/2021,-8
22/07/2021,-8
23/07/2021,-8
24/07/2021,-8
25/07/2021,-8
26/07/2021,-8
27/07/2021,-8
28/07/2021,-8
29/07/2021,-8
30/07/2021,-8
31/07/2021,-8
01/08/2021,-8
02/08/2021,-8
03/08/2021,-8
04/08/2021,-8
05/08/2021,-8
06/08/2021,-8
07/08/2021,-8
08/08/2021,-8
09/08/2021,-8
10/08/2021,-8
11/08/2021,-8
12/08/2021,-8
13/08/2021,-8
14/08/2021,-8
15/08/2021,-8
16/08/2021,-8
17/08/2021,-8
18/08/2021,-8
19/08/2021,-8
20/08/2021,-8
21/08/2021,-8
22/08/2021,-8
23/08/2021,-8
24/08/2021,-8
25/08/2021,-8
26/08/2021,-8
27/08/2021,-8
28/08/2021,-8
29/08/2021,-8
30/08/2021,-8
31/08/2021,-8
01/09/2021,-8
02/09/2021,-8
03/09/2021,-8
04/09/2021,-8
05/09/2021,-8
06/09/2021,-8
07/09/2021,-8
08/09/2021,-8
09/09/2021,-8
10/09/2021,-8
11/09/2021,-8
12/09/2021,-8
13/09/2021,-8
14/09/2021,-8
15/09/2021,-8
16/09/2021,-8
17/09/2021,-8
18/09/2021,-8
19/09/2021,-8
20/09/2021,-8
21/09/2021,-8
22/09/2021,-8
23/09/2021,-8
24/09/2021,-8
25/09/2021,-8
26/09/2021,-8
27/09/2021,-8
28/09/2021,-8
29/09/2021,-8
30/09/2021,-8
01/10/2021,5.8
02/10/2021,5.8
03/10/2021,5.8
04/10/2021,5.8
05/10/2021,5.8
06/10/2021,5.8
07/10/2021,5.8
08/10/2021,5.8
09/10/2021,5.8
10/10/2021,5.8
11/10/2021,5.8
12/10/2021,5.8
13/10/2021,5.8
14/10/2021,5.8
15/10/2021,5.8
16/10/2021,5.8
17/10/2021,5.8
18/10/2021,5.8
19/10/2021,5.8
20/10/2021,5.8
21/10/2021,5.8
22/10/2021,5.8
23/10/2021,5.8
24/10/2021,5.8
25/10/2021,5.8
26/10/2021,5.8
27/10/2021,5.8
28/10/2021,5.8
29/10/2021,5.8
30/10/2021,5.8
31/10/2021,5.8
01/11/2021,5.8
02/11/2021,5.8
03/11/2021,5.8
04/11/2021,5.8
05/11/2021,5.8
06/11/2021,5.8
07/11/2021,5.8
08/11/2021,5.8
09/11/2021,5.8
10/11/2021,5.8
11/11/2021,5.8
12/11/2021,5.8
13/11/2021,5.8
14/11/2021,5.8
15/11/2021,5.8
16/11/2021,5.8
17/11/2021,5.8
18/11/2021,5.8
19/11/2021,5.8
20/11/2021,5.8
21/11/2021,5.8
22/11/2021,5.8
23/11/2021,5.8
24/11/2021,5.8
25/11/2021,5.8
26/11/2021,5.8
27/11/2021,5.8
28/11/2021,5.8
29/11/2021,5.8
30/11/2021,5.8
01/12/2021,5.8
02/12/2021,5.8
03/12/2021,5.8
04/12/2021,5.8
05/12/2021,5.8
06/12/2021,5.8
07/12/2021,5.8
08/12/2021,5.8
09/12/2021,5.8
10/12/2021,5.8
11/12/2021,5.8
12/12/2021,5.8
13/12/2021,5.8
14/12/2021,5.8
15/12/2021,5.8
16/12/2021,5.8
17/12/2021,5.8
18/12/2021,5.8
19/12/2021,5.8
20/12/2021,5.8
21/12/2021,5.8
22/12/2021,5.8
23/12/2021,5.8
24/12/2021,5.8
25/12/2021,5.8
26/12/2021,5.8
27/12/2021,5.8
28/12/2021,5.8
29/12/2021,5.8
30/12/2021,5.8
31/12/2021,5.8
01/01/2022,-5.4
02/01/2022,-5.4
03/01/2022,-5.4
04/01/2022,-5.4
05/01/2022,-5.4
06/01/2022,-5.4
07/01/2022,-5.4
08/01/2022,-5.4
09/01/2022,-5.4
10/01/2022,-5.4
11/01/2022,-5.4
12/01/2022,-5.4
13/01/2022,-5.4
14/01/2022,-5.4
15/01/2022,-5.4
16/01/2022,-5.4
17/01/2022,-5.4
18/01/2022,-5.4
19/01/2022,-5.4
20/01/2022,-5.4
21/01/2022,-5.4
22/01/2022,-5.4
23/01/2022,-5.4
24/01/2022,-5.4
25/01/2022,-5.4
26/01/2022,-5.4
27/01/2022,-5.4
28/01/2022,-5.4
29/01/2022,-5.4
30/01/2022,-5.4
31/01/2022,-5.4
01/02/2022,-5.4
02/02/2022,-5.4
03/02/2022,-5.4
04/02/2022,-5.4
05/02/2022,-5.4
06/02/2022,-5.4
07/02/2022,-5.4
08/02/2022,-5.4
09/02/2022,-5.4
10/02/2022,-5.4
11/02/2022,-5.4
12/02/2022,-5.4
13/02/2022,-5.4
14/02/2022,-5.4
15/02/2022,-5.4
16/02/2022,-5.4
17/02/2022,-5.4
18/02/2022,-5.4
19/02/2022,-5.4
20/02/2022,-5.4
21/02/2022,-5.4
22/02/2022,-5.4
23/02/2022,-5.4
24/02/2022,-5.4
25/02/2022,-5.4
26/02/2022,-5.4
27/02/2022,-5.4
28/02/2022,-5.4
01/03/2022,-5.4
02/03/2022,-5.4
03/03/2022,-5.4
04/03/2022,-5.4
05/03/2022,-5.4
06/03/2022,-5.4
07/03/2022,-5.4
08/03/2022,-5.4
09/03/2022,-5.4
10/03/2022,-5.4
11/03/2022,-5.4
12/03/2022,-5.4
13/03/2022,-5.4
14/03/2022,-5.4
15/03/2022,-5.4
16/03/2022,-5.4
17/03/2022,-5.4
18/03/2022,-5.4
19/03/2022,-5.4
20/03/2022,-5.4
21/03/2022,-5.4
22/03/2022,-5.4
23/03/2022,-5.4
24/03/2022,-5.4
25/03/2022,-5.4
26/03/2022,-5.4
27/03/2022,-5.4
28/03/2022,-5.4
29/03/2022,-5.4
30/03/2022,-5.4
31/03/2022,-5.4
01/04/2022,-2.6
02/04/2022,-2.6
03/04/2022,-2.6
04/04/2022,-2.6
05/04/2022,-2.6
06/04/2022,-2.6
07/04/2022,-2.6
08/04/2022,-2.6
09/04/2022,-2.6
10/04/2022,-2.6
11/04/2022,-2.6
12/04/2022,-2.6
13/04/2022,-2.6
14/04/2022,-2.6
15/04/2022,-2.6
16/04/2022,-2.6
17/04/2022,-2.6
18/04/2022,-2.6
19/04/2022,-2.6
20/04/2022,-2.6
21/04/2022,-2.6
22/04/2022,-2.6
23/04/2022,-2.6
24/04/2022,-2.6
25/04/2022,-2.6
26/04/2022,-2.6
27/04/2022,-2.6
28/04/2022,-2.6
29/04/2022,-2.6
30/04/2022,-2.6
01/05/2022,-2.6
02/05/2022,-2.6
03/05/2022,-2.6
04/05/2022,-2.6
05/05/2022,-2.6
06/05/2022,-2.6
07/05/2022,-2.6
08/05/2022,-2.6
09/05/2022,-2.6
10/05/2022,-2.6
11/05/2022,-2.6
12/05/2022,-2.6
13/05/2022,-2.6
14/05/2022,-2.6
15/05/2022,-2.6
16/05/2022,-2.6
17/05/2022,-2.6
18/05/2022,-2.6
19/05/2022,-2.6
20/05/2022,-2.6
21/05/2022,-2.6
22/05/2022,-2.6
23/05/2022,-2.6
24/05/2022,-2.6
25/05/2022,-2.6
26/05/2022,-2.6
27/05/2022,-2.6
28/05/2022,-2.6
29/05/2022,-2.6
30/05/2022,-2.6
31/05/2022,-2.6
01/06/2022,-2.6
02/06/2022,-2.6
03/06/2022,-2.6
04/06/2022,-2.6
05/06/2022,-2.6
06/06/2022,-2.6
07/06/2022,-2.6
08/06/2022,-2.6
09/06/2022,-2.6
10/06/2022,-2.6
11/06/2022,-2.6
12/06/2022,-2.6
13/06/2022,-2.6
14/06/2022,-2.6
15/06/2022,-2.6
16/06/2022,-2.6
17/06/2022,-2.6
18/06/2022,-2.6
19/06/2022,-2.6
20/06/2022,-2.6
21/06/2022,-2.6
22/06/2022,-2.6
23/06/2022,-2.6
24/06/2022,-2.6
25/06/2022,-2.6
26/06/2022,-2.6
27/06/2022,-2.6
28/06/2022,-2.6
29/06/2022,-2.6
30/06/2022,-2.6
01/07/2022,3.5
02/07/2022,3.5
03/07/2022,3.5
04/07/2022,3.5
05/07/2022,3.5
06/07/2022,3.5
07/07/2022,3.5
08/07/2022,3.5
09/07/2022,3.5
10/07/2022,3.5
11/07/2022,3.5
12/07/2022,3.5
13/07/2022,3.5
14/07/2022,3.5
15/07/2022,3.5
16/07/2022,3.5
17/07/2022,3.5
18/07/2022,3.5
19/07/2022,3.5
20/07/2022,3.5
21/07/2022,3.5
22/07/2022,3.5
23/07/2022,3.5
24/07/2022,3.5
25/07/2022,3.5
26/07/2022,3.5
27/07/2022,3.5
28/07/2022,3.5
29/07/2022,3.5
30/07/2022,3.5
31/07/2022,3.5
01/08/2022,3.5
02/08/2022,3.5
03/08/2022,3.5
04/08/2022,3.5
05/08/2022,3.5
06/08/2022,3.5
07/08/2022,3.5
08/08/2022,3.5
09/08/2022,3.5
10/08/2022,3.5
11/08/2022,3.5
12/08/2022,3.5
13/08/2022,3.5
14/08/2022,3.5
15/08/2022,3.5
16/08/2022,3.5
17/08/2022,3.5
18/08/2022,3.5
19/08/2022,3.5
20/08/2022,3.5
21/08/2022,3.5
22/08/2022,3.5
23/08/2022,3.5
24/08/2022,3.5
25/08/2022,3.5
26/08/2022,3.5
27/08/2022,3.5
28/08/2022,3.5
29/08/2022,3.5
30/08/2022,3.5
31/08/2022,3.5
01/09/2022,3.5
02/09/2022,3.5
03/09/2022,3.5
04/09/2022,3.5
05/09/2022,3.5
06/09/2022,3.5
07/09/2022,3.5
08/09/2022,3.5
09/09/2022,3.5
10/09/2022,3.5
11/09/2022,3.5
12/09/2022,3.5
13/09/2022,3.5
14/09/2022,3.5
15/09/2022,3.5
16/09/2022,3.5
17/09/2022,3.5
18/09/2022,3.5
19/09/2022,3.5
20/09/2022,3.5
21/09/2022,3.5
22/09/2022,3.5
23/09/2022,3.5
24/09/2022,3.5
25/09/2022,3.5
26/09/2022,3.5
27/09/2022,3.5
28/09/2022,3.5
29/09/2022,3.5
30/09/2022,3.5
01/10/2022,1.8
02/10/2022,1.8
03/10/2022,1.8
04/10/2022,1.8
05/10/2022,1.8
06/10/2022,1.8
07/10/2022,1.8
08/10/2022,1.8
09/10/2022,1.8
10/10/2022,1.8
11/10/2022,1.8
12/10/2022,1.8
13/10/2022,1.8
14/10/2022,1.8
15/10/2022,1.8
16/10/2022,1.8
17/10/2022,1.8
18/10/2022,1.8
19/10/2022,1.8
20/10/2022,1.8
21/10/2022,1.8
22/10/2022,1.8
23/10/2022,1.8
24/10/2022,1.8
25/10/2022,1.8
26/10/2022,1.8
27/10/2022,1.8
28/10/2022,1.8
29/10/2022,1.8
30/10/2022,1.8
31/10/2022,1.8
01/11/2022,1.8
02/11/2022,1.8
03/11/2022,1.8
04/11/2022,1.8
05/11/2022,1.8
06/11/2022,1.8
07/11/2022,1.8
08/11/2022,1.8
09/11/2022,1.8
10/11/2022,1.8
11/11/2022,1.8
12/11/2022,1.8
13/11/2022,1.8
14/11/2022,1.8
15/11/2022,1.8
16/11/2022,1.8
17/11/2022,1.8
18/11/2022,1.8
19/11/2022,1.8
20/11/2022,1.8
21/11/2022,1.8
22/11/2022,1.8
23/11/2022,1.8
24/11/2022,1.8
25/11/2022,1.8
26/11/2022,1.8
27/11/2022,1.8
28/11/2022,1.8
29/11/2022,1.8
30/11/2022,1.8
01/12/2022,1.8
02/12/2022,1.8
03/12/2022,1.8
04/12/2022,1.8
05/12/2022,1.8
06/12/2022,1.8
07/12/2022,1.8
08/12/2022,1.8
09/12/2022,1.8
10/12/2022,1.8
11/12/2022,1.8
12/12/2022,1.8
13/12/2022,1.8
14/12/2022,1.8
15/12/2022,1.8
16/12/2022,1.8
17/12/2022,1.8
18/12/2022,1.8
19/12/2022,1.8
20/12/2022,1.8
21/12/2022,1.8
22/12/2022,1.8
23/12/2022,1.8
24/12/2022,1.8
25/12/2022,1.8
26/12/2022,1.8
27/12/2022,1.8
28/12/2022,1.8
29/12/2022,1.8
30/12/2022,1.8
31/12/2022,1.8
01/01/2023,20.9
02/01/2023,20.9
03/01/2023,20.9
04/01/2023,20.9
05/01/2023,20.9
06/01/2023,20.9
07/01/2023,20.9
08/01/2023,20.9
09/01/2023,20.9
10/01/2023,20.9
11/01/2023,20.9
12/01/2023,20.9
13/01/2023,20.9
14/01/2023,20.9
15/01/2023,20.9
16/01/2023,20.9
17/01/2023,20.9
18/01/2023,20.9
19/01/2023,20.9
20/01/2023,20.9
21/01/2023,20.9
22/01/2023,20.9
23/01/2023,20.9
24/01/2023,20.9
25/01/2023,20.9
26/01/2023,20.9
27/01/2023,20.9
28/01/2023,20.9
29/01/2023,20.9
30/01/2023,20.9
31/01/2023,20.9
01/02/2023,20.9
02/02/2023,20.9
03/02/2023,20.9
04/02/2023,20.9
05/02/2023,20.9
06/02/2023,20.9
07/02/2023,20.9
08/02/2023,20.9
09/02/2023,20.9
10/02/2023,20.9
11/02/2023,20.9
12/02/2023,20.9
13/02/2023,20.9
14/02/2023,20.9
15/02/2023,20.9
16/02/2023,20.9
17/02/2023,20.9
18/02/2023,20.9
19/02/2023,20.9
20/02/2023,20.9
21/02/2023,20.9
22/02/2023,20.9
23/02/2023,20.9
24/02/2023,20.9
25/02/2023,20.9
26/02/2023,20.9
27/02/2023,20.9
28/02/2023,20.9
01/03/2023,20.9
02/03/2023,20.9
03/03/2023,20.9
04/03/2023,20.9
05/03/2023,20.9
06/03/2023,20.9
07/03/2023,20.9
08/03/2023,20.9
09/03/2023,20.9
10/03/2023,20.9
11/03/2023,20.9
12/03/2023,20.9
13/03/2023,20.9
14/03/2023,20.9
15/03/2023,20.9
16/03/2023,20.9
17/03/2023,20.9
18/03/2023,20.9
19/03/2023,20.9
20/03/2023,20.9
21/03/2023,20.9
22/03/2023,20.9
23/03/2023,20.9
24/03/2023,20.9
25/03/2023,20.9
26/03/2023,20.9
27/03/2023,20.9
28/03/2023,20.9
29/03/2023,20.9
30/03/2023,20.9
31/03/2023,20.9
01/04/2023,-6.4
02/04/2023,-6.4
03/04/2023,-6.4
04/04/2023,-6.4
05/04/2023,-6.4
06/04/2023,-6.4
07/04/2023,-6.4
08/04/2023,-6.4
09/04/2023,-6.4
10/04/2023,-6.4
11/04/2023,-6.4
12/04/2023,-6.4
13/04/2023,-6.4
14/04/2023,-6.4
15/04/2023,-6.4
16/04/2023,-6.4
17/04/2023,-6.4
18/04/2023,-6.4
19/04/2023,-6.4
20/04/2023,-6.4
21/04/2023,-6.4
22/04/2023,-6.4
23/04/2023,-6.4
24/04/2023,-6.4
25/04/2023,-6.4
26/04/2023,-6.4
27/04/2023,-6.4
28/04/2023,-6.4
29/04/2023,-6.4
30/04/2023,-6.4
01/05/2023,-6.4
02/05/2023,-6.4
03/05/2023,-6.4
04/05/2023,-6.4
05/05/2023,-6.4
06/05/2023,-6.4
07/05/2023,-6.4
08/05/2023,-6.4
09/05/2023,-6.4
10/05/2023,-6.4
11/05/2023,-6.4
12/05/2023,-6.4
13/05/2023,-6.4
14/05/2023,-6.4
15/05/2023,-6.4
16/05/2023,-6.4
17/05/2023,-6.4
18/05/2023,-6.4
19/05/2023,-6.4
20/05/2023,-6.4
21/05/2023,-6.4
22/05/2023,-6.4
23/05/2023,-6.4
24/05/2023,-6.4
25/05/2023,-6.4
26/05/2023,-6.4
27/05/2023,-6.4
28/05/2023,-6.4
29/05/2023,-6.4
30/05/2023,-6.4
31/05/2023,-6.4
01/06/2023,-6.4
02/06/2023,-6.4
03/06/2023,-6.4
04/06/2023,-6.4
05/06/2023,-6.4
06/06/2023,-6.4
07/06/2023,-6.4
08/06/2023,-6.4
09/06/2023,-6.4
10/06/2023,-6.4
11/06/2023,-6.4
12/06/2023,-6.4
13/06/2023,-6.4
14/06/2023,-6.4
15/06/2023,-6.4
16/06/2023,-6.4
17/06/2023,-6.4
18/06/2023,-6.4
19/06/2023,-6.4
20/06/2023,-6.4
21/06/2023,-6.4
22/06/2023,-6.4
23/06/2023,-6.4
24/06/2023,-6.4
25/06/2023,-6.4
26/06/2023,-6.4
27/06/2023,-6.4
28/06/2023,-6.4
29/06/2023,-6.4
30/06/2023,-6.4
01/07/2023,-5.6
02/07/2023,-5.6
03/07/2023,-5.6
04/07/2023,-5.6
05/07/2023,-5.6
06/07/2023,-5.6
07/07/2023,-5.6
08/07/2023,-5.6
09/07/2023,-5.6
10/07/2023,-5.6
11/07/2023,-5.6
12/07/2023,-5.6
13/07/2023,-5.6
14/07/2023,-5.6
15/07/2023,-5.6
16/07/2023,-5.6
17/07/2023,-5.6
18/07/2023,-5.6
19/07/2023,-5.6
20/07/2023,-5.6
21/07/2023,-5.6
22/07/2023,-5.6
23/07/2023,-5.6
24/07/2023,-5.6
25/07/2023,-5.6
26/07/2023,-5.6
27/07/2023,-5.6
28/07/2023,-5.6
29/07/2023,-5.6
30/07/2023,-5.6
31/07/2023,-5.6
01/08/2023,-5.6
02/08/2023,-5.6
03/08/2023,-5.6
04/08/2023,-5.6
05/08/2023,-5.6
06/08/2023,-5.6
07/08/2023,-5.6
08/08/2023,-5.6
09/08/2023,-5.6
10/08/2023,-5.6
11/08/2023,-5.6
12/08/2023,-5.6
13/08/2023,-5.6
14/08/2023,-5.6
15/08/2023,-5.6
16/08/2023,-5.6
17/08/2023,-5.6
18/08/2023,-5.6
19/08/2023,-5.6
20/08/2023,-5.6
21/08/2023,-5.6
22/08/2023,-5.6
23/08/2023,-5.6
24/08/2023,-5.6
25/08/2023,-5.6
26/08/2023,-5.6
27/08/2023,-5.6
28/08/2023,-5.6
29/08/2023,-5.6
30/08/2023,-5.6
31/08/2023,-5.6
01/09/2023,-5.6
02/09/2023,-5.6
03/09/2023,-5.6
04/09/2023,-5.6
05/09/2023,-5.6
06/09/2023,-5.6
07/09/2023,-5.6
08/09/2023,-5.6
09/09/2023,-5.6
10/09/2023,-5.6
11/09/2023,-5.6
12/09/2023,-5.6
13/09/2023,-5.6
14/09/2023,-5.6
15/09/2023,-5.6
16/09/2023,-5.6
17/09/2023,-5.6
18/09/2023,-5.6
19/09/2023,-5.6
20/09/2023,-5.6
21/09/2023,-5.6
22/09/2023,-5.6
23/09/2023,-5.6
24/09/2023,-5.6
25/09/2023,-5.6
26/09/2023,-5.6
27/09/2023,-5.6
28/09/2023,-5.6
29/09/2023,-5.6
30/09/2023,-5.6
01/10/2023,-5.3
02/10/2023,-5.3
03/10/2023,-5.3
04/10/2023,-5.3
05/10/2023,-5.3
06/10/2023,-5.3
07/10/2023,-5.3
08/10/2023,-5.3
09/10/2023,-5.3
10/10/2023,-5.3
11/10/2023,-5.3
12/10/2023,-5.3
13/10/2023,-5.3
14/10/2023,-5.3
15/10/2023,-5.3
16/10/2023,-5.3
17/10/2023,-5.3
18/10/2023,-5.3
19/10/2023,-5.3
20/10/2023,-5.3
21/10/2023,-5.3
22/10/2023,-5.3
23/10/2023,-5.3
24/10/2023,-5.3
25/10/2023,-5.3
26/10/2023,-5.3
27/10/2023,-5.3
28/10/2023,-5.3
29/10/2023,-5.3
30/10/2023,-5.3
31/10/2023,-5.3
01/11/2023,-5.3
02/11/2023,-5.3
03/11/2023,-5.3
04/11/2023,-5.3
05/11/2023,-5.3
06/11/2023,-5.3
07/11/2023,-5.3
08/11/2023,-5.3
09/11/2023,-5.3
10/11/2023,-5.3
11/11/2023,-5.3
12/11/2023,-5.3
13/11/2023,-5.3
14/11/2023,-5.3
15/11/2023,-5.3
16/11/2023,-5.3
17/11/2023,-5.3
18/11/2023,-5.3
19/11/2023,-5.3
20/11/2023,-5.3
21/11/2023,-5.3
22/11/2023,-5.3
23/11/2023,-5.3
24/11/2023,-5.3
25/11/2023,-5.3
26/11/2023,-5.3
27/11/2023,-5.3
28/11/2023,-5.3
29/11/2023,-5.3
30/11/2023,-5.3
01/12/2023,-5.3
02/12/2023,-5.3
03/12/2023,-5.3
04/12/2023,-5.3
05/12/2023,-5.3
06/12/2023,-5.3
07/12/2023,-5.3
08/12/2023,-5.3
09/12/2023,-5.3
10/12/2023,-5.3
11/12/2023,-5.3
12/12/2023,-5.3
13/12/2023,-5.3
14/12/2023,-5.3
15/12/2023,-5.3
16/12/2023,-5.3
17/12/2023,-5.3
18/12/2023,-5.3
19/12/2023,-5.3
20/12/2023,-5.3
21/12/2023,-5.3
22/12/2023,-5.3
23/12/2023,-5.3
24/12/2023,-5.3
25/12/2023,-5.3
26/12/2023,-5.3
27/12/2023,-5.3
28/12/2023,-5.3
29/12/2023,-5.3
30/12/2023,-5.3
31/12/2023,-5.3
01/01/2024,3.6
02/01/2024,3.6
03/01/2024,3.6
04/01/2024,3.6
05/01/2024,3.6
06/01/2024,3.6
07/01/2024,3.6
08/01/2024,3.6
09/01/2024,3.6
10/01/2024,3.6
11/01/2024,3.6
12/01/2024,3.6
13/01/2024,3.6
14/01/2024,3.6
15/01/2024,3.6
16/01/2024,3.6
17/01/2024,3.6
18/01/2024,3.6
19/01/2024,3.6
20/01/2024,3.6
21/01/2024,3.6
22/01/2024,3.6
23/01/2024,3.6
24/01/2024,3.6
25/01/2024,3.6
26/01/2024,3.6
27/01/2024,3.6
28/01/2024,3.6
29/01/2024,3.6
30/01/2024,3.6
31/01/2024,3.6
01/02/2024,3.6
02/02/2024,3.6
03/02/2024,3.6
04/02/2024,3.6
05/02/2024,3.6
06/02/2024,3.6
07/02/2024,3.6
08/02/2024,3.6
09/02/2024,3.6
10/02/2024,3.6
11/02/2024,3.6
12/02/2024,3.6
13/02/2024,3.6
14/02/2024,3.6
15/02/2024,3.6
16/02/2024,3.6
17/02/2024,3.6
18/02/2024,3.6
19/02/2024,3.6
20/02/2024,3.6
21/02/2024,3.6
22/02/2024,3.6
23/02/2024,3.6
24/02/2024,3.6
25/02/2024,3.6
26/02/2024,3.6
27/02/2024,3.6
28/02/2024,3.6
29/02/2024,3.6
01/03/2024,3.6
02/03/2024,3.6
03/03/2024,3.6
04/03/2024,3.6
05/03/2024,3.6
06/03/2024,3.6
07/03/2024,3.6
08/03/2024,3.6
09/03/2024,3.6
10/03/2024,3.6
11/03/2024,3.6
12/03/2024,3.6
13/03/2024,3.6
14/03/2024,3.6
15/03/2024,3.6
16/03/2024,3.6
17/03/2024,3.6
18/03/2024,3.6
19/03/2024,3.6
20/03/2024,3.6
21/03/2024,3.6
22/03/2024,3.6
23/03/2024,3.6
24/03/2024,3.6
25/03/2024,3.6
26/03/2024,3.6
27/03/2024,3.6
28/03/2024,3.6
29/03/2024,3.6
30/03/2024,3.6
31/03/2024,3.6
01/04/2024,-0.6
02/04/2024,-0.6
03/04/2024,-0.6
04/04/2024,-0.6
05/04/2024,-0.6
06/04/2024,-0.6
07/04/2024,-0.6
08/04/2024,-0.6
09/04/2024,-0.6
10/04/2024,-0.6
11/04/2024,-0.6
12/04/2024,-0.6
13/04/2024,-0.6
14/04/2024,-0.6
15/04/2024,-0.6
16/04/2024,-0.6
17/04/2024,-0.6
18/04/2024,-0.6
19/04/2024,-0.6
20/04/2024,-0.6
21/04/2024,-0.6
22/04/2024,-0.6
23/04/2024,-0.6
24/04/2024,-0.6
25/04/2024,-0.6
26/04/2024,-0.6
27/04/2024,-0.6
28/04/2024,-0.6
29/04/2024,-0.6
30/04/2024,-0.6
01/05/2024,-0.6
02/05/2024,-0.6
03/05/2024,-0.6
04/05/2024,-0.6
05/05/2024,-0.6
06/05/2024,-0.6
07/05/2024,-0.6
08/05/2024,-0.6
09/05/2024,-0.6
10/05/2024,-0.6
11/05/2024,-0.6
12/05/2024,-0.6
13/05/2024,-0.6
14/05/2024,-0.6
15/05/2024,-0.6
16/05/2024,-0.6
17/05/2024,-0.6
18/05/2024,-0.6
19/05/2024,-0.6
20/05/2024,-0.6
21/05/2024,-0.6
22/05/2024,-0.6
23/05/2024,-0.6
24/05/2024,-0.6
25/05/2024,-0.6
26/05/2024,-0.6
27/05/2024,-0.6
28/05/2024,-0.6
29/05/2024,-0.6
30/05/2024,-0.6
31/05/2024,-0.6
01/06/2024,-0.6
02/06/2024,-0.6
03/06/2024,-0.6
04/06/2024,-0.6
05/06/2024,-0.6
06/06/2024,-0.6
07/06/2024,-0.6
08/06/2024,-0.6
09/06/2024,-0.6
10/06/2024,-0.6
11/06/2024,-0.6
12/06/2024,-0.6
13/06/2024,-0.6
14/06/2024,-0.6
15/06/2024,-0.6
16/06/2024,-0.6
17/06/2024,-0.6
18/06/2024,-0.6
19/06/2024,-0.6
20/06/2024,-0.6
21/06/2024,-0.6
22/06/2024,-0.6
23/06/2024,-0.6
24/06/2024,-0.6
25/06/2024,-0.6
26/06/2024,-0.6
27/06/2024,-0.6
28/06/2024,-0.6
29/06/2024,-0.6
30/06/2024,-0.6
01/07/2024,0.6
02/07/2024,0.6
03/07/2024,0.6
04/07/2024,0.6
05/07/2024,0.6
06/07/2024,0.6
07/07/2024,0.6
08/07/2024,0.6
09/07/2024,0.6
10/07/2024,0.6
11/07/2024,0.6
12/07/2024,0.6
13/07/2024,0.6
14/07/2024,0.6
15/07/2024,0.6
16/07/2024,0.6
17/07/2024,0.6
18/07/2024,0.6
19/07/2024,0.6
20/07/2024,0.6
21/07/2024,0.6
22/07/2024,0.6
23/07/2024,0.6
24/07/2024,0.6
25/07/2024,0.6
26/07/2024,0.6
27/07/2024,0.6
28/07/2024,0.6
29/07/2024,0.6
30/07/2024,0.6
31/07/2024,0.6
01/08/2024,0.6
02/08/2024,0.6
03/08/2024,0.6
04/08/2024,0.6
05/08/2024,0.6
06/08/2024,0.6
07/08/2024,0.6
08/08/2024,0.6
09/08/2024,0.6
10/08/2024,0.6
11/08/2024,0.6
12/08/2024,0.6
13/08/2024,0.6
14/08/2024,0.6
15/08/2024,0.6
16/08/2024,0.6
17/08/2024,0.6
18/08/2024,0.6
19/08/2024,0.6
20/08/2024,0.6
21/08/2024,0.6
22/08/2024,0.6
23/08/2024,0.6
24/08/2024,0.6
25/08/2024,0.6
26/08/2024,0.6
27/08/2024,0.6
28/08/2024,0.6
29/08/2024,0.6
30/08/2024,0.6
31/08/2024,0.6
01/09/2024,0.6
02/09/2024,0.6
03/09/2024,0.6
04/09/2024,0.6
05/09/2024,0.6
06/09/2024,0.6
07/09/2024,0.6
08/09/2024,0.6
09/09/2024,0.6
10/09/2024,0.6
11/09/2024,0.6
12/09/2024,0.6
13/09/2024,0.6
14/09/2024,0.6
15/09/2024,0.6
16/09/2024,0.6
17/09/2024,0.6
18/09/2024,0.6
19/09/2024,0.6
20/09/2024,0.6
21/09/2024,0.6
22/09/2024,0.6
23/09/2024,0.6
24/09/2024,0.6
25/09/2024,0.6
26/09/2024,0.6
27/09/2024,0.6
28/09/2024,0.6
29/09/2024,0.6
30/09/2024,0.6
01/10/2024,-3.8
02/10/2024,-3.8
03/10/2024,-3.8
04/10/2024,-3.8
05/10/2024,-3.8
06/10/2024,-3.8
07/10/2024,-3.8
08/10/2024,-3.8
09/10/2024,-3.8
10/10/2024,-3.8
11/10/2024,-3.8
12/10/2024,-3.8
13/10/2024,-3.8
14/10/2024,-3.8
15/10/2024,-3.8
16/10/2024,-3.8
17/10/2024,-3.8
18/10/2024,-3.8
19/10/2024,-3.8
20/10/2024,-3.8
21/10/2024,-3.8
22/10/2024,-3.8
23/10/2024,-3.8
24/10/2024,-3.8
25/10/2024,-3.8
26/10/2024,-3.8
27/10/2024,-3.8
28/10/2024,-3.8
29/10/2024,-3.8
30/10/2024,-3.8
31/10/2024,-3.8
01/11/2024,-3.8
02/11/2024,-3.8
03/11/2024,-3.8
04/11/2024,-3.8
05/11/2024,-3.8
06/11/2024,-3.8
07/11/2024,-3.8
08/11/2024,-3.8
09/11/2024,-3.8
10/11/2024,-3.8
11/11/2024,-3.8
12/11/2024,-3.8
13/11/2024,-3.8
14/11/2024,-3.8
15/11/2024,-3.8
16/11/2024,-3.8
17/11/2024,-3.8
18/11/2024,-3.8
19/11/2024,-3.8
20/11/2024,-3.8
21/11/2024,-3.8
22/11/2024,-3.8
23/11/2024,-3.8
24/11/2024,-3.8
25/11/2024,-3.8
26/11/2024,-3.8
27/11/2024,-3.8
28/11/2024,-3.8
29/11/2024,-3.8
30/11/2024,-3.8
01/12/2024,-3.8
02/12/2024,-3.8
03/12/2024,-3.8
04/12/2024,-3.8
05/12/2024,-3.8
06/12/2024,-3.8
07/12/2024,-3.8
08/12/2024,-3.8
09/12/2024,-3.8
10/12/2024,-3.8
11/12/2024,-3.8
12/12/2024,-3.8
13/12/2024,-3.8
14/12/2024,-3.8
15/12/2024,-3.8
16/12/2024,-3.8
17/12/2024,-3.8
18/12/2024,-3.8
19/12/2024,-3.8
20/12/2024,-3.8
21/12/2024,-3.8
22/12/2024,-3.8
23/12/2024,-3.8
24/12/2024,-3.8
25/12/2024,-3.8
26/12/2024,-3.8
27/12/2024,-3.8
28/12/2024,-3.8
29/12/2024,-3.8
30/12/2024,-3.8
31/12/2024,-3.8
01/01/2025,16.4
02/01/2025,16.4
03/01/2025,16.4
04/01/2025,16.4
05/01/2025,16.4
06/01/2025,16.4
07/01/2025,16.4
08/01/2025,16.4
09/01/2025,16.4
10/01/2025,16.4
11/01/2025,16.4
12/01/2025,16.4
13/01/2025,16.4
14/01/2025,16.4
15/01/2025,16.4
16/01/2025,16.4
17/01/2025,16.4
18/01/2025,16.4
19/01/2025,16.4
20/01/2025,16.4
21/01/2025,16.4
22/01/2025,16.4
23/01/2025,16.4
24/01/2025,16.4
25/01/2025,16.4
26/01/2025,16.4
27/01/2025,16.4
28/01/2025,16.4
29/01/2025,16.4
30/01/2025,16.4
31/01/2025,16.4
01/02/2025,16.4
02/02/2025,16.4
03/02/2025,16.4
04/02/2025,16.4
05/02/2025,16.4
06/02/2025,16.4
07/02/2025,16.4
08/02/2025,16.4
09/02/2025,16.4
10/02/2025,16.4
11/02/2025,16.4
12/02/2025,16.4
13/02/2025,16.4
14/02/2025,16.4
15/02/2025,16.4
16/02/2025,16.4
17/02/2025,16.4
18/02/2025,16.4
19/02/2025,16.4
20/02/2025,16.4
21/02/2025,16.4
22/02/2025,16.4
23/02/2025,16.4
24/02/2025,16.4
25/02/2025,16.4
26/02/2025,16.4
27/02/2025,16.4
28/02/2025,16.4
01/03/2025,16.4
02/03/2025,16.4
03/03/2025,16.4
04/03/2025,16.4
05/03/2025,16.4
06/03/2025,16.4
07/03/2025,16.4
08/03/2025,16.4
09/03/2025,16.4
10/03/2025,16.4
11/03/2025,16.4
12/03/2025,16.4
13/03/2025,16.4
14/03/2025,16.4
15/03/2025,16.4
16/03/2025,16.4
17/03/2025,16.4
18/03/2025,16.4
19/03/2025,16.4
20/03/2025,16.4
21/03/2025,16.4
22/03/2025,16.4
23/03/2025,16.4
24/03/2025,16.4
25/03/2025,16.4
26/03/2025,16.4
27/03/2025,16.4
28/03/2025,16.4
29/03/2025,16.4
30/03/2025,16.4
31/03/2025,16.4
01/04/2025,-1.4
02/04/2025,-1.4
03/04/2025,-1.4
04/04/2025,-1.4
05/04/2025,-1.4
06/04/2025,-1.4
07/04/2025,-1.4
08/04/2025,-1.4
09/04/2025,-1.4
10/04/2025,-1.4
11/04/2025,-1.4
12/04/2025,-1.4
13/04/2025,-1.4
14/04/2025,-1.4
15/04/2025,-1.4
16/04/2025,-1.4
17/04/2025,-1.4
18/04/2025,-1.4
19/04/2025,-1.4
20/04/2025,-1.4
21/04/2025,-1.4
22/04/2025,-1.4
23/04/2025,-1.4
24/04/2025,-1.4
25/04/2025,-1.4
26/04/2025,-1.4
27/04/2025,-1.4
28/04/2025,-1.4
29/04/2025,-1.4
30/04/2025,-1.4
01/05/2025,-1.4
02/05/2025,-1.4
03/05/2025,-1.4
04/05/2025,-1.4
05/05/2025,-1.4
06/05/2025,-1.4
07/05/2025,-1.4
08/05/2025,-1.4
09/05/2025,-1.4
10/05/2025,-1.4
11/05/2025,-1.4
12/05/2025,-1.4
13/05/2025,-1.4
14/05/2025,-1.4
15/05/2025,-1.4
16/05/2025,-1.4
17/05/2025,-1.4
18/05/2025,-1.4
19/05/2025,-1.4
20/05/2025,-1.4
21/05/2025,-1.4
22/05/2025,-1.4
23/05/2025,-1.4
24/05/2025,-1.4
25/05/2025,-1.4
26/05/2025,-1.4
27/05/2025,-1.4
28/05/2025,-1.4
29/05/2025,-1.4
30/05/2025,-1.4
31/05/2025,-1.4
01/06/2025,-1.4
02/06/2025,-1.4
03/06/2025,-1.4
04/06/2025,-1.4
05/06/2025,-1.4
06/06/2025,-1.4
07/06/2025,-1.4
08/06/2025,-1.4
09/06/2025,-1.4
10/06/2025,-1.4
11/06/2025,-1.4
12/06/2025,-1.4
13/06/2025,-1.4
14/06/2025,-1.4
15/06/2025,-1.4
16/06/2025,-1.4
17/06/2025,-1.4
18/06/2025,-1.4
19/06/2025,-1.4
20/06/2025,-1.4
21/06/2025,-1.4
22/06/2025,-1.4
23/06/2025,-1.4
24/06/2025,-1.4
25/06/2025,-1.4
26/06/2025,-1.4
27/06/2025,-1.4
28/06/2025,-1.4
29/06/2025,-1.4
30/06/2025,-1.4
01/07/2025,0.4
02/07/2025,0.4
03/07/2025,0.4
04/07/2025,0.4
05/07/2025,0.4
06/07/2025,0.4
07/07/2025,0.4
08/07/2025,0.4
09/07/2025,0.4
10/07/2025,0.4
11/07/2025,0.4
12/07/2025,0.4
13/07/2025,0.4
14/07/2025,0.4
15/07/2025,0.4
16/07/2025,0.4
17/07/2025,0.4
18/07/2025,0.4
19/07/2025,0.4
20/07/2025,0.4
21/07/2025,0.4
22/07/2025,0.4
23/07/2025,0.4
24/07/2025,0.4
25/07/2025,0.4
26/07/2025,0.4
27/07/2025,0.4
28/07/2025,0.4
29/07/2025,0.4
30/07/2025,0.4
31/07/2025,0.4
01/08/2025,0.4
02/08/2025,0.4
03/08/2025,0.4
04/08/2025,0.4
05/08/2025,0.4
06/08/2025,0.4
07/08/2025,0.4
08/08/2025,0.4
09/08/2025,0.4
10/08/2025,0.4
11/08/2025,0.4
12/08/2025,0.4
13/08/2025,0.4
14/08/2025,0.4
15/08/2025,0.4
16/08/2025,0.4
17/08/2025,0.4
18/08/2025,0.4
19/08/2025,0.4
20/08/2025,0.4
21/08/2025,0.4
22/08/2025,0.4
23/08/2025,0.4
24/08/2025,0.4
25/08/2025,0.4
26/08/2025,0.4
27/08/2025,0.4
28/08/2025,0.4
29/08/2025,0.4
30/08/2025,0.4
31/08/2025,0.4
01/09/2025,0.4
02/09/2025,0.4
03/09/2025,0.4
04/09/2025,0.4
05/09/2025,0.4
06/09/2025,0.4
07/09/2025,0.4
08/09/2025,0.4
09/09/2025,0.4
10/09/2025,0.4
11/09/2025,0.4
12/09/2025,0.4
13/09/2025,0.4
14/09/2025,0.4
15/09/2025,0.4
16/09/2025,0.4
17/09/2025,0.4
18/09/2025,0.4
19/09/2025,0.4
20/09/2025,0.4
21/09/2025,0.4
22/09/2025,0.4
23/09/2025,0.4
24/09/2025,0.4
25/09/2025,0.4
26/09/2025,0.4
27/09/2025,0.4
28/09/2025,0.4
29/09/2025,0.4
30/09/2025,0.4
01/10/2025,-2.5
02/10/2025,-2.5
03/10/2025,-2.5
04/10/2025,-2.5
05/10/2025,-2.5
06/10/2025,-2.5
07/10/2025,-2.5
08/10/2025,-2.5
09/10/2025,-2.5
10/10/2025,-2.5
11/10/2025,-2.5
12/10/2025,-2.5
13/10/2025,-2.5
14/10/2025,-2.5
15/10/2025,-2.5
16/10/2025,-2.5
17/10/2025,-2.5
18/10/2025,-2.5
19/10/2025,-2.5
20/10/2025,-2.5
21/10/2025,-2.5
22/10/2025,-2.5
23/10/2025,-2.5
24/10/2025,-2.5
25/10/2025,-2.5
26/10/2025,-2.5
27/10/2025,-2.5
28/10/2025,-2.5
29/10/2025,-2.5
30/10/2025,-2.5
31/10/2025,-2.5
01/11/2025,-2.5
02/11/2025,-2.5
03/11/2025,-2.5
04/11/2025,-2.5
05/11/2025,-2.5
06/11/2025,-2.5
07/11/2025,-2.5
08/11/2025,-2.5
09/11/2025,-2.5
10/11/2025,-2.5
11/11/2025,-2.5
12/11/2025,-2.5
13/11/2025,-2.5
14/11/2025,-2.5
15/11/2025,-2.5
16/11/2025,-2.5
17/11/2025,-2.5
18/11/2025,-2.5
19/11/2025,-2.5
20/11/2025,-2.5
21/11/2025,-2.5
22/11/2025,-2.5
23/11/2025,-2.5
24/11/2025,-2.5
25/11/2025,-2.5
26/11/2025,-2.5
27/11/2025,-2.5
28/11/2025,-2.5
29/11/2025,-2.5
30/11/2025,-2.5
01/12/2025,-2.5
02/12/2025,-2.5
03/12/2025,-2.5
04/12/2025,-2.5
05/12/2025,-2.5
06/12/2025,-2.5
07/12/2025,-2.5
08/12/2025,-2.5
09/12/2025,-2.5
10/12/2025,-2.5
11/12/2025,-2.5
12/12/2025,-2.5
13/12/2025,-2.5
14/12/2025,-2.5
15/12/2025,-2.5
16/12/2025,-2.5
17/12/2025,-2.5
18/12/2025,-2.5
19/12/2025,-2.5
20/12/2025,-2.5
21/12/2025,-2.5
22/12/2025,-2.5
23/12/2025,-2.5
24/12/2025,-2.5
25/12/2025,-2.5
26/12/2025,-2.5
27/12/2025,-2.5
28/12/2025,-2.5
29/12/2025,-2.5
30/12/2025,-2.5
31/12/2025,-2.5
