data,pib_brasil
01/01/2020,-0.7
02/01/2020,-0.7
03/01/2020,-0.7
04/01/2020,-0.7
05/01/2020,-0.7
06/01/2020,-0.7
07/01/2020,-0.7
08/01/2020,-0.7
09/01/2020,-0.7
10/01/2020,-0.7
11/01/2020,-0.7
12/01/2020,-0.7
13/01/2020,-0.7
14/01/2020,-0.7
15/01/2020,-0.7
16/01/2020,-0.7
17/01/2020,-0.7
18/01/2020,-0.7
19/01/2020,-0.7
20/01/2020,-0.7
21/01/2020,-0.7
22/01/2020,-0.7
23/01/2020,-0.7
24/01/2020,-0.7
25/01/2020,-0.7
26/01/2020,-0.7
27/01/2020,-0.7
28/01/2020,-0.7
29/01/2020,-0.7
30/01/2020,-0.7
31/01/2020,-0.7
01/02/2020,-0.7
02/02/2020,-0.7
03/02/2020,-0.7
04/02/2020,-0.7
05/02/2020,-0.7
06/02/2020,-0.7
07/02/2020,-0.7
08/02/2020,-0.7
09/02/2020,-0.7
10/02/2020,-0.7
11/02/2020,-0.7
12/02/2020,-0.7
13/02/2020,-0.7
14/02/2020,-0.7
15/02/2020,-0.7
16/02/2020,-0.7
17/02/2020,-0.7
18/02/2020,-0.7
19/02/2020,-0.7
20/02/2020,-0.7
21/02/2020,-0.7
22/02/2020,-0.7
23/02/2020,-0.7
24/02/2020,-0.7
25/02/2020,-0.7
26/02/2020,-0.7
27/02/2020,-0.7
28/02/2020,-0.7
29/02/2020,-0.7
01/03/2020,-0.7
02/03/2020,-0.7
03/03/2020,-0.7
04/03/2020,-0.7
05/03/2020,-0.7
06/03/2020,-0.7
07/03/2020,-0.7
08/03/2020,-0.7
09/03/2020,-0.7
10/03/2020,-0.7
11/03/2020,-0.7
12/03/2020,-0.7
13/03/2020,-0.7
14/03/2020,-0.7
15/03/2020,-0.7
16/03/2020,-0.7
17/03/2020,-0.7
18/03/2020,-0.7
19/03/2020,-0.7
20/03/2020,-0.7
21/03/2020,-0.7
22/03/2020,-0.7
23/03/2020,-0.7
24/03/2020,-0.7
25/03/2020,-0.7
26/03/2020,-0.7
27/03/2020,-0.7
28/03/2020,-0.7
29/03/2020,-0.7
30/03/2020,-0.7
31/03/2020,-0.7
01/04/2020,-9.2
02/04/2020,-9.2
03/04/2020,-9.2
04/04/2020,-9.2
05/04/2020,-9.2
06/04/2020,-9.2
07/04/2020,-9.2
08/04/2020,-9.2
09/04/2020,-9.2
10/04/2020,-9.2
11/04/2020,-9.2
12/04/2020,-9.2
13/04/2020,-9.2
14/04/2020,-9.2
15/04/2020,-9.2
16/04/2020,-9.2
17/04/2020,-9.2
18/04/2020,-9.2
19/04/2020,-9.2
20/04/2020,-9.2
21/04/2020,-9.2
22/04/2020,-9.2
23/04/2020,-9.2
24/04/2020,-9.2
25/04/2020,-9.2
26/04/2020,-9.2
27/04/2020,-9.2
28/04/2020,-9.2
29/04/2020,-9.2
30/04/2020,-9.2
01/05/2020,-9.2
02/05/2020,-9.2
03/05/2020,-9.2
04/05/2020,-9.2
05/05/2020,-9.2
06/05/2020,-9.2
07/05/2020,-9.2
08/05/2020,-9.2
09/05/2020,-9.2
10/05/2020,-9.2
11/05/2020,-9.2
12/05/2020,-9.2
13/05/2020,-9.2
14/05/2020,-9.2
15/05/2020,-9.2
16/05/2020,-9.2
17/05/2020,-9.2
18/05/2020,-9.2
19/05/2020,-9.2
20/05/2020,-9.2
21/05/2020,-9.2
22/05/2020,-9.2
23/05/2020,-9.2
24/05/2020,-9.2
25/05/2020,-9.2
26/05/2020,-9.2
27/05/2020,-9.2
28/05/2020,-9.2
29/05/2020,-9.2
30/05/2020,-9.2
31/05/2020,-9.2
01/06/2020,-9.2
02/06/2020,-9.2
03/06/2020,-9.2
04/06/2020,-9.2
05/06/2020,-9.2
06/06/2020,-9.2
07/06/2020,-9.2
08/06/2020,-9.2
09/06/2020,-9.2
10/06/2020,-9.2
11/06/2020,-9.2
12/06/2020,-9.2
13/06/2020,-9.2
14/06/2020,-9.2
15/06/2020,-9.2
16/06/2020,-9.2
17/06/2020,-9.2
18/06/2020,-9.2
19/06/2020,-9.2
20/06/2020,-9.2
21/06/2020,-9.2
22/06/2020,-9.2
23/06/2020,-9.2
24/06/2020,-9.2
25/06/2020,-9.2
26/06/2020,-9.2
27/06/2020,-9.2
28/06/2020,-9.2
29/06/2020,-9.2
30/06/2020,-9.2
01/07/2020,7.7
02/07/2020,7.7
03/07/2020,7.7
04/07/2020,7.7
05/07/2020,7.7
06/07/2020,7.7
07/07/2020,7.7
08/07/2020,7.7
09/07/2020,7.7
10/07/2020,7.7
11/07/2020,7.7
12/07/2020,7.7
13/07/2020,7.7
14/07/2020,7.7
15/07/2020,7.7
16/07/2020,7.7
17/07/2020,7.7
18/07/2020,7.7
19/07/2020,7.7
20/07/2020,7.7
21/07/2020,7.7
22/07/2020,7.7
23/07/2020,7.7
24/07/2020,7.7
25/07/2020,7.7
26/07/2020,7.7
27/07/2020,7.7
28/07/2020,7.7
29/07/2020,7.7
30/07/2020,7.7
31/07/2020,7.7
01/08/2020,7.7
02/08/2020,7.7
03/08/2020,7.7
04/08/2020,7.7
05/08/2020,7.7
06/08/2020,7.7
07/08/2020,7.7
08/08/2020,7.7
09/08/2020,7.7
10/08/2020,7.7
11/08/2020,7.7
12/08/2020,7.7
13/08/2020,7.7
14/08/2020,7.7
15/08/2020,7.7
16/08/2020,7.7
17/08/2020,7.7
18/08/2020,7.7
19/08/2020,7.7
20/08/2020,7.7
21/08/2020,7.7
22/08/2020,7.7
23/08/2020,7.7
24/08/2020,7.7
25/08/2020,7.7
26/08/2020,7.7
27/08/2020,7.7
28/08/2020,7.7
29/08/2020,7.7
30/08/2020,7.7
31/08/2020,7.7
01/09/2020,7.7
02/09/2020,7.7
03/09/2020,7.7
04/09/2020,7.7
05/09/2020,7.7
06/09/2020,7.7
07/09/2020,7.7
08/09/2020,7.7
09/09/2020,7.7
10/09/2020,7.7
11/09/2020,7.7
12/09/2020,7.7
13/09/2020,7.7
14/09/2020,7.7
15/09/2020,7.7
16/09/2020,7.7
17/09/2020,7.7
18/09/2020,7.7
19/09/2020,7.7
20/09/2020,7.7
21/09/2020,7.7
22/09/2020,7.7
23/09/2020,7.7
24/09/2020,7.7
25/09/2020,7.7
26/09/2020,7.7
27/09/2020,7.7
28/09/2020,7.7
29/09/2020,7.7
30/09/2020,7.7
01/10/2020,3.2
02/10/2020,3.2
03/10/2020,3.2
04/10/2020,3.2
05/10/2020,3.2
06/10/2020,3.2
07/10/2020,3.2
08/10/2020,3.2
09/10/2020,3.2
10/10/2020,3.2
11/10/2020,3.2
12/10/2020,3.2
13/10/2020,3.2
14/10/2020,3.2
15/10/2020,3.2
16/10/2020,3.2
17/10/2020,3.2
18/10/2020,3.2
19/10/2020,3.2
20/10/2020,3.2
21/10/2020,3.2
22/10/2020,3.2
23/10/2020,3.2
24/10/2020,3.2
25/10/2020,3.2
26/10/2020,3.2
27/10/2020,3.2
28/10/2020,3.2
29/10/2020,3.2
30/10/2020,3.2
31/10/2020,3.2
01/11/2020,3.2
02/11/2020,3.2
03/11/2020,3.2
04/11/2020,3.2
05/11/2020,3.2
06/11/2020,3.2
07/11/2020,3.2
08/11/2020,3.2
09/11/2020,3.2
10/11/2020,3.2
11/11/2020,3.2
12/11/2020,3.2
13/11/2020,3.2
14/11/2020,3.2
15/11/2020,3.2
16/11/2020,3.2
17/11/2020,3.2
18/11/2020,3.2
19/11/2020,3.2
20/11/2020,3.2
21/11/2020,3.2
22/11/2020,3.2
23/11/2020,3.2
24/11/2020,3.2
25/11/2020,3.2
26/11/2020,3.2
27/11/2020,3.2
28/11/2020,3.2
29/11/2020,3.2
30/11/2020,3.2
01/12/2020,3.2
02/12/2020,3.2
03/12/2020,3.2
04/12/2020,3.2
05/12/2020,3.2
06/12/2020,3.2
07/12/2020,3.2
08/12/2020,3.2
09/12/2020,3.2
10/12/2020,3.2
11/12/2020,3.2
12/12/2020,3.2
13/12/2020,3.2
14/12/2020,3.2
15/12/2020,3.2
16/12/2020,3.2
17/12/2020,3.2
18/12/2020,3.2
19/12/2020,3.2
20/12/2020,3.2
21/12/2020,3.2
22/12/2020,3.2
23/12/2020,3.2
24/12/2020,3.2
25/12/2020,3.2
26/12/2020,3.2
27/12/2020,3.2
28/12/2020,3.2
29/12/2020,3.2
30/12/2020,3.2
31/12/2020,3.2
01/01/2021,1.2
02/01/2021,1.2
03/01/2021,1.2
04/01/2021,1.2
05/01/2021,1.2
06/01/2021,1.2
07/01/2021,1.2
08/01/2021,1.2
09/01/2021,1.2
10/01/2021,1.2
11/01/2021,1.2
12/01/2021,1.2
13/01/2021,1.2
14/01/2021,1.2
15/01/2021,1.2
16/01/2021,1.2
17/01/2021,1.2
18/01/2021,1.2
19/01/2021,1.2
20/01/2021,1.2
21/01/2021,1.2
22/01/2021,1.2
23/01/2021,1.2
24/01/2021,1.2
25/01/2021,1.2
26/01/2021,1.2
27/01/2021,1.2
28/01/2021,1.2
29/01/2021,1.2
30/01/2021,1.2
31/01/2021,1.2
01/02/2021,1.2
02/02/2021,1.2
03/02/2021,1.2
04/02/2021,1.2
05/02/2021,1.2
06/02/2021,1.2
07/02/2021,1.2
08/02/2021,1.2
09/02/2021,1.2
10/02/2021,1.2
11/02/2021,1.2
12/02/2021,1.2
13/02/2021,1.2
14/02/2021,1.2
15/02/2021,1.2
16/02/2021,1.2
17/02/2021,1.2
18/02/2021,1.2
19/02/2021,1.2
20/02/2021,1.2
21/02/2021,1.2
22/02/2021,1.2
23/02/2021,1.2
24/02/2021,1.2
25/02/2021,1.2
26/02/2021,1.2
27/02/2021,1.2
28/02/2021,1.2
01/03/2021,1.2
02/03/2021,1.2
03/03/2021,1.2
04/03/2021,1.2
05/03/2021,1.2
06/03/2021,1.2
07/03/2021,1.2
08/03/2021,1.2
09/03/2021,1.2
10/03/2021,1.2
11/03/2021,1.2
12/03/2021,1.2
13/03/2021,1.2
14/03/2021,1.2
15/03/2021,1.2
16/03/2021,1.2
17/03/2021,1.2
18/03/2021,1.2
19/03/2021,1.2
20/03/2021,1.2
21/03/2021,1.2
22/03/2021,1.2
23/03/2021,1.2
24/03/2021,1.2
25/03/2021,1.2
26/03/2021,1.2
27/03/2021,1.2
28/03/2021,1.2
29/03/2021,1.2
30/03/2021,1.2
31/03/2021,1.2
01/04/2021,-0.2
02/04/2021,-0.2
03/04/2021,-0.2
04/04/2021,-0.2
05/04/2021,-0.2
06/04/2021,-0.2
07/04/2021,-0.2
08/04/2021,-0.2
09/04/2021,-0.2
10/04/2021,-0.2
11/04/2021,-0.2
12/04/2021,-0.2
13/04/2021,-0.2
14/04/2021,-0.2
15/04/2021,-0.2
16/04/2021,-0.2
17/04/2021,-0.2
18/04/2021,-0.2
19/04/2021,-0.2
20/04/2021,-0.2
21/04/2021,-0.2
22/04/2021,-0.2
23/04/2021,-0.2
24/04/2021,-0.2
25/04/2021,-0.2
26/04/2021,-0.2
27/04/2021,-0.2
28/04/2021,-0.2
29/04/2021,-0.2
30/04/2021,-0.2
01/05/2021,-0.2
02/05/2021,-0.2
03/05/2021,-0.2
04/05/2021,-0.2
05/05/2021,-0.2
06/05/2021,-0.2
07/05/2021,-0.2
08/05/2021,-0.2
09/05/2021,-0.2
10/05/2021,-0.2
11/05/2021,-0.2
12/05/2021,-0.2
13/05/2021,-0.2
14/05/2021,-0.2
15/05/2021,-0.2
16/05/2021,-0.2
17/05/2021,-0.2
18/05/2021,-0.2
19/05/2021,-0.2
20/05/2021,-0.2
21/05/2021,-0.2
22/05/2021,-0.2
23/05/2021,-0.2
24/05/2021,-0.2
25/05/2021,-0.2
26/05/2021,-0.2
27/05/2021,-0.2
28/05/2021,-0.2
29/05/2021,-0.2
30/05/2021,-0.2
31/05/2021,-0.2
01/06/2021,-0.2
02/06/2021,-0.2
03/06/2021,-0.2
04/06/2021,-0.2
05/06/2021,-0.2
06/06/2021,-0.2
07/06/2021,-0.2
08/06/2021,-0.2
09/06/2021,-0.2
10/06/2021,-0.2
11/06/2021,-0.2
12/06/2021,-0.2
13/06/2021,-0.2
14/06/2021,-0.2
15/06/2021,-0.2
16/06/2021,-0.2
17/06/2021,-0.2
18/06/2021,-0.2
19/06/2021,-0.2
20/06/2021,-0.2
21/06/2021,-0.2
22/06/2021,-0.2
23/06/2021,-0.2
24/06/2021,-0.2
25/06/2021,-0.2
26/06/2021,-0.2
27/06/2021,-0.2
28/06/2021,-0.2
29/06/2021,-0.2
30/06/2021,-0.2
01/07/2021,-0.2
02/07/2021,-0.2
03/07/2021,-0.2
04/07/2021,-0.2
05/07/2021,-0.2
06/07/2021,-0.2
07/07/2021,-0.2
08/07/2021,-0.2
09/07/2021,-0.2
10/07/2021,-0.2
11/07/2021,-0.2
12/07/2021,-0.2
13/07/2021,-0.2
14/07/2021,-0.2
15/07/2021,-0.2
16/07/2021,-0.2
17/07/2021,-0.2
18/07/2021,-0.2
19/07/2021,-0.2
20/07/2021,-0.2
21/07/2021,-0.2
22/07/2021,-0.2
23/07/2021,-0.2
24/07/2021,-0.2
25/07/2021,-0.2
26/07/2021,-0.2
27/07/2021,-0.2
28/07/2021,-0.2
29/07/2021,-0.2
30/07/2021,-0.2
31/07/2021,-0.2
01/08/2021,-0.2
02/08/2021,-0.2
03/08/2021,-0.2
04/08/2021,-0.2
05/08/2021,-0.2
06/08/2021,-0.2
07/08/2021,-0.2
08/08/2021,-0.2
09/08/2021,-0.2
10/08/2021,-0.2
11/08/2021,-0.2
12/08/2021,-0.2
13/08/2021,-0.2
14/08/2021,-0.2
15/08/2021,-0.2
16/08/2021,-0.2
17/08/2021,-0.2
18/08/2021,-0.2
19/08/2021,-0.2
20/08/2021,-0.2
21/08/2021,-0.2
22/08/2021,-0.2
23/08/2021,-0.2
24/08/2021,-0.2
25/08/2021,-0.2
26/08/2021,-0.2
27/08/2021,-0.2
28/08/2021,-0.2
29/08/2021,-0.2
30/08/2021,-0.2
31/08/2021,-0.2
01/09/2021,-0.2
02/09/2021,-0.2
03/09/2021,-0.2
04/09/2021,-0.2
05/09/2021,-0.2
06/09/2021,-0.2
07/09/2021,-0.2
08/09/2021,-0.2
09/09/2021,-0.2
10/09/2021,-0.2
11/09/2021,-0.2
12/09/2021,-0.2
13/09/2021,-0.2
14/09/2021,-0.2
15/09/2021,-0.2
16/09/2021,-0.2
17/09/2021,-0.2
18/09/2021,-0.2
19/09/2021,-0.2
20/09/2021,-0.2
21/09/2021,-0.2
22/09/2021,-0.2
23/09/2021,-0.2
24/09/2021,-0.2
25/09/2021,-0.2
26/09/2021,-0.2
27/09/2021,-0.2
28/09/2021,-0.2
29/09/2021,-0.2
30/09/2021,-0.2
01/10/2021,0.2
02/10/2021,0.2
03/10/2021,0.2
04/10/2021,0.2
05/10/2021,0.2
06/10/2021,0.2
07/10/2021,0.2
08/10/2021,0.2
09/10/2021,0.2
10/10/2021,0.2
11/10/2021,0.2
12/10/2021,0.2
13/10/2021,0.2
14/10/2021,0.2
15/10/2021,0.2
16/10/2021,0.2
17/10/2021,0.2
18/10/2021,0.2
19/10/2021,0.2
20/10/2021,0.2
21/10/2021,0.2
22/10/2021,0.2
23/10/2021,0.2
24/10/2021,0.2
25/10/2021,0.2
26/10/2021,0.2
27/10/2021,0.2
28/10/2021,0.2
29/10/2021,0.2
30/10/2021,0.2
31/10/2021,0.2
01/11/2021,0.2
02/11/2021,0.2
03/11/2021,0.2
04/11/2021,0.2
05/11/2021,0.2
06/11/2021,0.2
07/11/2021,0.2
08/11/2021,0.2
09/11/2021,0.2
10/11/2021,0.2
11/11/2021,0.2
12/11/2021,0.2
13/11/2021,0.2
14/11/2021,0.2
15/11/2021,0.2
16/11/2021,0.2
17/11/2021,0.2
18/11/2021,0.2
19/11/2021,0.2
20/11/2021,0.2
21/11/2021,0.2
22/11/2021,0.2
23/11/2021,0.2
24/11/2021,0.2
25/11/2021,0.2
26/11/2021,0.2
27/11/2021,0.2
28/11/2021,0.2
29/11/2021,0.2
30/11/2021,0.2
01/12/2021,0.2
02/12/2021,0.2
03/12/2021,0.2
04/12/2021,0.2
05/12/2021,0.2
06/12/2021,0.2
07/12/2021,0.2
08/12/2021,0.2
09/12/2021,0.2
10/12/2021,0.2
11/12/2021,0.2
12/12/2021,0.2
13/12/2021,0.2
14/12/2021,0.2
15/12/2021,0.2
16/12/2021,0.2
17/12/2021,0.2
18/12/2021,0.2
19/12/2021,0.2
20/12/2021,0.2
21/12/2021,0.2
22/12/2021,0.2
23/12/2021,0.2
24/12/2021,0.2
25/12/2021,0.2
26/12/2021,0.2
27/12/2021,0.2
28/12/2021,0.2
29/12/2021,0.2
30/12/2021,0.2
31/12/2021,0.2
01/01/2022,1
02/01/2022,1
03/01/2022,1
04/01/2022,1
05/01/2022,1
06/01/2022,1
07/01/2022,1
08/01/2022,1
09/01/2022,1
10/01/2022,1
11/01/2022,1
12/01/2022,1
13/01/2022,1
14/01/2022,1
15/01/2022,1
16/01/2022,1
17/01/2022,1
18/01/2022,1
19/01/2022,1
20/01/2022,1
21/01/2022,1
22/01/2022,1
23/01/2022,1
24/01/2022,1
25/01/2022,1
26/01/2022,1
27/01/2022,1
28/01/2022,1
29/01/2022,1
30/01/2022,1
31/01/2022,1
01/02/2022,1
02/02/2022,1
03/02/2022,1
04/02/2022,1
05/02/2022,1
06/02/2022,1
07/02/2022,1
08/02/2022,1
09/02/2022,1
10/02/2022,1
11/02/2022,1
12/02/2022,1
13/02/2022,1
14/02/2022,1
15/02/2022,1
16/02/2022,1
17/02/2022,1
18/02/2022,1
19/02/2022,1
20/02/2022,1
21/02/2022,1
22/02/2022,1
23/02/2022,1
24/02/2022,1
25/02/2022,1
26/02/2022,1
27/02/2022,1
28/02/2022,1
01/03/2022,1
02/03/2022,1
03/03/2022,1
04/03/2022,1
05/03/2022,1
06/03/2022,1
07/03/2022,1
08/03/2022,1
09/03/2022,1
10/03/2022,1
11/03/2022,1
12/03/2022,1
13/03/2022,1
14/03/2022,1
15/03/2022,1
16/03/2022,1
17/03/2022,1
18/03/2022,1
19/03/2022,1
20/03/2022,1
21/03/2022,1
22/03/2022,1
23/03/2022,1
24/03/2022,1
25/03/2022,1
26/03/2022,1
27/03/2022,1
28/03/2022,1
29/03/2022,1
30/03/2022,1
31/03/2022,1
01/04/2022,1.3
02/04/2022,1.3
03/04/2022,1.3
04/04/2022,1.3
05/04/2022,1.3
06/04/2022,1.3
07/04/2022,1.3
08/04/2022,1.3
09/04/2022,1.3
10/04/2022,1.3
11/04/2022,1.3
12/04/2022,1.3
13/04/2022,1.3
14/04/2022,1.3
15/04/2022,1.3
16/04/2022,1.3
17/04/2022,1.3
18/04/2022,1.3
19/04/2022,1.3
20/04/2022,1.3
21/04/2022,1.3
22/04/2022,1.3
23/04/2022,1.3
24/04/2022,1.3
25/04/2022,1.3
26/04/2022,1.3
27/04/2022,1.3
28/04/2022,1.3
29/04/2022,1.3
30/04/2022,1.3
01/05/2022,1.3
02/05/2022,1.3
03/05/2022,1.3
04/05/2022,1.3
05/05/2022,1.3
06/05/2022,1.3
07/05/2022,1.3
08/05/2022,1.3
09/05/2022,1.3
10/05/2022,1.3
11/05/2022,1.3
12/05/2022,1.3
13/05/2022,1.3
14/05/2022,1.3
15/05/2022,1.3
16/05/2022,1.3
17/05/2022,1.3
18/05/2022,1.3
19/05/2022,1.3
20/05/2022,1.3
21/05/2022,1.3
22/05/2022,1.3
23/05/2022,1.3
24/05/2022,1.3
25/05/2022,1.3
26/05/2022,1.3
27/05/2022,1.3
28/05/2022,1.3
29/05/2022,1.3
30/05/2022,1.3
31/05/2022,1.3
01/06/2022,1.3
02/06/2022,1.3
03/06/2022,1.3
04/06/2022,1.3
05/06/2022,1.3
06/06/2022,1.3
07/06/2022,1.3
08/06/2022,1.3
09/06/2022,1.3
10/06/2022,1.3
11/06/2022,1.3
12/06/2022,1.3
13/06/2022,1.3
14/06/2022,1.3
15/06/2022,1.3
16/06/2022,1.3
17/06/2022,1.3
18/06/2022,1.3
19/06/2022,1.3
20/06/2022,1.3
21/06/2022,1.3
22/06/2022,1.3
23/06/2022,1.3
24/06/2022,1.3
25/06/2022,1.3
26/06/2022,1.3
27/06/2022,1.3
28/06/2022,1.3
29/06/2022,1.3
30/06/2022,1.3
01/07/2022,0.5
02/07/2022,0.5
03/07/2022,0.5
04/07/2022,0.5
05/07/2022,0.5
06/07/2022,0.5
07/07/2022,0.5
08/07/2022,0.5
09/07/2022,0.5
10/07/2022,0.5
11/07/2022,0.5
12/07/2022,0.5
13/07/2022,0.5
14/07/2022,0.5
15/07/2022,0.5
16/07/2022,0.5
17/07/2022,0.5
18/07/2022,0.5
19/07/2022,0.5
20/07/2022,0.5
21/07/2022,0.5
22/07/2022,0.5
23/07/2022,0.5
24/07/2022,0.5
25/07/2022,0.5
26/07/2022,0.5
27/07/2022,0.5
28/07/2022,0.5
29/07/2022,0.5
30/07/2022,0.5
31/07/2022,0.5
01/08/2022,0.5
02/08/2022,0.5
03/08/2022,0.5
04/08/2022,0.5
05/08/2022,0.5
06/08/2022,0.5
07/08/2022,0.5
08/08/2022,0.5
09/08/2022,0.5
10/08/2022,0.5
11/08/2022,0.5
12/08/2022,0.5
13/08/2022,0.5
14/08/2022,0.5
15/08/2022,0.5
16/08/2022,0.5
17/08/2022,0.5
18/08/2022,0.5
19/08/2022,0.5
20/08/2022,0.5
21/08/2022,0.5
22/08/2022,0.5
23/08/2022,0.5
24/08/2022,0.5
25/08/2022,0.5
26/08/2022,0.5
27/08/2022,0.5
28/08/2022,0.5
29/08/2022,0.5
30/08/2022,0.5
31/08/2022,0.5
01/09/2022,0.5
02/09/2022,0.5
03/09/2022,0.5
04/09/2022,0.5
05/09/2022,0.5
06/09/2022,0.5
07/09/2022,0.5
08/09/2022,0.5
09/09/2022,0.5
10/09/2022,0.5
11/09/2022,0.5
12/09/2022,0.5
13/09/2022,0.5
14/09/2022,0.5
15/09/2022,0.5
16/09/2022,0.5
17/09/2022,0.5
18/09/2022,0.5
19/09/2022,0.5
20/09/2022,0.5
21/09/2022,0.5
22/09/2022,0.5
23/09/2022,0.5
24/09/2022,0.5
25/09/2022,0.5
26/09/2022,0.5
27/09/2022,0.5
28/09/2022,0.5
29/09/2022,0.5
30/09/2022,0.5
01/10/2022,0.2
02/10/2022,0.2
03/10/2022,0.2
04/10/2022,0.2
05/10/2022,0.2
06/10/2022,0.2
07/10/2022,0.2
08/10/2022,0.2
09/10/2022,0.2
10/10/2022,0.2
11/10/2022,0.2
12/10/2022,0.2
13/10/2022,0.2
14/10/2022,0.2
15/10/2022,0.2
16/10/2022,0.2
17/10/2022,0.2
18/10/2022,0.2
19/10/2022,0.2
20/10/2022,0.2
21/10/2022,0.2
22/10/2022,0.2
23/10/2022,0.2
24/10/2022,0.2
25/10/2022,0.2
26/10/2022,0.2
27/10/2022,0.2
28/10/2022,0.2
29/10/2022,0.2
30/10/2022,0.2
31/10/2022,0.2
01/11/2022,0.2
02/11/2022,0.2
03/11/2022,0.2
04/11/2022,0.2
05/11/2022,0.2
06/11/2022,0.2
07/11/2022,0.2
08/11/2022,0.2
09/11/2022,0.2
10/11/2022,0.2
11/11/2022,0.2
12/11/2022,0.2
13/11/2022,0.2
14/11/2022,0.2
15/11/2022,0.2
16/11/2022,0.2
17/11/2022,0.2
18/11/2022,0.2
19/11/2022,0.2
20/11/2022,0.2
21/11/2022,0.2
22/11/2022,0.2
23/11/2022,0.2
24/11/2022,0.2
25/11/2022,0.2
26/11/2022,0.2
27/11/2022,0.2
28/11/2022,0.2
29/11/2022,0.2
30/11/2022,0.2
01/12/2022,0.2
02/12/2022,0.2
03/12/2022,0.2
04/12/2022,0.2
05/12/2022,0.2
06/12/2022,0.2
07/12/2022,0.2
08/12/2022,0.2
09/12/2022,0.2
10/12/2022,0.2
11/12/2022,0.2
12/12/2022,0.2
13/12/2022,0.2
14/12/2022,0.2
15/12/2022,0.2
16/12/2022,0.2
17/12/2022,0.2
18/12/2022,0.2
19/12/2022,0.2
20/12/2022,0.2
21/12/2022,0.2
22/12/2022,0.2
23/12/2022,0.2
24/12/2022,0.2
25/12/2022,0.2
26/12/2022,0.2
27/12/2022,0.2
28/12/2022,0.2
29/12/2022,0.2
30/12/2022,0.2
31/12/2022,0.2
01/01/2023,1.8
02/01/2023,1.8
03/01/2023,1.8
04/01/2023,1.8
05/01/2023,1.8
06/01/2023,1.8
07/01/2023,1.8
08/01/2023,1.8
09/01/2023,1.8
10/01/2023,1.8
11/01/2023,1.8
12/01/2023,1.8
13/01/2023,1.8
14/01/2023,1.8
15/01/2023,1.8
16/01/2023,1.8
17/01/2023,1.8
18/01/2023,1.8
19/01/2023,1.8
20/01/2023,1.8
21/01/2023,1.8
22/01/2023,1.8
23/01/2023,1.8
24/01/2023,1.8
25/01/2023,1.8
26/01/2023,1.8
27/01/2023,1.8
28/01/2023,1.8
29/01/2023,1.8
30/01/2023,1.8
31/01/2023,1.8
01/02/2023,1.8
02/02/2023,1.8
03/02/2023,1.8
04/02/2023,1.8
05/02/2023,1.8
06/02/2023,1.8
07/02/2023,1.8
08/02/2023,1.8
09/02/2023,1.8
10/02/2023,1.8
11/02/2023,1.8
12/02/2023,1.8
13/02/2023,1.8
14/02/2023,1.8
15/02/2023,1.8
16/02/2023,1.8
17/02/2023,1.8
18/02/2023,1.8
19/02/2023,1.8
20/02/2023,1.8
21/02/2023,1.8
22/02/2023,1.8
23/02/2023,1.8
24/02/2023,1.8
25/02/2023,1.8
26/02/2023,1.8
27/02/2023,1.8
28/02/2023,1.8
01/03/2023,1.8
02/03/2023,1.8
03/03/2023,1.8
04/03/2023,1.8
05/03/2023,1.8
06/03/2023,1.8
07/03/2023,1.8
08/03/2023,1.8
09/03/2023,1.8
10/03/2023,1.8
11/03/2023,1.8
12/03/2023,1.8
13/03/2023,1.8
14/03/2023,1.8
15/03/2023,1.8
16/03/2023,1.8
17/03/2023,1.8
18/03/2023,1.8
19/03/2023,1.8
20/03/2023,1.8
21/03/2023,1.8
22/03/2023,1.8
23/03/2023,1.8
24/03/2023,1.8
25/03/2023,1.8
26/03/2023,1.8
27/03/2023,1.8
28/03/2023,1.8
29/03/2023,1.8
30/03/2023,1.8
31/03/2023,1.8
01/04/2023,0.9
02/04/2023,0.9
03/04/2023,0.9
04/04/2023,0.9
05/04/2023,0.9
06/04/2023,0.9
07/04/2023,0.9
08/04/2023,0.9
09/04/2023,0.9
10/04/2023,0.9
11/04/2023,0.9
12/04/2023,0.9
13/04/2023,0.9
14/04/2023,0.9
15/04/2023,0.9
16/04/2023,0.9
17/04/2023,0.9
18/04/2023,0.9
19/04/2023,0.9
20/04/2023,0.9
21/04/2023,0.9
22/04/2023,0.9
23/04/2023,0.9
24/04/2023,0.9
25/04/2023,0.9
26/04/2023,0.9
27/04/2023,0.9
28/04/2023,0.9
29/04/2023,0.9
30/04/2023,0.9
01/05/2023,0.9
02/05/2023,0.9
03/05/2023,0.9
04/05/2023,0.9
05/05/2023,0.9
06/05/2023,0.9
07/05/2023,0.9
08/05/2023,0.9
09/05/2023,0.9
10/05/2023,0.9
11/05/2023,0.9
12/05/2023,0.9
13/05/2023,0.9
14/05/2023,0.9
15/05/2023,0.9
16/05/2023,0.9
17/05/2023,0.9
18/05/2023,0.9
19/05/2023,0.9
20/05/2023,0.9
21/05/2023,0.9
22/05/2023,0.9
23/05/2023,0.9
24/05/2023,0.9
25/05/2023,0.9
26/05/2023,0.9
27/05/2023,0.9
28/05/2023,0.9
29/05/2023,0.9
30/05/2023,0.9
31/05/2023,0.9
01/06/2023,0.9
02/06/2023,0.9
03/06/2023,0.9
04/06/2023,0.9
05/06/2023,0.9
06/06/2023,0.9
07/06/2023,0.9
08/06/2023,0.9
09/06/2023,0.9
10/06/2023,0.9
11/06/2023,0.9
12/06/2023,0.9
13/06/2023,0.9
14/06/2023,0.9
15/06/2023,0.9
16/06/2023,0.9
17/06/2023,0.9
18/06/2023,0.9
19/06/2023,0.9
20/06/2023,0.9
21/06/2023,0.9
22/06/2023,0.9
23/06/2023,0.9
24/06/2023,0.9
25/06/2023,0.9
26/06/2023,0.9
27/06/2023,0.9
28/06/2023,0.9
29/06/2023,0.9
30/06/2023,0.9
01/07/2023,0.1
02/07/2023,0.1
03/07/2023,0.1
04/07/2023,0.1
05/07/2023,0.1
06/07/2023,0.1
07/07/2023,0.1
08/07/2023,0.1
09/07/2023,0.1
10/07/2023,0.1
11/07/2023,0.1
12/07/2023,0.1
13/07/2023,0.1
14/07/2023,0.1
15/07/2023,0.1
16/07/2023,0.1
17/07/2023,0.1
18/07/2023,0.1
19/07/2023,0.1
20/07/2023,0.1
21/07/2023,0.1
22/07/2023,0.1
23/07/2023,0.1
24/07/2023,0.1
25/07/2023,0.1
26/07/2023,0.1
27/07/2023,0.1
28/07/2023,0.1
29/07/2023,0.1
30/07/2023,0.1
31/07/2023,0.1
01/08/2023,0.1
02/08/2023,0.1
03/08/2023,0.1
04/08/2023,0.1
05/08/2023,0.1
06/08/2023,0.1
07/08/2023,0.1
08/08/2023,0.1
09/08/2023,0.1
10/08/2023,0.1
11/08/2023,0.1
12/08/2023,0.1
13/08/2023,0.1
14/08/2023,0.1
15/08/2023,0.1
16/08/2023,0.1
17/08/2023,0.1
18/08/2023,0.1
19/08/2023,0.1
20/08/2023,0.1
21/08/2023,0.1
22/08/2023,0.1
23/08/2023,0.1
24/08/2023,0.1
25/08/2023,0.1
26/08/2023,0.1
27/08/2023,0.1
28/08/2023,0.1
29/08/2023,0.1
30/08/2023,0.1
31/08/2023,0.1
01/09/2023,0.1
02/09/2023,0.1
03/09/2023,0.1
04/09/2023,0.1
05/09/2023,0.1
06/09/2023,0.1
07/09/2023,0.1
08/09/2023,0.1
09/09/2023,0.1
10/09/2023,0.1
11/09/2023,0.1
12/09/2023,0.1
13/09/2023,0.1
14/09/2023,0.1
15/09/2023,0.1
16/09/2023,0.1
17/09/2023,0.1
18/09/2023,0.1
19/09/2023,0.1
20/09/2023,0.1
21/09/2023,0.1
22/09/2023,0.1
23/09/2023,0.1
24/09/2023,0.1
25/09/2023,0.1
26/09/2023,0.1
27/09/2023,0.1
28/09/2023,0.1
29/09/2023,0.1
30/09/2023,0.1
01/10/2023,0.6
02/10/2023,0.6
03/10/2023,0.6
04/10/2023,0.6
05/10/2023,0.6
06/10/2023,0.6
07/10/2023,0.6
08/10/2023,0.6
09/10/2023,0.6
10/10/2023,0.6
11/10/2023,0.6
12/10/2023,0.6
13/10/2023,0.6
14/10/2023,0.6
15/10/2023,0.6
16/10/2023,0.6
17/10/2023,0.6
18/10/2023,0.6
19/10/2023,0.6
20/10/2023,0.6
21/10/2023,0.6
22/10/2023,0.6
23/10/2023,0.6
24/10/2023,0.6
25/10/2023,0.6
26/10/2023,0.6
27/10/2023,0.6
28/10/2023,0.6
29/10/2023,0.6
30/10/2023,0.6
31/10/2023,0.6
01/11/2023,0.6
02/11/2023,0.6
03/11/2023,0.6
04/11/2023,0.6
05/11/2023,0.6
06/11/2023,0.6
07/11/2023,0.6
08/11/2023,0.6
09/11/2023,0.6
10/11/2023,0.6
11/11/2023,0.6
12/11/2023,0.6
13/11/2023,0.6
14/11/2023,0.6
15/11/2023,0.6
16/11/2023,0.6
17/11/2023,0.6
18/11/2023,0.6
19/11/2023,0.6
20/11/2023,0.6
21/11/2023,0.6
22/11/2023,0.6
23/11/2023,0.6
24/11/2023,0.6
25/11/2023,0.6
26/11/2023,0.6
27/11/2023,0.6
28/11/2023,0.6
29/11/2023,0.6
30/11/2023,0.6
01/12/2023,0.6
02/12/2023,0.6
03/12/2023,0.6
04/12/2023,0.6
05/12/2023,0.6
06/12/2023,0.6
07/12/2023,0.6
08/12/2023,0.6
09/12/2023,0.6
10/12/2023,0.6
11/12/2023,0.6
12/12/2023,0.6
13/12/2023,0.6
14/12/2023,0.6
15/12/2023,0.6
16/12/2023,0.6
17/12/2023,0.6
18/12/2023,0.6
19/12/2023,0.6
20/12/2023,0.6
21/12/2023,0.6
22/12/2023,0.6
23/12/2023,0.6
24/12/2023,0.6
25/12/2023,0.6
26/12/2023,0.6
27/12/2023,0.6
28/12/2023,0.6
29/12/2023,0.6
30/12/2023,0.6
31/12/2023,0.6
01/01/2024,0.8
02/01/2024,0.8
03/01/2024,0.8
04/01/2024,0.8
05/01/2024,0.8
06/01/2024,0.8
07/01/2024,0.8
08/01/2024,0.8
09/01/2024,0.8
10/01/2024,0.8
11/01/2024,0.8
12/01/2024,0.8
13/01/2024,0.8
14/01/2024,0.8
15/01/2024,0.8
16/01/2024,0.8
17/01/2024,0.8
18/01/2024,0.8
19/01/2024,0.8
20/01/2024,0.8
21/01/2024,0.8
22/01/2024,0.8
23/01/2024,0.8
24/01/2024,0.8
25/01/2024,0.8
26/01/2024,0.8
27/01/2024,0.8
28/01/2024,0.8
29/01/2024,0.8
30/01/2024,0.8
31/01/2024,0.8
01/02/2024,0.8
02/02/2024,0.8
03/02/2024,0.8
04/02/2024,0.8
05/02/2024,0.8
06/02/2024,0.8
07/02/2024,0.8
08/02/2024,0.8
09/02/2024,0.8
10/02/2024,0.8
11/02/2024,0.8
12/02/2024,0.8
13/02/2024,0.8
14/02/2024,0.8
15/02/2024,0.8
16/02/2024,0.8
17/02/2024,0.8
18/02/2024,0.8
19/02/2024,0.8
20/02/2024,0.8
21/02/2024,0.8
22/02/2024,0.8
23/02/2024,0.8
24/02/2024,0.8
25/02/2024,0.8
26/02/2024,0.8
27/02/2024,0.8
28/02/2024,0.8
29/02/2024,0.8
01/03/2024,0.8
02/03/2024,0.8
03/03/2024,0.8
04/03/2024,0.8
05/03/2024,0.8
06/03/2024,0.8
07/03/2024,0.8
08/03/2024,0.8
09/03/2024,0.8
10/03/2024,0.8
11/03/2024,0.8
12/03/2024,0.8
13/03/2024,0.8
14/03/2024,0.8
15/03/2024,0.8
16/03/2024,0.8
17/03/2024,0.8
18/03/2024,0.8
19/03/2024,0.8
20/03/2024,0.8
21/03/2024,0.8
22/03/2024,0.8
23/03/2024,0.8
24/03/2024,0.8
25/03/2024,0.8
26/03/2024,0.8
27/03/2024,0.8
28/03/2024,0.8
29/03/2024,0.8
30/03/2024,0.8
31/03/2024,0.8
01/04/2024,0.4
02/04/2024,0.4
03/04/2024,0.4
04/04/2024,0.4
05/04/2024,0.4
06/04/2024,0.4
07/04/2024,0.4
08/04/2024,0.4
09/04/2024,0.4
10/04/2024,0.4
11/04/2024,0.4
12/04/2024,0.4
13/04/2024,0.4
14/04/2024,0.4
15/04/2024,0.4
16/04/2024,0.4
17/04/2024,0.4
18/04/2024,0.4
19/04/2024,0.4
20/04/2024,0.4
21/04/2024,0.4
22/04/2024,0.4
23/04/2024,0.4
24/04/2024,0.4
25/04/2024,0.4
26/04/2024,0.4
27/04/2024,0.4
28/04/2024,0.4
29/04/2024,0.4
30/04/2024,0.4
01/05/2024,0.4
02/05/2024,0.4
03/05/2024,0.4
04/05/2024,0.4
05/05/2024,0.4
06/05/2024,0.4
07/05/2024,0.4
08/05/2024,0.4
09/05/2024,0.4
10/05/2024,0.4
11/05/2024,0.4
12/05/2024,0.4
13/05/2024,0.4
14/05/2024,0.4
15/05/2024,0.4
16/05/2024,0.4
17/05/2024,0.4
18/05/2024,0.4
19/05/2024,0.4
20/05/2024,0.4
21/05/2024,0.4
22/05/2024,0.4
23/05/2024,0.4
24/05/2024,0.4
25/05/2024,0.4
26/05/2024,0.4
27/05/2024,0.4
28/05/2024,0.4
29/05/2024,0.4
30/05/2024,0.4
31/05/2024,0.4
01/06/2024,0.4
02/06/2024,0.4
03/06/2024,0.4
04/06/2024,0.4
05/06/2024,0.4
06/06/2024,0.4
07/06/2024,0.4
08/06/2024,0.4
09/06/2024,0.4
10/06/2024,0.4
11/06/2024,0.4
12/06/2024,0.4
13/06/2024,0.4
14/06/2024,0.4
15/06/2024,0.4
16/06/2024,0.4
17/06/2024,0.4
18/06/2024,0.4
19/06/2024,0.4
20/06/2024,0.4
21/06/2024,0.4
22/06/2024,0.4
23/06/2024,0.4
24/06/2024,0.4
25/06/2024,0.4
26/06/2024,0.4
27/06/2024,0.4
28/06/2024,0.4
29/06/2024,0.4
30/06/2024,0.4
01/07/2024,0.2
02/07/2024,0.2
03/07/2024,0.2
04/07/2024,0.2
05/07/2024,0.2
06/07/2024,0.2
07/07/2024,0.2
08/07/2024,0.2
09/07/2024,0.2
10/07/2024,0.2
11/07/2024,0.2
12/07/2024,0.2
13/07/2024,0.2
14/07/2024,0.2
15/07/2024,0.2
16/07/2024,0.2
17/07/2024,0.2
18/07/2024,0.2
19/07/2024,0.2
20/07/2024,0.2
21/07/2024,0.2
22/07/2024,0.2
23/07/2024,0.2
24/07/2024,0.2
25/07/2024,0.2
26/07/2024,0.2
27/07/2024,0.2
28/07/2024,0.2
29/07/2024,0.2
30/07/2024,0.2
31/07/2024,0.2
01/08/2024,0.2
02/08/2024,0.2
03/08/2024,0.2
04/08/2024,0.2
05/08/2024,0.2
06/08/2024,0.2
07/08/2024,0.2
08/08/2024,0.2
09/08/2024,0.2
10/08/2024,0.2
11/08/2024,0.2
12/08/2024,0.2
13/08/2024,0.2
14/08/2024,0.2
15/08/2024,0.2
16/08/2024,0.2
17/08/2024,0.2
18/08/2024,0.2
19/08/2024,0.2
20/08/2024,0.2
21/08/2024,0.2
22/08/2024,0.2
23/08/2024,0.2
24/08/2024,0.2
25/08/2024,0.2
26/08/2024,0.2
27/08/2024,0.2
28/08/2024,0.2
29/08/2024,0.2
30/08/2024,0.2
31/08/2024,0.2
01/09/2024,0.2
02/09/2024,0.2
03/09/2024,0.2
04/09/2024,0.2
05/09/2024,0.2
06/09/2024,0.2
07/09/2024,0.2
08/09/2024,0.2
09/09/2024,0.2
10/09/2024,0.2
11/09/2024,0.2
12/09/2024,0.2
13/09/2024,0.2
14/09/2024,0.2
15/09/2024,0.2
16/09/2024,0.2
17/09/2024,0.2
18/09/2024,0.2
19/09/2024,0.2
20/09/2024,0.2
21/09/2024,0.2
22/09/2024,0.2
23/09/2024,0.2
24/09/2024,0.2
25/09/2024,0.2
26/09/2024,0.2
27/09/2024,0.2
28/09/2024,0.2
29/09/2024,0.2
30/09/2024,0.2
01/10/2024,0.1
02/10/2024,0.1
03/10/2024,0.1
04/10/2024,0.1
05/10/2024,0.1
06/10/2024,0.1
07/10/2024,0.1
08/10/2024,0.1
09/10/2024,0.1
10/10/2024,0.1
11/10/2024,0.1
12/10/2024,0.1
13/10/2024,0.1
14/10/2024,0.1
15/10/2024,0.1
16/10/2024,0.1
17/10/2024,0.1
18/10/2024,0.1
19/10/2024,0.1
20/10/2024,0.1
21/10/2024,0.1
22/10/2024,0.1
23/10/2024,0.1
24/10/2024,0.1
25/10/2024,0.1
26/10/2024,0.1
27/10/2024,0.1
28/10/2024,0.1
29/10/2024,0.1
30/10/2024,0.1
31/10/2024,0.1
01/11/2024,0.1
02/11/2024,0.1
03/11/2024,0.1
04/11/2024,0.1
05/11/2024,0.1
06/11/2024,0.1
07/11/2024,0.1
08/11/2024,0.1
09/11/2024,0.1
10/11/2024,0.1
11/11/2024,0.1
12/11/2024,0.1
13/11/2024,0.1
14/11/2024,0.1
15/11/2024,0.1
16/11/2024,0.1
17/11/2024,0.1
18/11/2024,0.1
19/11/2024,0.1
20/11/2024,0.1
21/11/2024,0.1
22/11/2024,0.1
23/11/2024,0.1
24/11/2024,0.1
25/11/2024,0.1
26/11/2024,0.1
27/11/2024,0.1
28/11/2024,0.1
29/11/2024,0.1
30/11/2024,0.1
01/12/2024,0.1
02/12/2024,0.1
03/12/2024,0.1
04/12/2024,0.1
05/12/2024,0.1
06/12/2024,0.1
07/12/2024,0.1
08/12/2024,0.1
09/12/2024,0.1
10/12/2024,0.1
11/12/2024,0.1
12/12/2024,0.1
13/12/2024,0.1
14/12/2024,0.1
15/12/2024,0.1
16/12/2024,0.1
17/12/2024,0.1
18/12/2024,0.1
19/12/2024,0.1
20/12/2024,0.1
21/12/2024,0.1
22/12/2024,0.1
23/12/2024,0.1
24/12/2024,0.1
25/12/2024,0.1
26/12/2024,0.1
27/12/2024,0.1
28/12/2024,0.1
29/12/2024,0.1
30/12/2024,0.1
31/12/2024,0.1
01/01/2025,0.4
02/01/2025,0.4
03/01/2025,0.4
04/01/2025,0.4
05/01/2025,0.4
06/01/2025,0.4
07/01/2025,0.4
08/01/2025,0.4
09/01/2025,0.4
10/01/2025,0.4
11/01/2025,0.4
12/01/2025,0.4
13/01/2025,0.4
14/01/2025,0.4
15/01/2025,0.4
16/01/2025,0.4
17/01/2025,0.4
18/01/2025,0.4
19/01/2025,0.4
20/01/2025,0.4
21/01/2025,0.4
22/01/2025,0.4
23/01/2025,0.4
24/01/2025,0.4
25/01/2025,0.4
26/01/2025,0.4
27/01/2025,0.4
28/01/2025,0.4
29/01/2025,0.4
30/01/2025,0.4
31/01/2025,0.4
01/02/2025,0.4
02/02/2025,0.4
03/02/2025,0.4
04/02/2025,0.4
05/02/2025,0.4
06/02/2025,0.4
07/02/2025,0.4
08/02/2025,0.4
09/02/2025,0.4
10/02/2025,0.4
11/02/2025,0.4
12/02/2025,0.4
13/02/2025,0.4
14/02/2025,0.4
15/02/2025,0.4
16/02/2025,0.4
17/02/2025,0.4
18/02/2025,0.4
19/02/2025,0.4
20/02/2025,0.4
21/02/2025,0.4
22/02/2025,0.4
23/02/2025,0.4
24/02/2025,0.4
25/02/2025,0.4
26/02/2025,0.4
27/02/2025,0.4
28/02/2025,0.4
01/03/2025,0.4
02/03/2025,0.4
03/03/2025,0.4
04/03/2025,0.4
05/03/2025,0.4
06/03/2025,0.4
07/03/2025,0.4
08/03/2025,0.4
09/03/2025,0.4
10/03/2025,0.4
11/03/2025,0.4
12/03/2025,0.4
13/03/2025,0.4
14/03/2025,0.4
15/03/2025,0.4
16/03/2025,0.4
17/03/2025,0.4
18/03/2025,0.4
19/03/2025,0.4
20/03/2025,0.4
21/03/2025,0.4
22/03/2025,0.4
23/03/2025,0.4
24/03/2025,0.4
25/03/2025,0.4
26/03/2025,0.4
27/03/2025,0.4
28/03/2025,0.4
29/03/2025,0.4
30/03/2025,0.4
31/03/2025,0.4
01/04/2025,0.3
02/04/2025,0.3
03/04/2025,0.3
04/04/2025,0.3
05/04/2025,0.3
06/04/2025,0.3
07/04/2025,0.3
08/04/2025,0.3
09/04/2025,0.3
10/04/2025,0.3
11/04/2025,0.3
12/04/2025,0.3
13/04/2025,0.3
14/04/2025,0.3
15/04/2025,0.3
16/04/2025,0.3
17/04/2025,0.3
18/04/2025,0.3
19/04/2025,0.3
20/04/2025,0.3
21/04/2025,0.3
22/04/2025,0.3
23/04/2025,0.3
24/04/2025,0.3
25/04/2025,0.3
26/04/2025,0.3
27/04/2025,0.3
28/04/2025,0.3
29/04/2025,0.3
30/04/2025,0.3
01/05/2025,0.3
02/05/2025,0.3
03/05/2025,0.3
04/05/2025,0.3
05/05/2025,0.3
06/05/2025,0.3
07/05/2025,0.3
08/05/2025,0.3
09/05/2025,0.3
10/05/2025,0.3
11/05/2025,0.3
12/05/2025,0.3
13/05/2025,0.3
14/05/2025,0.3
15/05/2025,0.3
16/05/2025,0.3
17/05/2025,0.3
18/05/2025,0.3
19/05/2025,0.3
20/05/2025,0.3
21/05/2025,0.3
22/05/2025,0.3
23/05/2025,0.3
24/05/2025,0.3
25/05/2025,0.3
26/05/2025,0.3
27/05/2025,0.3
28/05/2025,0.3
29/05/2025,0.3
30/05/2025,0.3
31/05/2025,0.3
01/06/2025,0.3
02/06/2025,0.3
03/06/2025,0.3
04/06/2025,0.3
05/06/2025,0.3
06/06/2025,0.3
07/06/2025,0.3
08/06/2025,0.3
09/06/2025,0.3
10/06/2025,0.3
11/06/2025,0.3
12/06/2025,0.3
13/06/2025,0.3
14/06/2025,0.3
15/06/2025,0.3
16/06/2025,0.3
17/06/2025,0.3
18/06/2025,0.3
19/06/2025,0.3
20/06/2025,0.3
21/06/2025,0.3
22/06/2025,0.3
23/06/2025,0.3
24/06/2025,0.3
25/06/2025,0.3
26/06/2025,0.3
27/06/2025,0.3
28/06/2025,0.3
29/06/2025,0.3
30/06/2025,0.3
01/07/2025,0.3
02/07/2025,0.3
03/07/2025,0.3
04/07/2025,0.3
05/07/2025,0.3
06/07/2025,0.3
07/07/2025,0.3
08/07/2025,0.3
09/07/2025,0.3
10/07/2025,0.3
11/07/2025,0.3
12/07/2025,0.3
13/07/2025,0.3
14/07/2025,0.3
15/07/2025,0.3
16/07/2025,0.3
17/07/2025,0.3
18/07/2025,0.3
19/07/2025,0.3
20/07/2025,0.3
21/07/2025,0.3
22/07/2025,0.3
23/07/2025,0.3
24/07/2025,0.3
25/07/2025,0.3
26/07/2025,0.3
27/07/2025,0.3
28/07/2025,0.3
29/07/2025,0.3
30/07/2025,0.3
31/07/2025,0.3
01/08/2025,0.3
02/08/2025,0.3
03/08/2025,0.3
04/08/2025,0.3
05/08/2025,0.3
06/08/2025,0.3
07/08/2025,0.3
08/08/2025,0.3
09/08/2025,0.3
10/08/2025,0.3
11/08/2025,0.3
12/08/2025,0.3
13/08/2025,0.3
14/08/2025,0.3
15/08/2025,0.3
16/08/2025,0.3
17/08/2025,0.3
18/08/2025,0.3
19/08/2025,0.3
20/08/2025,0.3
21/08/2025,0.3
22/08/2025,0.3
23/08/2025,0.3
24/08/2025,0.3
25/08/2025,0.3
26/08/2025,0.3
27/08/2025,0.3
28/08/2025,0.3
29/08/2025,0.3
30/08/2025,0.3
31/08/2025,0.3
01/09/2025,0.3
02/09/2025,0.3
03/09/2025,0.3
04/09/2025,0.3
05/09/2025,0.3
06/09/2025,0.3
07/09/2025,0.3
08/09/2025,0.3
09/09/2025,0.3
10/09/2025,0.3
11/09/2025,0.3
12/09/2025,0.3
13/09/2025,0.3
14/09/2025,0.3
15/09/2025,0.3
16/09/2025,0.3
17/09/2025,0.3
18/09/2025,0.3
19/09/2025,0.3
20/09/2025,0.3
21/09/2025,0.3
22/09/2025,0.3
23/09/2025,0.3
24/09/2025,0.3
25/09/2025,0.3
26/09/2025,0.3
27/09/2025,0.3
28/09/2025,0.3
29/09/2025,0.3
30/09/2025,0.3
01/10/2025,0.4
02/10/2025,0.4
03/10/2025,0.4
04/10/2025,0.4
05/10/2025,0.4
06/10/2025,0.4
07/10/2025,0.4
08/10/2025,0.4
09/10/2025,0.4
10/10/2025,0.4
11/10/2025,0.4
12/10/2025,0.4
13/10/2025,0.4
14/10/2025,0.4
15/10/2025,0.4
16/10/2025,0.4
17/10/2025,0.4
18/10/2025,0.4
19/10/2025,0.4
20/10/2025,0.4
21/10/2025,0.4
22/10/2025,0.4
23/10/2025,0.4
24/10/2025,0.4
25/10/2025,0.4
26/10/2025,0.4
27/10/2025,0.4
28/10/2025,0.4
29/10/2025,0.4
30/10/2025,0.4
31/10/2025,0.4
01/11/2025,0.4
02/11/2025,0.4
03/11/2025,0.4
04/11/2025,0.4
05/11/2025,0.4
06/11/2025,0.4
07/11/2025,0.4
08/11/2025,0.4
09/11/2025,0.4
10/11/2025,0.4
11/11/2025,0.4
12/11/2025,0.4
13/11/2025,0.4
14/11/2025,0.4
15/11/2025,0.4
16/11/2025,0.4
17/11/2025,0.4
18/11/2025,0.4
19/11/2025,0.4
20/11/2025,0.4
21/11/2025,0.4
22/11/2025,0.4
23/11/2025,0.4
24/11/2025,0.4
25/11/2025,0.4
26/11/2025,0.4
27/11/2025,0.4
28/11/2025,0.4
29/11/2025,0.4
30/11/2025,0.4
01/12/2025,0.4
02/12/2025,0.4
03/12/2025,0.4
04/12/2025,0.4
05/12/2025,0.4
06/12/2025,0.4
07/12/2025,0.4
08/12/2025,0.4
09/12/2025,0.4
10/12/2025,0.4
11/12/2025,0.4
12/12/2025,0.4
13/12/2025,0.4
14/12/2025,0.4
15/12/2025,0.4
16/12/2025,0.4
17/12/2025,0.4
18/12/2025,0.4
19/12/2025,0.4
20/12/2025,0.4
21/12/2025,0.4
22/12/2025,0.4
23/12/2025,0.4
24/12/2025,0.4
25/12/2025,0.4
26/12/2025,0.4
27/12/2025,0.4
28/12/2025,0.4
29/12/2025,0.4
30/12/2025,0.4
31/12/2025,0.4
