data,ciclo
01/01/2020,PICO_NASCIMENTOS
02/01/2020,PICO_NASCIMENTOS
03/01/2020,PICO_NASCIMENTOS
04/01/2020,PICO_NASCIMENTOS
05/01/2020,PICO_NASCIMENTOS
06/01/2020,PICO_NASCIMENTOS
07/01/2020,PICO_NASCIMENTOS
08/01/2020,PICO_NASCIMENTOS
09/01/2020,PICO_NASCIMENTOS
10/01/2020,PICO_NASCIMENTOS
11/01/2020,PICO_NASCIMENTOS
12/01/2020,PICO_NASCIMENTOS
13/01/2020,PICO_NASCIMENTOS
14/01/2020,PICO_NASCIMENTOS
15/01/2020,PICO_NASCIMENTOS
16/01/2020,PICO_NASCIMENTOS
17/01/2020,PICO_NASCIMENTOS
18/01/2020,PICO_NASCIMENTOS
19/01/2020,PICO_NASCIMENTOS
20/01/2020,PICO_NASCIMENTOS
21/01/2020,PICO_NASCIMENTOS
22/01/2020,PICO_NASCIMENTOS
23/01/2020,PICO_NASCIMENTOS
24/01/2020,PICO_NASCIMENTOS
25/01/2020,PICO_NASCIMENTOS
26/01/2020,PICO_NASCIMENTOS
27/01/2020,PICO_NASCIMENTOS
28/01/2020,PICO_NASCIMENTOS
29/01/2020,PICO_NASCIMENTOS
30/01/2020,PICO_NASCIMENTOS
31/01/2020,PICO_NASCIMENTOS
01/02/2020,PICO_NASCIMENTOS
02/02/2020,PICO_NASCIMENTOS
03/02/2020,PICO_NASCIMENTOS
04/02/2020,PICO_NASCIMENTOS
05/02/2020,PICO_NASCIMENTOS
06/02/2020,PICO_NASCIMENTOS
07/02/2020,PICO_NASCIMENTOS
08/02/2020,PICO_NASCIMENTOS
09/02/2020,PICO_NASCIMENTOS
10/02/2020,PICO_NASCIMENTOS
11/02/2020,PICO_NASCIMENTOS
12/02/2020,PICO_NASCIMENTOS
13/02/2020,PICO_NASCIMENTOS
14/02/2020,PICO_NASCIMENTOS
15/02/2020,PICO_NASCIMENTOS
16/02/2020,PICO_NASCIMENTOS
17/02/2020,PICO_NASCIMENTOS
18/02/2020,PICO_NASCIMENTOS
19/02/2020,PICO_NASCIMENTOS
20/02/2020,PICO_NASCIMENTOS
21/02/2020,PICO_NASCIMENTOS
22/02/2020,PICO_NASCIMENTOS
23/02/2020,PICO_NASCIMENTOS
24/02/2020,PICO_NASCIMENTOS
25/02/2020,PICO_NASCIMENTOS
26/02/2020,PICO_NASCIMENTOS
27/02/2020,PICO_NASCIMENTOS
28/02/2020,PICO_NASCIMENTOS
29/02/2020,PICO_NASCIMENTOS
01/03/2020,PICO_NASCIMENTOS
02/03/2020,PICO_NASCIMENTOS
03/03/2020,PICO_NASCIMENTOS
04/03/2020,PICO_NASCIMENTOS
05/03/2020,PICO_NASCIMENTOS
06/03/2020,PICO_NASCIMENTOS
07/03/2020,PICO_NASCIMENTOS
08/03/2020,PICO_NASCIMENTOS
09/03/2020,PICO_NASCIMENTOS
10/03/2020,PICO_NASCIMENTOS
11/03/2020,PICO_NASCIMENTOS
12/03/2020,PICO_NASCIMENTOS
13/03/2020,PICO_NASCIMENTOS
14/03/2020,PICO_NASCIMENTOS
15/03/2020,PICO_NASCIMENTOS
16/03/2020,PICO_NASCIMENTOS
17/03/2020,PICO_NASCIMENTOS
18/03/2020,PICO_NASCIMENTOS
19/03/2020,PICO_NASCIMENTOS
20/03/2020,PICO_NASCIMENTOS
21/03/2020,PICO_NASCIMENTOS
22/03/2020,PICO_NASCIMENTOS
23/03/2020,PICO_NASCIMENTOS
24/03/2020,PICO_NASCIMENTOS
25/03/2020,PICO_NASCIMENTOS
26/03/2020,PICO_NASCIMENTOS
27/03/2020,PICO_NASCIMENTOS
28/03/2020,PICO_NASCIMENTOS
29/03/2020,PICO_NASCIMENTOS
30/03/2020,PICO_NASCIMENTOS
31/03/2020,PICO_NASCIMENTOS
01/04/2020,NASC_COMPLEMENTARES
02/04/2020,NASC_COMPLEMENTARES
03/04/2020,NASC_COMPLEMENTARES
04/04/2020,NASC_COMPLEMENTARES
05/04/2020,NASC_COMPLEMENTARES
06/04/2020,NASC_COMPLEMENTARES
07/04/2020,NASC_COMPLEMENTARES
08/04/2020,NASC_COMPLEMENTARES
09/04/2020,NASC_COMPLEMENTARES
10/04/2020,NASC_COMPLEMENTARES
11/04/2020,NASC_COMPLEMENTARES
12/04/2020,NASC_COMPLEMENTARES
13/04/2020,NASC_COMPLEMENTARES
14/04/2020,NASC_COMPLEMENTARES
15/04/2020,NASC_COMPLEMENTARES
16/04/2020,NASC_COMPLEMENTARES
17/04/2020,NASC_COMPLEMENTARES
18/04/2020,NASC_COMPLEMENTARES
19/04/2020,NASC_COMPLEMENTARES
20/04/2020,NASC_COMPLEMENTARES
21/04/2020,NASC_COMPLEMENTARES
22/04/2020,NASC_COMPLEMENTARES
23/04/2020,NASC_COMPLEMENTARES
24/04/2020,NASC_COMPLEMENTARES
25/04/2020,NASC_COMPLEMENTARES
26/04/2020,NASC_COMPLEMENTARES
27/04/2020,NASC_COMPLEMENTARES
28/04/2020,NASC_COMPLEMENTARES
29/04/2020,NASC_COMPLEMENTARES
30/04/2020,NASC_COMPLEMENTARES
01/05/2020,NASC_COMPLEMENTARES
02/05/2020,NASC_COMPLEMENTARES
03/05/2020,NASC_COMPLEMENTARES
04/05/2020,NASC_COMPLEMENTARES
05/05/2020,NASC_COMPLEMENTARES
06/05/2020,NASC_COMPLEMENTARES
07/05/2020,NASC_COMPLEMENTARES
08/05/2020,NASC_COMPLEMENTARES
09/05/2020,NASC_COMPLEMENTARES
10/05/2020,NASC_COMPLEMENTARES
11/05/2020,NASC_COMPLEMENTARES
12/05/2020,NASC_COMPLEMENTARES
13/05/2020,NASC_COMPLEMENTARES
14/05/2020,NASC_COMPLEMENTARES
15/05/2020,NASC_COMPLEMENTARES
16/05/2020,NASC_COMPLEMENTARES
17/05/2020,NASC_COMPLEMENTARES
18/05/2020,NASC_COMPLEMENTARES
19/05/2020,NASC_COMPLEMENTARES
20/05/2020,NASC_COMPLEMENTARES
21/05/2020,NASC_COMPLEMENTARES
22/05/2020,NASC_COMPLEMENTARES
23/05/2020,NASC_COMPLEMENTARES
24/05/2020,NASC_COMPLEMENTARES
25/05/2020,NASC_COMPLEMENTARES
26/05/2020,NASC_COMPLEMENTARES
27/05/2020,NASC_COMPLEMENTARES
28/05/2020,NASC_COMPLEMENTARES
29/05/2020,NASC_COMPLEMENTARES
30/05/2020,NASC_COMPLEMENTARES
31/05/2020,NASC_COMPLEMENTARES
01/06/2020,NASC_COMPLEMENTARES
02/06/2020,NASC_COMPLEMENTARES
03/06/2020,NASC_COMPLEMENTARES
04/06/2020,NASC_COMPLEMENTARES
05/06/2020,NASC_COMPLEMENTARES
06/06/2020,NASC_COMPLEMENTARES
07/06/2020,NASC_COMPLEMENTARES
08/06/2020,NASC_COMPLEMENTARES
09/06/2020,NASC_COMPLEMENTARES
10/06/2020,NASC_COMPLEMENTARES
11/06/2020,NASC_COMPLEMENTARES
12/06/2020,NASC_COMPLEMENTARES
13/06/2020,NASC_COMPLEMENTARES
14/06/2020,NASC_COMPLEMENTARES
15/06/2020,NASC_COMPLEMENTARES
16/06/2020,NASC_COMPLEMENTARES
17/06/2020,NASC_COMPLEMENTARES
18/06/2020,NASC_COMPLEMENTARES
19/06/2020,NASC_COMPLEMENTARES
20/06/2020,NASC_COMPLEMENTARES
21/06/2020,NASC_COMPLEMENTARES
22/06/2020,NASC_COMPLEMENTARES
23/06/2020,NASC_COMPLEMENTARES
24/06/2020,NASC_COMPLEMENTARES
25/06/2020,NASC_COMPLEMENTARES
26/06/2020,NASC_COMPLEMENTARES
27/06/2020,NASC_COMPLEMENTARES
28/06/2020,NASC_COMPLEMENTARES
29/06/2020,NASC_COMPLEMENTARES
30/06/2020,NASC_COMPLEMENTARES
01/07/2020,MENOR_TX_NASC
02/07/2020,MENOR_TX_NASC
03/07/2020,MENOR_TX_NASC
04/07/2020,MENOR_TX_NASC
05/07/2020,MENOR_TX_NASC
06/07/2020,MENOR_TX_NASC
07/07/2020,MENOR_TX_NASC
08/07/2020,MENOR_TX_NASC
09/07/2020,MENOR_TX_NASC
10/07/2020,MENOR_TX_NASC
11/07/2020,MENOR_TX_NASC
12/07/2020,MENOR_TX_NASC
13/07/2020,MENOR_TX_NASC
14/07/2020,MENOR_TX_NASC
15/07/2020,MENOR_TX_NASC
16/07/2020,MENOR_TX_NASC
17/07/2020,MENOR_TX_NASC
18/07/2020,MENOR_TX_NASC
19/07/2020,MENOR_TX_NASC
20/07/2020,MENOR_TX_NASC
21/07/2020,MENOR_TX_NASC
22/07/2020,MENOR_TX_NASC
23/07/2020,MENOR_TX_NASC
24/07/2020,MENOR_TX_NASC
25/07/2020,MENOR_TX_NASC
26/07/2020,MENOR_TX_NASC
27/07/2020,MENOR_TX_NASC
28/07/2020,MENOR_TX_NASC
29/07/2020,MENOR_TX_NASC
30/07/2020,MENOR_TX_NASC
31/07/2020,MENOR_TX_NASC
01/08/2020,MENOR_TX_NASC
02/08/2020,MENOR_TX_NASC
03/08/2020,MENOR_TX_NASC
04/08/2020,MENOR_TX_NASC
05/08/2020,MENOR_TX_NASC
06/08/2020,MENOR_TX_NASC
07/08/2020,MENOR_TX_NASC
08/08/2020,MENOR_TX_NASC
09/08/2020,MENOR_TX_NASC
10/08/2020,MENOR_TX_NASC
11/08/2020,MENOR_TX_NASC
12/08/2020,MENOR_TX_NASC
13/08/2020,MENOR_TX_NASC
14/08/2020,MENOR_TX_NASC
15/08/2020,MENOR_TX_NASC
16/08/2020,MENOR_TX_NASC
17/08/2020,MENOR_TX_NASC
18/08/2020,MENOR_TX_NASC
19/08/2020,MENOR_TX_NASC
20/08/2020,MENOR_TX_NASC
21/08/2020,MENOR_TX_NASC
22/08/2020,MENOR_TX_NASC
23/08/2020,MENOR_TX_NASC
24/08/2020,MENOR_TX_NASC
25/08/2020,MENOR_TX_NASC
26/08/2020,MENOR_TX_NASC
27/08/2020,MENOR_TX_NASC
28/08/2020,MENOR_TX_NASC
29/08/2020,MENOR_TX_NASC
30/08/2020,MENOR_TX_NASC
31/08/2020,MENOR_TX_NASC
01/09/2020,MENOR_TX_NASC
02/09/2020,MENOR_TX_NASC
03/09/2020,MENOR_TX_NASC
04/09/2020,MENOR_TX_NASC
05/09/2020,MENOR_TX_NASC
06/09/2020,MENOR_TX_NASC
07/09/2020,MENOR_TX_NASC
08/09/2020,MENOR_TX_NASC
09/09/2020,MENOR_TX_NASC
10/09/2020,MENOR_TX_NASC
11/09/2020,MENOR_TX_NASC
12/09/2020,MENOR_TX_NASC
13/09/2020,MENOR_TX_NASC
14/09/2020,MENOR_TX_NASC
15/09/2020,MENOR_TX_NASC
16/09/2020,MENOR_TX_NASC
17/09/2020,MENOR_TX_NASC
18/09/2020,MENOR_TX_NASC
19/09/2020,MENOR_TX_NASC
20/09/2020,MENOR_TX_NASC
21/09/2020,MENOR_TX_NASC
22/09/2020,MENOR_TX_NASC
23/09/2020,MENOR_TX_NASC
24/09/2020,MENOR_TX_NASC
25/09/2020,MENOR_TX_NASC
26/09/2020,MENOR_TX_NASC
27/09/2020,MENOR_TX_NASC
28/09/2020,MENOR_TX_NASC
29/09/2020,MENOR_TX_NASC
30/09/2020,MENOR_TX_NASC
01/10/2020,ESTACAO_MONTA
02/10/2020,ESTACAO_MONTA
03/10/2020,ESTACAO_MONTA
04/10/2020,ESTACAO_MONTA
05/10/2020,ESTACAO_MONTA
06/10/2020,ESTACAO_MONTA
07/10/2020,ESTACAO_MONTA
08/10/2020,ESTACAO_MONTA
09/10/2020,ESTACAO_MONTA
10/10/2020,ESTACAO_MONTA
11/10/2020,ESTACAO_MONTA
12/10/2020,ESTACAO_MONTA
13/10/2020,ESTACAO_MONTA
14/10/2020,ESTACAO_MONTA
15/10/2020,ESTACAO_MONTA
16/10/2020,ESTACAO_MONTA
17/10/2020,ESTACAO_MONTA
18/10/2020,ESTACAO_MONTA
19/10/2020,ESTACAO_MONTA
20/10/2020,ESTACAO_MONTA
21/10/2020,ESTACAO_MONTA
22/10/2020,ESTACAO_MONTA
23/10/2020,ESTACAO_MONTA
24/10/2020,ESTACAO_MONTA
25/10/2020,ESTACAO_MONTA
26/10/2020,ESTACAO_MONTA
27/10/2020,ESTACAO_MONTA
28/10/2020,ESTACAO_MONTA
29/10/2020,ESTACAO_MONTA
30/10/2020,ESTACAO_MONTA
31/10/2020,ESTACAO_MONTA
01/11/2020,ESTACAO_MONTA
02/11/2020,ESTACAO_MONTA
03/11/2020,ESTACAO_MONTA
04/11/2020,ESTACAO_MONTA
05/11/2020,ESTACAO_MONTA
06/11/2020,ESTACAO_MONTA
07/11/2020,ESTACAO_MONTA
08/11/2020,ESTACAO_MONTA
09/11/2020,ESTACAO_MONTA
10/11/2020,ESTACAO_MONTA
11/11/2020,ESTACAO_MONTA
12/11/2020,ESTACAO_MONTA
13/11/2020,ESTACAO_MONTA
14/11/2020,ESTACAO_MONTA
15/11/2020,ESTACAO_MONTA
16/11/2020,ESTACAO_MONTA
17/11/2020,ESTACAO_MONTA
18/11/2020,ESTACAO_MONTA
19/11/2020,ESTACAO_MONTA
20/11/2020,ESTACAO_MONTA
21/11/2020,ESTACAO_MONTA
22/11/2020,ESTACAO_MONTA
23/11/2020,ESTACAO_MONTA
24/11/2020,ESTACAO_MONTA
25/11/2020,ESTACAO_MONTA
26/11/2020,ESTACAO_MONTA
27/11/2020,ESTACAO_MONTA
28/11/2020,ESTACAO_MONTA
29/11/2020,ESTACAO_MONTA
30/11/2020,ESTACAO_MONTA
01/12/2020,ESTACAO_MONTA
02/12/2020,ESTACAO_MONTA
03/12/2020,ESTACAO_MONTA
04/12/2020,ESTACAO_MONTA
05/12/2020,ESTACAO_MONTA
06/12/2020,ESTACAO_MONTA
07/12/2020,ESTACAO_MONTA
08/12/2020,ESTACAO_MONTA
09/12/2020,ESTACAO_MONTA
10/12/2020,ESTACAO_MONTA
11/12/2020,ESTACAO_MONTA
12/12/2020,ESTACAO_MONTA
13/12/2020,ESTACAO_MONTA
14/12/2020,ESTACAO_MONTA
15/12/2020,ESTACAO_MONTA
16/12/2020,ESTACAO_MONTA
17/12/2020,ESTACAO_MONTA
18/12/2020,ESTACAO_MONTA
19/12/2020,ESTACAO_MONTA
20/12/2020,ESTACAO_MONTA
21/12/2020,ESTACAO_MONTA
22/12/2020,ESTACAO_MONTA
23/12/2020,ESTACAO_MONTA
24/12/2020,ESTACAO_MONTA
25/12/2020,ESTACAO_MONTA
26/12/2020,ESTACAO_MONTA
27/12/2020,ESTACAO_MONTA
28/12/2020,ESTACAO_MONTA
29/12/2020,ESTACAO_MONTA
30/12/2020,ESTACAO_MONTA
31/12/2020,ESTACAO_MONTA
01/01/2021,PICO_NASCIMENTOS
02/01/2021,PICO_NASCIMENTOS
03/01/2021,PICO_NASCIMENTOS
04/01/2021,PICO_NASCIMENTOS
05/01/2021,PICO_NASCIMENTOS
06/01/2021,PICO_NASCIMENTOS
07/01/2021,PICO_NASCIMENTOS
08/01/2021,PICO_NASCIMENTOS
09/01/2021,PICO_NASCIMENTOS
10/01/2021,PICO_NASCIMENTOS
11/01/2021,PICO_NASCIMENTOS
12/01/2021,PICO_NASCIMENTOS
13/01/2021,PICO_NASCIMENTOS
14/01/2021,PICO_NASCIMENTOS
15/01/2021,PICO_NASCIMENTOS
16/01/2021,PICO_NASCIMENTOS
17/01/2021,PICO_NASCIMENTOS
18/01/2021,PICO_NASCIMENTOS
19/01/2021,PICO_NASCIMENTOS
20/01/2021,PICO_NASCIMENTOS
21/01/2021,PICO_NASCIMENTOS
22/01/2021,PICO_NASCIMENTOS
23/01/2021,PICO_NASCIMENTOS
24/01/2021,PICO_NASCIMENTOS
25/01/2021,PICO_NASCIMENTOS
26/01/2021,PICO_NASCIMENTOS
27/01/2021,PICO_NASCIMENTOS
28/01/2021,PICO_NASCIMENTOS
29/01/2021,PICO_NASCIMENTOS
30/01/2021,PICO_NASCIMENTOS
31/01/2021,PICO_NASCIMENTOS
01/02/2021,PICO_NASCIMENTOS
02/02/2021,PICO_NASCIMENTOS
03/02/2021,PICO_NASCIMENTOS
04/02/2021,PICO_NASCIMENTOS
05/02/2021,PICO_NASCIMENTOS
06/02/2021,PICO_NASCIMENTOS
07/02/2021,PICO_NASCIMENTOS
08/02/2021,PICO_NASCIMENTOS
09/02/2021,PICO_NASCIMENTOS
10/02/2021,PICO_NASCIMENTOS
11/02/2021,PICO_NASCIMENTOS
12/02/2021,PICO_NASCIMENTOS
13/02/2021,PICO_NASCIMENTOS
14/02/2021,PICO_NASCIMENTOS
15/02/2021,PICO_NASCIMENTOS
16/02/2021,PICO_NASCIMENTOS
17/02/2021,PICO_NASCIMENTOS
18/02/2021,PICO_NASCIMENTOS
19/02/2021,PICO_NASCIMENTOS
20/02/2021,PICO_NASCIMENTOS
21/02/2021,PICO_NASCIMENTOS
22/02/2021,PICO_NASCIMENTOS
23/02/2021,PICO_NASCIMENTOS
24/02/2021,PICO_NASCIMENTOS
25/02/2021,PICO_NASCIMENTOS
26/02/2021,PICO_NASCIMENTOS
27/02/2021,PICO_NASCIMENTOS
28/02/2021,PICO_NASCIMENTOS
01/03/2021,PICO_NASCIMENTOS
02/03/2021,PICO_NASCIMENTOS
03/03/2021,PICO_NASCIMENTOS
04/03/2021,PICO_NASCIMENTOS
05/03/2021,PICO_NASCIMENTOS
06/03/2021,PICO_NASCIMENTOS
07/03/2021,PICO_NASCIMENTOS
08/03/2021,PICO_NASCIMENTOS
09/03/2021,PICO_NASCIMENTOS
10/03/2021,PICO_NASCIMENTOS
11/03/2021,PICO_NASCIMENTOS
12/03/2021,PICO_NASCIMENTOS
13/03/2021,PICO_NASCIMENTOS
14/03/2021,PICO_NASCIMENTOS
15/03/2021,PICO_NASCIMENTOS
16/03/2021,PICO_NASCIMENTOS
17/03/2021,PICO_NASCIMENTOS
18/03/2021,PICO_NASCIMENTOS
19/03/2021,PICO_NASCIMENTOS
20/03/2021,PICO_NASCIMENTOS
21/03/2021,PICO_NASCIMENTOS
22/03/2021,PICO_NASCIMENTOS
23/03/2021,PICO_NASCIMENTOS
24/03/2021,PICO_NASCIMENTOS
25/03/2021,PICO_NASCIMENTOS
26/03/2021,PICO_NASCIMENTOS
27/03/2021,PICO_NASCIMENTOS
28/03/2021,PICO_NASCIMENTOS
29/03/2021,PICO_NASCIMENTOS
30/03/2021,PICO_NASCIMENTOS
31/03/2021,PICO_NASCIMENTOS
01/04/2021,NASC_COMPLEMENTARES
02/04/2021,NASC_COMPLEMENTARES
03/04/2021,NASC_COMPLEMENTARES
04/04/2021,NASC_COMPLEMENTARES
05/04/2021,NASC_COMPLEMENTARES
06/04/2021,NASC_COMPLEMENTARES
07/04/2021,NASC_COMPLEMENTARES
08/04/2021,NASC_COMPLEMENTARES
09/04/2021,NASC_COMPLEMENTARES
10/04/2021,NASC_COMPLEMENTARES
11/04/2021,NASC_COMPLEMENTARES
12/04/2021,NASC_COMPLEMENTARES
13/04/2021,NASC_COMPLEMENTARES
14/04/2021,NASC_COMPLEMENTARES
15/04/2021,NASC_COMPLEMENTARES
16/04/2021,NASC_COMPLEMENTARES
17/04/2021,NASC_COMPLEMENTARES
18/04/2021,NASC_COMPLEMENTARES
19/04/2021,NASC_COMPLEMENTARES
20/04/2021,NASC_COMPLEMENTARES
21/04/2021,NASC_COMPLEMENTARES
22/04/2021,NASC_COMPLEMENTARES
23/04/2021,NASC_COMPLEMENTARES
24/04/2021,NASC_COMPLEMENTARES
25/04/2021,NASC_COMPLEMENTARES
26/04/2021,NASC_COMPLEMENTARES
27/04/2021,NASC_COMPLEMENTARES
28/04/2021,NASC_COMPLEMENTARES
29/04/2021,NASC_COMPLEMENTARES
30/04/2021,NASC_COMPLEMENTARES
01/05/2021,NASC_COMPLEMENTARES
02/05/2021,NASC_COMPLEMENTARES
03/05/2021,NASC_COMPLEMENTARES
04/05/2021,NASC_COMPLEMENTARES
05/05/2021,NASC_COMPLEMENTARES
06/05/2021,NASC_COMPLEMENTARES
07/05/2021,NASC_COMPLEMENTARES
08/05/2021,NASC_COMPLEMENTARES
09/05/2021,NASC_COMPLEMENTARES
10/05/2021,NASC_COMPLEMENTARES
11/05/2021,NASC_COMPLEMENTARES
12/05/2021,NASC_COMPLEMENTARES
13/05/2021,NASC_COMPLEMENTARES
14/05/2021,NASC_COMPLEMENTARES
15/05/2021,NASC_COMPLEMENTARES
16/05/2021,NASC_COMPLEMENTARES
17/05/2021,NASC_COMPLEMENTARES
18/05/2021,NASC_COMPLEMENTARES
19/05/2021,NASC_COMPLEMENTARES
20/05/2021,NASC_COMPLEMENTARES
21/05/2021,NASC_COMPLEMENTARES
22/05/2021,NASC_COMPLEMENTARES
23/05/2021,NASC_COMPLEMENTARES
24/05/2021,NASC_COMPLEMENTARES
25/05/2021,NASC_COMPLEMENTARES
26/05/2021,NASC_COMPLEMENTARES
27/05/2021,NASC_COMPLEMENTARES
28/05/2021,NASC_COMPLEMENTARES
29/05/2021,NASC_COMPLEMENTARES
30/05/2021,NASC_COMPLEMENTARES
31/05/2021,NASC_COMPLEMENTARES
01/06/2021,NASC_COMPLEMENTARES
02/06/2021,NASC_COMPLEMENTARES
03/06/2021,NASC_COMPLEMENTARES
04/06/2021,NASC_COMPLEMENTARES
05/06/2021,NASC_COMPLEMENTARES
06/06/2021,NASC_COMPLEMENTARES
07/06/2021,NASC_COMPLEMENTARES
08/06/2021,NASC_COMPLEMENTARES
09/06/2021,NASC_COMPLEMENTARES
10/06/2021,NASC_COMPLEMENTARES
11/06/2021,NASC_COMPLEMENTARES
12/06/2021,NASC_COMPLEMENTARES
13/06/2021,NASC_COMPLEMENTARES
14/06/2021,NASC_COMPLEMENTARES
15/06/2021,NASC_COMPLEMENTARES
16/06/2021,NASC_COMPLEMENTARES
17/06/2021,NASC_COMPLEMENTARES
18/06/2021,NASC_COMPLEMENTARES
19/06/2021,NASC_COMPLEMENTARES
20/06/2021,NASC_COMPLEMENTARES
21/06/2021,NASC_COMPLEMENTARES
22/06/2021,NASC_COMPLEMENTARES
23/06/2021,NASC_COMPLEMENTARES
24/06/2021,NASC_COMPLEMENTARES
25/06/2021,NASC_COMPLEMENTARES
26/06/2021,NASC_COMPLEMENTARES
27/06/2021,NASC_COMPLEMENTARES
28/06/2021,NASC_COMPLEMENTARES
29/06/2021,NASC_COMPLEMENTARES
30/06/2021,NASC_COMPLEMENTARES
01/07/2021,MENOR_TX_NASC
02/07/2021,MENOR_TX_NASC
03/07/2021,MENOR_TX_NASC
04/07/2021,MENOR_TX_NASC
05/07/2021,MENOR_TX_NASC
06/07/2021,MENOR_TX_NASC
07/07/2021,MENOR_TX_NASC
08/07/2021,MENOR_TX_NASC
09/07/2021,MENOR_TX_NASC
10/07/2021,MENOR_TX_NASC
11/07/2021,MENOR_TX_NASC
12/07/2021,MENOR_TX_NASC
13/07/2021,MENOR_TX_NASC
14/07/2021,MENOR_TX_NASC
15/07/2021,MENOR_TX_NASC
16/07/2021,MENOR_TX_NASC
17/07/2021,MENOR_TX_NASC
18/07/2021,MENOR_TX_NASC
19/07/2021,MENOR_TX_NASC
20/07/2021,MENOR_TX_NASC
21/07/2021,MENOR_TX_NASC
22/07/2021,MENOR_TX_NASC
23/07/2021,MENOR_TX_NASC
24/07/2021,MENOR_TX_NASC
25/07/2021,MENOR_TX_NASC
26/07/2021,MENOR_TX_NASC
27/07/2021,MENOR_TX_NASC
28/07/2021,MENOR_TX_NASC
29/07/2021,MENOR_TX_NASC
30/07/2021,MENOR_TX_NASC
31/07/2021,MENOR_TX_NASC
01/08/2021,MENOR_TX_NASC
02/08/2021,MENOR_TX_NASC
03/08/2021,MENOR_TX_NASC
04/08/2021,MENOR_TX_NASC
05/08/2021,MENOR_TX_NASC
06/08/2021,MENOR_TX_NASC
07/08/2021,MENOR_TX_NASC
08/08/2021,MENOR_TX_NASC
09/08/2021,MENOR_TX_NASC
10/08/2021,MENOR_TX_NASC
11/08/2021,MENOR_TX_NASC
12/08/2021,MENOR_TX_NASC
13/08/2021,MENOR_TX_NASC
14/08/2021,MENOR_TX_NASC
15/08/2021,MENOR_TX_NASC
16/08/2021,MENOR_TX_NASC
17/08/2021,MENOR_TX_NASC
18/08/2021,MENOR_TX_NASC
19/08/2021,MENOR_TX_NASC
20/08/2021,MENOR_TX_NASC
21/08/2021,MENOR_TX_NASC
22/08/2021,MENOR_TX_NASC
23/08/2021,MENOR_TX_NASC
24/08/2021,MENOR_TX_NASC
25/08/2021,MENOR_TX_NASC
26/08/2021,MENOR_TX_NASC
27/08/2021,MENOR_TX_NASC
28/08/2021,MENOR_TX_NASC
29/08/2021,MENOR_TX_NASC
30/08/2021,MENOR_TX_NASC
31/08/2021,MENOR_TX_NASC
01/09/2021,MENOR_TX_NASC
02/09/2021,MENOR_TX_NASC
03/09/2021,MENOR_TX_NASC
04/09/2021,MENOR_TX_NASC
05/09/2021,MENOR_TX_NASC
06/09/2021,MENOR_TX_NASC
07/09/2021,MENOR_TX_NASC
08/09/2021,MENOR_TX_NASC
09/09/2021,MENOR_TX_NASC
10/09/2021,MENOR_TX_NASC
11/09/2021,MENOR_TX_NASC
12/09/2021,MENOR_TX_NASC
13/09/2021,MENOR_TX_NASC
14/09/2021,MENOR_TX_NASC
15/09/2021,MENOR_TX_NASC
16/09/2021,MENOR_TX_NASC
17/09/2021,MENOR_TX_NASC
18/09/2021,MENOR_TX_NASC
19/09/2021,MENOR_TX_NASC
20/09/2021,MENOR_TX_NASC
21/09/2021,MENOR_TX_NASC
22/09/2021,MENOR_TX_NASC
23/09/2021,MENOR_TX_NASC
24/09/2021,MENOR_TX_NASC
25/09/2021,MENOR_TX_NASC
26/09/2021,MENOR_TX_NASC
27/09/2021,MENOR_TX_NASC
28/09/2021,MENOR_TX_NASC
29/09/2021,MENOR_TX_NASC
30/09/2021,MENOR_TX_NASC
01/10/2021,ESTACAO_MONTA
02/10/2021,ESTACAO_MONTA
03/10/2021,ESTACAO_MONTA
04/10/2021,ESTACAO_MONTA
05/10/2021,ESTACAO_MONTA
06/10/2021,ESTACAO_MONTA
07/10/2021,ESTACAO_MONTA
08/10/2021,ESTACAO_MONTA
09/10/2021,ESTACAO_MONTA
10/10/2021,ESTACAO_MONTA
11/10/2021,ESTACAO_MONTA
12/10/2021,ESTACAO_MONTA
13/10/2021,ESTACAO_MONTA
14/10/2021,ESTACAO_MONTA
15/10/2021,ESTACAO_MONTA
16/10/2021,ESTACAO_MONTA
17/10/2021,ESTACAO_MONTA
18/10/2021,ESTACAO_MONTA
19/10/2021,ESTACAO_MONTA
20/10/2021,ESTACAO_MONTA
21/10/2021,ESTACAO_MONTA
22/10/2021,ESTACAO_MONTA
23/10/2021,ESTACAO_MONTA
24/10/2021,ESTACAO_MONTA
25/10/2021,ESTACAO_MONTA
26/10/2021,ESTACAO_MONTA
27/10/2021,ESTACAO_MONTA
28/10/2021,ESTACAO_MONTA
29/10/2021,ESTACAO_MONTA
30/10/2021,ESTACAO_MONTA
31/10/2021,ESTACAO_MONTA
01/11/2021,ESTACAO_MONTA
02/11/2021,ESTACAO_MONTA
03/11/2021,ESTACAO_MONTA
04/11/2021,ESTACAO_MONTA
05/11/2021,ESTACAO_MONTA
06/11/2021,ESTACAO_MONTA
07/11/2021,ESTACAO_MONTA
08/11/2021,ESTACAO_MONTA
09/11/2021,ESTACAO_MONTA
10/11/2021,ESTACAO_MONTA
11/11/2021,ESTACAO_MONTA
12/11/2021,ESTACAO_MONTA
13/11/2021,ESTACAO_MONTA
14/11/2021,ESTACAO_MONTA
15/11/2021,ESTACAO_MONTA
16/11/2021,ESTACAO_MONTA
17/11/2021,ESTACAO_MONTA
18/11/2021,ESTACAO_MONTA
19/11/2021,ESTACAO_MONTA
20/11/2021,ESTACAO_MONTA
21/11/2021,ESTACAO_MONTA
22/11/2021,ESTACAO_MONTA
23/11/2021,ESTACAO_MONTA
24/11/2021,ESTACAO_MONTA
25/11/2021,ESTACAO_MONTA
26/11/2021,ESTACAO_MONTA
27/11/2021,ESTACAO_MONTA
28/11/2021,ESTACAO_MONTA
29/11/2021,ESTACAO_MONTA
30/11/2021,ESTACAO_MONTA
01/12/2021,ESTACAO_MONTA
02/12/2021,ESTACAO_MONTA
03/12/2021,ESTACAO_MONTA
04/12/2021,ESTACAO_MONTA
05/12/2021,ESTACAO_MONTA
06/12/2021,ESTACAO_MONTA
07/12/2021,ESTACAO_MONTA
08/12/2021,ESTACAO_MONTA
09/12/2021,ESTACAO_MONTA
10/12/2021,ESTACAO_MONTA
11/12/2021,ESTACAO_MONTA
12/12/2021,ESTACAO_MONTA
13/12/2021,ESTACAO_MONTA
14/12/2021,ESTACAO_MONTA
15/12/2021,ESTACAO_MONTA
16/12/2021,ESTACAO_MONTA
17/12/2021,ESTACAO_MONTA
18/12/2021,ESTACAO_MONTA
19/12/2021,ESTACAO_MONTA
20/12/2021,ESTACAO_MONTA
21/12/2021,ESTACAO_MONTA
22/12/2021,ESTACAO_MONTA
23/12/2021,ESTACAO_MONTA
24/12/2021,ESTACAO_MONTA
25/12/2021,ESTACAO_MONTA
26/12/2021,ESTACAO_MONTA
27/12/2021,ESTACAO_MONTA
28/12/2021,ESTACAO_MONTA
29/12/2021,ESTACAO_MONTA
30/12/2021,ESTACAO_MONTA
31/12/2021,ESTACAO_MONTA
01/01/2022,PICO_NASCIMENTOS
02/01/2022,PICO_NASCIMENTOS
03/01/2022,PICO_NASCIMENTOS
04/01/2022,PICO_NASCIMENTOS
05/01/2022,PICO_NASCIMENTOS
06/01/2022,PICO_NASCIMENTOS
07/01/2022,PICO_NASCIMENTOS
08/01/2022,PICO_NASCIMENTOS
09/01/2022,PICO_NASCIMENTOS
10/01/2022,PICO_NASCIMENTOS
11/01/2022,PICO_NASCIMENTOS
12/01/2022,PICO_NASCIMENTOS
13/01/2022,PICO_NASCIMENTOS
14/01/2022,PICO_NASCIMENTOS
15/01/2022,PICO_NASCIMENTOS
16/01/2022,PICO_NASCIMENTOS
17/01/2022,PICO_NASCIMENTOS
18/01/2022,PICO_NASCIMENTOS
19/01/2022,PICO_NASCIMENTOS
20/01/2022,PICO_NASCIMENTOS
21/01/2022,PICO_NASCIMENTOS
22/01/2022,PICO_NASCIMENTOS
23/01/2022,PICO_NASCIMENTOS
24/01/2022,PICO_NASCIMENTOS
25/01/2022,PICO_NASCIMENTOS
26/01/2022,PICO_NASCIMENTOS
27/01/2022,PICO_NASCIMENTOS
28/01/2022,PICO_NASCIMENTOS
29/01/2022,PICO_NASCIMENTOS
30/01/2022,PICO_NASCIMENTOS
31/01/2022,PICO_NASCIMENTOS
01/02/2022,PICO_NASCIMENTOS
02/02/2022,PICO_NASCIMENTOS
03/02/2022,PICO_NASCIMENTOS
04/02/2022,PICO_NASCIMENTOS
05/02/2022,PICO_NASCIMENTOS
06/02/2022,PICO_NASCIMENTOS
07/02/2022,PICO_NASCIMENTOS
08/02/2022,PICO_NASCIMENTOS
09/02/2022,PICO_NASCIMENTOS
10/02/2022,PICO_NASCIMENTOS
11/02/2022,PICO_NASCIMENTOS
12/02/2022,PICO_NASCIMENTOS
13/02/2022,PICO_NASCIMENTOS
14/02/2022,PICO_NASCIMENTOS
15/02/2022,PICO_NASCIMENTOS
16/02/2022,PICO_NASCIMENTOS
17/02/2022,PICO_NASCIMENTOS
18/02/2022,PICO_NASCIMENTOS
19/02/2022,PICO_NASCIMENTOS
20/02/2022,PICO_NASCIMENTOS
21/02/2022,PICO_NASCIMENTOS
22/02/2022,PICO_NASCIMENTOS
23/02/2022,PICO_NASCIMENTOS
24/02/2022,PICO_NASCIMENTOS
25/02/2022,PICO_NASCIMENTOS
26/02/2022,PICO_NASCIMENTOS
27/02/2022,PICO_NASCIMENTOS
28/02/2022,PICO_NASCIMENTOS
01/03/2022,PICO_NASCIMENTOS
02/03/2022,PICO_NASCIMENTOS
03/03/2022,PICO_NASCIMENTOS
04/03/2022,PICO_NASCIMENTOS
05/03/2022,PICO_NASCIMENTOS
06/03/2022,PICO_NASCIMENTOS
07/03/2022,PICO_NASCIMENTOS
08/03/2022,PICO_NASCIMENTOS
09/03/2022,PICO_NASCIMENTOS
10/03/2022,PICO_NASCIMENTOS
11/03/2022,PICO_NASCIMENTOS
12/03/2022,PICO_NASCIMENTOS
13/03/2022,PICO_NASCIMENTOS
14/03/2022,PICO_NASCIMENTOS
15/03/2022,PICO_NASCIMENTOS
16/03/2022,PICO_NASCIMENTOS
17/03/2022,PICO_NASCIMENTOS
18/03/2022,PICO_NASCIMENTOS
19/03/2022,PICO_NASCIMENTOS
20/03/2022,PICO_NASCIMENTOS
21/03/2022,PICO_NASCIMENTOS
22/03/2022,PICO_NASCIMENTOS
23/03/2022,PICO_NASCIMENTOS
24/03/2022,PICO_NASCIMENTOS
25/03/2022,PICO_NASCIMENTOS
26/03/2022,PICO_NASCIMENTOS
27/03/2022,PICO_NASCIMENTOS
28/03/2022,PICO_NASCIMENTOS
29/03/2022,PICO_NASCIMENTOS
30/03/2022,PICO_NASCIMENTOS
31/03/2022,PICO_NASCIMENTOS
01/04/2022,NASC_COMPLEMENTARES
02/04/2022,NASC_COMPLEMENTARES
03/04/2022,NASC_COMPLEMENTARES
04/04/2022,NASC_COMPLEMENTARES
05/04/2022,NASC_COMPLEMENTARES
06/04/2022,NASC_COMPLEMENTARES
07/04/2022,NASC_COMPLEMENTARES
08/04/2022,NASC_COMPLEMENTARES
09/04/2022,NASC_COMPLEMENTARES
10/04/2022,NASC_COMPLEMENTARES
11/04/2022,NASC_COMPLEMENTARES
12/04/2022,NASC_COMPLEMENTARES
13/04/2022,NASC_COMPLEMENTARES
14/04/2022,NASC_COMPLEMENTARES
15/04/2022,NASC_COMPLEMENTARES
16/04/2022,NASC_COMPLEMENTARES
17/04/2022,NASC_COMPLEMENTARES
18/04/2022,NASC_COMPLEMENTARES
19/04/2022,NASC_COMPLEMENTARES
20/04/2022,NASC_COMPLEMENTARES
21/04/2022,NASC_COMPLEMENTARES
22/04/2022,NASC_COMPLEMENTARES
23/04/2022,NASC_COMPLEMENTARES
24/04/2022,NASC_COMPLEMENTARES
25/04/2022,NASC_COMPLEMENTARES
26/04/2022,NASC_COMPLEMENTARES
27/04/2022,NASC_COMPLEMENTARES
28/04/2022,NASC_COMPLEMENTARES
29/04/2022,NASC_COMPLEMENTARES
30/04/2022,NASC_COMPLEMENTARES
01/05/2022,NASC_COMPLEMENTARES
02/05/2022,NASC_COMPLEMENTARES
03/05/2022,NASC_COMPLEMENTARES
04/05/2022,NASC_COMPLEMENTARES
05/05/2022,NASC_COMPLEMENTARES
06/05/2022,NASC_COMPLEMENTARES
07/05/2022,NASC_COMPLEMENTARES
08/05/2022,NASC_COMPLEMENTARES
09/05/2022,NASC_COMPLEMENTARES
10/05/2022,NASC_COMPLEMENTARES
11/05/2022,NASC_COMPLEMENTARES
12/05/2022,NASC_COMPLEMENTARES
13/05/2022,NASC_COMPLEMENTARES
14/05/2022,NASC_COMPLEMENTARES
15/05/2022,NASC_COMPLEMENTARES
16/05/2022,NASC_COMPLEMENTARES
17/05/2022,NASC_COMPLEMENTARES
18/05/2022,NASC_COMPLEMENTARES
19/05/2022,NASC_COMPLEMENTARES
20/05/2022,NASC_COMPLEMENTARES
21/05/2022,NASC_COMPLEMENTARES
22/05/2022,NASC_COMPLEMENTARES
23/05/2022,NASC_COMPLEMENTARES
24/05/2022,NASC_COMPLEMENTARES
25/05/2022,NASC_COMPLEMENTARES
26/05/2022,NASC_COMPLEMENTARES
27/05/2022,NASC_COMPLEMENTARES
28/05/2022,NASC_COMPLEMENTARES
29/05/2022,NASC_COMPLEMENTARES
30/05/2022,NASC_COMPLEMENTARES
31/05/2022,NASC_COMPLEMENTARES
01/06/2022,NASC_COMPLEMENTARES
02/06/2022,NASC_COMPLEMENTARES
03/06/2022,NASC_COMPLEMENTARES
04/06/2022,NASC_COMPLEMENTARES
05/06/2022,NASC_COMPLEMENTARES
06/06/2022,NASC_COMPLEMENTARES
07/06/2022,NASC_COMPLEMENTARES
08/06/2022,NASC_COMPLEMENTARES
09/06/2022,NASC_COMPLEMENTARES
10/06/2022,NASC_COMPLEMENTARES
11/06/2022,NASC_COMPLEMENTARES
12/06/2022,NASC_COMPLEMENTARES
13/06/2022,NASC_COMPLEMENTARES
14/06/2022,NASC_COMPLEMENTARES
15/06/2022,NASC_COMPLEMENTARES
16/06/2022,NASC_COMPLEMENTARES
17/06/2022,NASC_COMPLEMENTARES
18/06/2022,NASC_COMPLEMENTARES
19/06/2022,NASC_COMPLEMENTARES
20/06/2022,NASC_COMPLEMENTARES
21/06/2022,NASC_COMPLEMENTARES
22/06/2022,NASC_COMPLEMENTARES
23/06/2022,NASC_COMPLEMENTARES
24/06/2022,NASC_COMPLEMENTARES
25/06/2022,NASC_COMPLEMENTARES
26/06/2022,NASC_COMPLEMENTARES
27/06/2022,NASC_COMPLEMENTARES
28/06/2022,NASC_COMPLEMENTARES
29/06/2022,NASC_COMPLEMENTARES
30/06/2022,NASC_COMPLEMENTARES
01/07/2022,MENOR_TX_NASC
02/07/2022,MENOR_TX_NASC
03/07/2022,MENOR_TX_NASC
04/07/2022,MENOR_TX_NASC
05/07/2022,MENOR_TX_NASC
06/07/2022,MENOR_TX_NASC
07/07/2022,MENOR_TX_NASC
08/07/2022,MENOR_TX_NASC
09/07/2022,MENOR_TX_NASC
10/07/2022,MENOR_TX_NASC
11/07/2022,MENOR_TX_NASC
12/07/2022,MENOR_TX_NASC
13/07/2022,MENOR_TX_NASC
14/07/2022,MENOR_TX_NASC
15/07/2022,MENOR_TX_NASC
16/07/2022,MENOR_TX_NASC
17/07/2022,MENOR_TX_NASC
18/07/2022,MENOR_TX_NASC
19/07/2022,MENOR_TX_NASC
20/07/2022,MENOR_TX_NASC
21/07/2022,MENOR_TX_NASC
22/07/2022,MENOR_TX_NASC
23/07/2022,MENOR_TX_NASC
24/07/2022,MENOR_TX_NASC
25/07/2022,MENOR_TX_NASC
26/07/2022,MENOR_TX_NASC
27/07/2022,MENOR_TX_NASC
28/07/2022,MENOR_TX_NASC
29/07/2022,MENOR_TX_NASC
30/07/2022,MENOR_TX_NASC
31/07/2022,MENOR_TX_NASC
01/08/2022,MENOR_TX_NASC
02/08/2022,MENOR_TX_NASC
03/08/2022,MENOR_TX_NASC
04/08/2022,MENOR_TX_NASC
05/08/2022,MENOR_TX_NASC
06/08/2022,MENOR_TX_NASC
07/08/2022,MENOR_TX_NASC
08/08/2022,MENOR_TX_NASC
09/08/2022,MENOR_TX_NASC
10/08/2022,MENOR_TX_NASC
11/08/2022,MENOR_TX_NASC
12/08/2022,MENOR_TX_NASC
13/08/2022,MENOR_TX_NASC
14/08/2022,MENOR_TX_NASC
15/08/2022,MENOR_TX_NASC
16/08/2022,MENOR_TX_NASC
17/08/2022,MENOR_TX_NASC
18/08/2022,MENOR_TX_NASC
19/08/2022,MENOR_TX_NASC
20/08/2022,MENOR_TX_NASC
21/08/2022,MENOR_TX_NASC
22/08/2022,MENOR_TX_NASC
23/08/2022,MENOR_TX_NASC
24/08/2022,MENOR_TX_NASC
25/08/2022,MENOR_TX_NASC
26/08/2022,MENOR_TX_NASC
27/08/2022,MENOR_TX_NASC
28/08/2022,MENOR_TX_NASC
29/08/2022,MENOR_TX_NASC
30/08/2022,MENOR_TX_NASC
31/08/2022,MENOR_TX_NASC
01/09/2022,MENOR_TX_NASC
02/09/2022,MENOR_TX_NASC
03/09/2022,MENOR_TX_NASC
04/09/2022,MENOR_TX_NASC
05/09/2022,MENOR_TX_NASC
06/09/2022,MENOR_TX_NASC
07/09/2022,MENOR_TX_NASC
08/09/2022,MENOR_TX_NASC
09/09/2022,MENOR_TX_NASC
10/09/2022,MENOR_TX_NASC
11/09/2022,MENOR_TX_NASC
12/09/2022,MENOR_TX_NASC
13/09/2022,MENOR_TX_NASC
14/09/2022,MENOR_TX_NASC
15/09/2022,MENOR_TX_NASC
16/09/2022,MENOR_TX_NASC
17/09/2022,MENOR_TX_NASC
18/09/2022,MENOR_TX_NASC
19/09/2022,MENOR_TX_NASC
20/09/2022,MENOR_TX_NASC
21/09/2022,MENOR_TX_NASC
22/09/2022,MENOR_TX_NASC
23/09/2022,MENOR_TX_NASC
24/09/2022,MENOR_TX_NASC
25/09/2022,MENOR_TX_NASC
26/09/2022,MENOR_TX_NASC
27/09/2022,MENOR_TX_NASC
28/09/2022,MENOR_TX_NASC
29/09/2022,MENOR_TX_NASC
30/09/2022,MENOR_TX_NASC
01/10/2022,ESTACAO_MONTA
02/10/2022,ESTACAO_MONTA
03/10/2022,ESTACAO_MONTA
04/10/2022,ESTACAO_MONTA
05/10/2022,ESTACAO_MONTA
06/10/2022,ESTACAO_MONTA
07/10/2022,ESTACAO_MONTA
08/10/2022,ESTACAO_MONTA
09/10/2022,ESTACAO_MONTA
10/10/2022,ESTACAO_MONTA
11/10/2022,ESTACAO_MONTA
12/10/2022,ESTACAO_MONTA
13/10/2022,ESTACAO_MONTA
14/10/2022,ESTACAO_MONTA
15/10/2022,ESTACAO_MONTA
16/10/2022,ESTACAO_MONTA
17/10/2022,ESTACAO_MONTA
18/10/2022,ESTACAO_MONTA
19/10/2022,ESTACAO_MONTA
20/10/2022,ESTACAO_MONTA
21/10/2022,ESTACAO_MONTA
22/10/2022,ESTACAO_MONTA
23/10/2022,ESTACAO_MONTA
24/10/2022,ESTACAO_MONTA
25/10/2022,ESTACAO_MONTA
26/10/2022,ESTACAO_MONTA
27/10/2022,ESTACAO_MONTA
28/10/2022,ESTACAO_MONTA
29/10/2022,ESTACAO_MONTA
30/10/2022,ESTACAO_MONTA
31/10/2022,ESTACAO_MONTA
01/11/2022,ESTACAO_MONTA
02/11/2022,ESTACAO_MONTA
03/11/2022,ESTACAO_MONTA
04/11/2022,ESTACAO_MONTA
05/11/2022,ESTACAO_MONTA
06/11/2022,ESTACAO_MONTA
07/11/2022,ESTACAO_MONTA
08/11/2022,ESTACAO_MONTA
09/11/2022,ESTACAO_MONTA
10/11/2022,ESTACAO_MONTA
11/11/2022,ESTACAO_MONTA
12/11/2022,ESTACAO_MONTA
13/11/2022,ESTACAO_MONTA
14/11/2022,ESTACAO_MONTA
15/11/2022,ESTACAO_MONTA
16/11/2022,ESTACAO_MONTA
17/11/2022,ESTACAO_MONTA
18/11/2022,ESTACAO_MONTA
19/11/2022,ESTACAO_MONTA
20/11/2022,ESTACAO_MONTA
21/11/2022,ESTACAO_MONTA
22/11/2022,ESTACAO_MONTA
23/11/2022,ESTACAO_MONTA
24/11/2022,ESTACAO_MONTA
25/11/2022,ESTACAO_MONTA
26/11/2022,ESTACAO_MONTA
27/11/2022,ESTACAO_MONTA
28/11/2022,ESTACAO_MONTA
29/11/2022,ESTACAO_MONTA
30/11/2022,ESTACAO_MONTA
01/12/2022,ESTACAO_MONTA
02/12/2022,ESTACAO_MONTA
03/12/2022,ESTACAO_MONTA
04/12/2022,ESTACAO_MONTA
05/12/2022,ESTACAO_MONTA
06/12/2022,ESTACAO_MONTA
07/12/2022,ESTACAO_MONTA
08/12/2022,ESTACAO_MONTA
09/12/2022,ESTACAO_MONTA
10/12/2022,ESTACAO_MONTA
11/12/2022,ESTACAO_MONTA
12/12/2022,ESTACAO_MONTA
13/12/2022,ESTACAO_MONTA
14/12/2022,ESTACAO_MONTA
15/12/2022,ESTACAO_MONTA
16/12/2022,ESTACAO_MONTA
17/12/2022,ESTACAO_MONTA
18/12/2022,ESTACAO_MONTA
19/12/2022,ESTACAO_MONTA
20/12/2022,ESTACAO_MONTA
21/12/2022,ESTACAO_MONTA
22/12/2022,ESTACAO_MONTA
23/12/2022,ESTACAO_MONTA
24/12/2022,ESTACAO_MONTA
25/12/2022,ESTACAO_MONTA
26/12/2022,ESTACAO_MONTA
27/12/2022,ESTACAO_MONTA
28/12/2022,ESTACAO_MONTA
29/12/2022,ESTACAO_MONTA
30/12/2022,ESTACAO_MONTA
31/12/2022,ESTACAO_MONTA
01/01/2023,PICO_NASCIMENTOS
02/01/2023,PICO_NASCIMENTOS
03/01/2023,PICO_NASCIMENTOS
04/01/2023,PICO_NASCIMENTOS
05/01/2023,PICO_NASCIMENTOS
06/01/2023,PICO_NASCIMENTOS
07/01/2023,PICO_NASCIMENTOS
08/01/2023,PICO_NASCIMENTOS
09/01/2023,PICO_NASCIMENTOS
10/01/2023,PICO_NASCIMENTOS
11/01/2023,PICO_NASCIMENTOS
12/01/2023,PICO_NASCIMENTOS
13/01/2023,PICO_NASCIMENTOS
14/01/2023,PICO_NASCIMENTOS
15/01/2023,PICO_NASCIMENTOS
16/01/2023,PICO_NASCIMENTOS
17/01/2023,PICO_NASCIMENTOS
18/01/2023,PICO_NASCIMENTOS
19/01/2023,PICO_NASCIMENTOS
20/01/2023,PICO_NASCIMENTOS
21/01/2023,PICO_NASCIMENTOS
22/01/2023,PICO_NASCIMENTOS
23/01/2023,PICO_NASCIMENTOS
24/01/2023,PICO_NASCIMENTOS
25/01/2023,PICO_NASCIMENTOS
26/01/2023,PICO_NASCIMENTOS
27/01/2023,PICO_NASCIMENTOS
28/01/2023,PICO_NASCIMENTOS
29/01/2023,PICO_NASCIMENTOS
30/01/2023,PICO_NASCIMENTOS
31/01/2023,PICO_NASCIMENTOS
01/02/2023,PICO_NASCIMENTOS
02/02/2023,PICO_NASCIMENTOS
03/02/2023,PICO_NASCIMENTOS
04/02/2023,PICO_NASCIMENTOS
05/02/2023,PICO_NASCIMENTOS
06/02/2023,PICO_NASCIMENTOS
07/02/2023,PICO_NASCIMENTOS
08/02/2023,PICO_NASCIMENTOS
09/02/2023,PICO_NASCIMENTOS
10/02/2023,PICO_NASCIMENTOS
11/02/2023,PICO_NASCIMENTOS
12/02/2023,PICO_NASCIMENTOS
13/02/2023,PICO_NASCIMENTOS
14/02/2023,PICO_NASCIMENTOS
15/02/2023,PICO_NASCIMENTOS
16/02/2023,PICO_NASCIMENTOS
17/02/2023,PICO_NASCIMENTOS
18/02/2023,PICO_NASCIMENTOS
19/02/2023,PICO_NASCIMENTOS
20/02/2023,PICO_NASCIMENTOS
21/02/2023,PICO_NASCIMENTOS
22/02/2023,PICO_NASCIMENTOS
23/02/2023,PICO_NASCIMENTOS
24/02/2023,PICO_NASCIMENTOS
25/02/2023,PICO_NASCIMENTOS
26/02/2023,PICO_NASCIMENTOS
27/02/2023,PICO_NASCIMENTOS
28/02/2023,PICO_NASCIMENTOS
01/03/2023,PICO_NASCIMENTOS
02/03/2023,PICO_NASCIMENTOS
03/03/2023,PICO_NASCIMENTOS
04/03/2023,PICO_NASCIMENTOS
05/03/2023,PICO_NASCIMENTOS
06/03/2023,PICO_NASCIMENTOS
07/03/2023,PICO_NASCIMENTOS
08/03/2023,PICO_NASCIMENTOS
09/03/2023,PICO_NASCIMENTOS
10/03/2023,PICO_NASCIMENTOS
11/03/2023,PICO_NASCIMENTOS
12/03/2023,PICO_NASCIMENTOS
13/03/2023,PICO_NASCIMENTOS
14/03/2023,PICO_NASCIMENTOS
15/03/2023,PICO_NASCIMENTOS
16/03/2023,PICO_NASCIMENTOS
17/03/2023,PICO_NASCIMENTOS
18/03/2023,PICO_NASCIMENTOS
19/03/2023,PICO_NASCIMENTOS
20/03/2023,PICO_NASCIMENTOS
21/03/2023,PICO_NASCIMENTOS
22/03/2023,PICO_NASCIMENTOS
23/03/2023,PICO_NASCIMENTOS
24/03/2023,PICO_NASCIMENTOS
25/03/2023,PICO_NASCIMENTOS
26/03/2023,PICO_NASCIMENTOS
27/03/2023,PICO_NASCIMENTOS
28/03/2023,PICO_NASCIMENTOS
29/03/2023,PICO_NASCIMENTOS
30/03/2023,PICO_NASCIMENTOS
31/03/2023,PICO_NASCIMENTOS
01/04/2023,NASC_COMPLEMENTARES
02/04/2023,NASC_COMPLEMENTARES
03/04/2023,NASC_COMPLEMENTARES
04/04/2023,NASC_COMPLEMENTARES
05/04/2023,NASC_COMPLEMENTARES
06/04/2023,NASC_COMPLEMENTARES
07/04/2023,NASC_COMPLEMENTARES
08/04/2023,NASC_COMPLEMENTARES
09/04/2023,NASC_COMPLEMENTARES
10/04/2023,NASC_COMPLEMENTARES
11/04/2023,NASC_COMPLEMENTARES
12/04/2023,NASC_COMPLEMENTARES
13/04/2023,NASC_COMPLEMENTARES
14/04/2023,NASC_COMPLEMENTARES
15/04/2023,NASC_COMPLEMENTARES
16/04/2023,NASC_COMPLEMENTARES
17/04/2023,NASC_COMPLEMENTARES
18/04/2023,NASC_COMPLEMENTARES
19/04/2023,NASC_COMPLEMENTARES
20/04/2023,NASC_COMPLEMENTARES
21/04/2023,NASC_COMPLEMENTARES
22/04/2023,NASC_COMPLEMENTARES
23/04/2023,NASC_COMPLEMENTARES
24/04/2023,NASC_COMPLEMENTARES
25/04/2023,NASC_COMPLEMENTARES
26/04/2023,NASC_COMPLEMENTARES
27/04/2023,NASC_COMPLEMENTARES
28/04/2023,NASC_COMPLEMENTARES
29/04/2023,NASC_COMPLEMENTARES
30/04/2023,NASC_COMPLEMENTARES
01/05/2023,NASC_COMPLEMENTARES
02/05/2023,NASC_COMPLEMENTARES
03/05/2023,NASC_COMPLEMENTARES
04/05/2023,NASC_COMPLEMENTARES
05/05/2023,NASC_COMPLEMENTARES
06/05/2023,NASC_COMPLEMENTARES
07/05/2023,NASC_COMPLEMENTARES
08/05/2023,NASC_COMPLEMENTARES
09/05/2023,NASC_COMPLEMENTARES
10/05/2023,NASC_COMPLEMENTARES
11/05/2023,NASC_COMPLEMENTARES
12/05/2023,NASC_COMPLEMENTARES
13/05/2023,NASC_COMPLEMENTARES
14/05/2023,NASC_COMPLEMENTARES
15/05/2023,NASC_COMPLEMENTARES
16/05/2023,NASC_COMPLEMENTARES
17/05/2023,NASC_COMPLEMENTARES
18/05/2023,NASC_COMPLEMENTARES
19/05/2023,NASC_COMPLEMENTARES
20/05/2023,NASC_COMPLEMENTARES
21/05/2023,NASC_COMPLEMENTARES
22/05/2023,NASC_COMPLEMENTARES
23/05/2023,NASC_COMPLEMENTARES
24/05/2023,NASC_COMPLEMENTARES
25/05/2023,NASC_COMPLEMENTARES
26/05/2023,NASC_COMPLEMENTARES
27/05/2023,NASC_COMPLEMENTARES
28/05/2023,NASC_COMPLEMENTARES
29/05/2023,NASC_COMPLEMENTARES
30/05/2023,NASC_COMPLEMENTARES
31/05/2023,NASC_COMPLEMENTARES
01/06/2023,NASC_COMPLEMENTARES
02/06/2023,NASC_COMPLEMENTARES
03/06/2023,NASC_COMPLEMENTARES
04/06/2023,NASC_COMPLEMENTARES
05/06/2023,NASC_COMPLEMENTARES
06/06/2023,NASC_COMPLEMENTARES
07/06/2023,NASC_COMPLEMENTARES
08/06/2023,NASC_COMPLEMENTARES
09/06/2023,NASC_COMPLEMENTARES
10/06/2023,NASC_COMPLEMENTARES
11/06/2023,NASC_COMPLEMENTARES
12/06/2023,NASC_COMPLEMENTARES
13/06/2023,NASC_COMPLEMENTARES
14/06/2023,NASC_COMPLEMENTARES
15/06/2023,NASC_COMPLEMENTARES
16/06/2023,NASC_COMPLEMENTARES
17/06/2023,NASC_COMPLEMENTARES
18/06/2023,NASC_COMPLEMENTARES
19/06/2023,NASC_COMPLEMENTARES
20/06/2023,NASC_COMPLEMENTARES
21/06/2023,NASC_COMPLEMENTARES
22/06/2023,NASC_COMPLEMENTARES
23/06/2023,NASC_COMPLEMENTARES
24/06/2023,NASC_COMPLEMENTARES
25/06/2023,NASC_COMPLEMENTARES
26/06/2023,NASC_COMPLEMENTARES
27/06/2023,NASC_COMPLEMENTARES
28/06/2023,NASC_COMPLEMENTARES
29/06/2023,NASC_COMPLEMENTARES
30/06/2023,NASC_COMPLEMENTARES
01/07/2023,MENOR_TX_NASC
02/07/2023,MENOR_TX_NASC
03/07/2023,MENOR_TX_NASC
04/07/2023,MENOR_TX_NASC
05/07/2023,MENOR_TX_NASC
06/07/2023,MENOR_TX_NASC
07/07/2023,MENOR_TX_NASC
08/07/2023,MENOR_TX_NASC
09/07/2023,MENOR_TX_NASC
10/07/2023,MENOR_TX_NASC
11/07/2023,MENOR_TX_NASC
12/07/2023,MENOR_TX_NASC
13/07/2023,MENOR_TX_NASC
14/07/2023,MENOR_TX_NASC
15/07/2023,MENOR_TX_NASC
16/07/2023,MENOR_TX_NASC
17/07/2023,MENOR_TX_NASC
18/07/2023,MENOR_TX_NASC
19/07/2023,MENOR_TX_NASC
20/07/2023,MENOR_TX_NASC
21/07/2023,MENOR_TX_NASC
22/07/2023,MENOR_TX_NASC
23/07/2023,MENOR_TX_NASC
24/07/2023,MENOR_TX_NASC
25/07/2023,MENOR_TX_NASC
26/07/2023,MENOR_TX_NASC
27/07/2023,MENOR_TX_NASC
28/07/2023,MENOR_TX_NASC
29/07/2023,MENOR_TX_NASC
30/07/2023,MENOR_TX_NASC
31/07/2023,MENOR_TX_NASC
01/08/2023,MENOR_TX_NASC
02/08/2023,MENOR_TX_NASC
03/08/2023,MENOR_TX_NASC
04/08/2023,MENOR_TX_NASC
05/08/2023,MENOR_TX_NASC
06/08/2023,MENOR_TX_NASC
07/08/2023,MENOR_TX_NASC
08/08/2023,MENOR_TX_NASC
09/08/2023,MENOR_TX_NASC
10/08/2023,MENOR_TX_NASC
11/08/2023,MENOR_TX_NASC
12/08/2023,MENOR_TX_NASC
13/08/2023,MENOR_TX_NASC
14/08/2023,MENOR_TX_NASC
15/08/2023,MENOR_TX_NASC
16/08/2023,MENOR_TX_NASC
17/08/2023,MENOR_TX_NASC
18/08/2023,MENOR_TX_NASC
19/08/2023,MENOR_TX_NASC
20/08/2023,MENOR_TX_NASC
21/08/2023,MENOR_TX_NASC
22/08/2023,MENOR_TX_NASC
23/08/2023,MENOR_TX_NASC
24/08/2023,MENOR_TX_NASC
25/08/2023,MENOR_TX_NASC
26/08/2023,MENOR_TX_NASC
27/08/2023,MENOR_TX_NASC
28/08/2023,MENOR_TX_NASC
29/08/2023,MENOR_TX_NASC
30/08/2023,MENOR_TX_NASC
31/08/2023,MENOR_TX_NASC
01/09/2023,MENOR_TX_NASC
02/09/2023,MENOR_TX_NASC
03/09/2023,MENOR_TX_NASC
04/09/2023,MENOR_TX_NASC
05/09/2023,MENOR_TX_NASC
06/09/2023,MENOR_TX_NASC
07/09/2023,MENOR_TX_NASC
08/09/2023,MENOR_TX_NASC
09/09/2023,MENOR_TX_NASC
10/09/2023,MENOR_TX_NASC
11/09/2023,MENOR_TX_NASC
12/09/2023,MENOR_TX_NASC
13/09/2023,MENOR_TX_NASC
14/09/2023,MENOR_TX_NASC
15/09/2023,MENOR_TX_NASC
16/09/2023,MENOR_TX_NASC
17/09/2023,MENOR_TX_NASC
18/09/2023,MENOR_TX_NASC
19/09/2023,MENOR_TX_NASC
20/09/2023,MENOR_TX_NASC
21/09/2023,MENOR_TX_NASC
22/09/2023,MENOR_TX_NASC
23/09/2023,MENOR_TX_NASC
24/09/2023,MENOR_TX_NASC
25/09/2023,MENOR_TX_NASC
26/09/2023,MENOR_TX_NASC
27/09/2023,MENOR_TX_NASC
28/09/2023,MENOR_TX_NASC
29/09/2023,MENOR_TX_NASC
30/09/2023,MENOR_TX_NASC
01/10/2023,ESTACAO_MONTA
02/10/2023,ESTACAO_MONTA
03/10/2023,ESTACAO_MONTA
04/10/2023,ESTACAO_MONTA
05/10/2023,ESTACAO_MONTA
06/10/2023,ESTACAO_MONTA
07/10/2023,ESTACAO_MONTA
08/10/2023,ESTACAO_MONTA
09/10/2023,ESTACAO_MONTA
10/10/2023,ESTACAO_MONTA
11/10/2023,ESTACAO_MONTA
12/10/2023,ESTACAO_MONTA
13/10/2023,ESTACAO_MONTA
14/10/2023,ESTACAO_MONTA
15/10/2023,ESTACAO_MONTA
16/10/2023,ESTACAO_MONTA
17/10/2023,ESTACAO_MONTA
18/10/2023,ESTACAO_MONTA
19/10/2023,ESTACAO_MONTA
20/10/2023,ESTACAO_MONTA
21/10/2023,ESTACAO_MONTA
22/10/2023,ESTACAO_MONTA
23/10/2023,ESTACAO_MONTA
24/10/2023,ESTACAO_MONTA
25/10/2023,ESTACAO_MONTA
26/10/2023,ESTACAO_MONTA
27/10/2023,ESTACAO_MONTA
28/10/2023,ESTACAO_MONTA
29/10/2023,ESTACAO_MONTA
30/10/2023,ESTACAO_MONTA
31/10/2023,ESTACAO_MONTA
01/11/2023,ESTACAO_MONTA
02/11/2023,ESTACAO_MONTA
03/11/2023,ESTACAO_MONTA
04/11/2023,ESTACAO_MONTA
05/11/2023,ESTACAO_MONTA
06/11/2023,ESTACAO_MONTA
07/11/2023,ESTACAO_MONTA
08/11/2023,ESTACAO_MONTA
09/11/2023,ESTACAO_MONTA
10/11/2023,ESTACAO_MONTA
11/11/2023,ESTACAO_MONTA
12/11/2023,ESTACAO_MONTA
13/11/2023,ESTACAO_MONTA
14/11/2023,ESTACAO_MONTA
15/11/2023,ESTACAO_MONTA
16/11/2023,ESTACAO_MONTA
17/11/2023,ESTACAO_MONTA
18/11/2023,ESTACAO_MONTA
19/11/2023,ESTACAO_MONTA
20/11/2023,ESTACAO_MONTA
21/11/2023,ESTACAO_MONTA
22/11/2023,ESTACAO_MONTA
23/11/2023,ESTACAO_MONTA
24/11/2023,ESTACAO_MONTA
25/11/2023,ESTACAO_MONTA
26/11/2023,ESTACAO_MONTA
27/11/2023,ESTACAO_MONTA
28/11/2023,ESTACAO_MONTA
29/11/2023,ESTACAO_MONTA
30/11/2023,ESTACAO_MONTA
01/12/2023,ESTACAO_MONTA
02/12/2023,ESTACAO_MONTA
03/12/2023,ESTACAO_MONTA
04/12/2023,ESTACAO_MONTA
05/12/2023,ESTACAO_MONTA
06/12/2023,ESTACAO_MONTA
07/12/2023,ESTACAO_MONTA
08/12/2023,ESTACAO_MONTA
09/12/2023,ESTACAO_MONTA
10/12/2023,ESTACAO_MONTA
11/12/2023,ESTACAO_MONTA
12/12/2023,ESTACAO_MONTA
13/12/2023,ESTACAO_MONTA
14/12/2023,ESTACAO_MONTA
15/12/2023,ESTACAO_MONTA
16/12/2023,ESTACAO_MONTA
17/12/2023,ESTACAO_MONTA
18/12/2023,ESTACAO_MONTA
19/12/2023,ESTACAO_MONTA
20/12/2023,ESTACAO_MONTA
21/12/2023,ESTACAO_MONTA
22/12/2023,ESTACAO_MONTA
23/12/2023,ESTACAO_MONTA
24/12/2023,ESTACAO_MONTA
25/12/2023,ESTACAO_MONTA
26/12/2023,ESTACAO_MONTA
27/12/2023,ESTACAO_MONTA
28/12/2023,ESTACAO_MONTA
29/12/2023,ESTACAO_MONTA
30/12/2023,ESTACAO_MONTA
31/12/2023,ESTACAO_MONTA
01/01/2024,PICO_NASCIMENTOS
02/01/2024,PICO_NASCIMENTOS
03/01/2024,PICO_NASCIMENTOS
04/01/2024,PICO_NASCIMENTOS
05/01/2024,PICO_NASCIMENTOS
06/01/2024,PICO_NASCIMENTOS
07/01/2024,PICO_NASCIMENTOS
08/01/2024,PICO_NASCIMENTOS
09/01/2024,PICO_NASCIMENTOS
10/01/2024,PICO_NASCIMENTOS
11/01/2024,PICO_NASCIMENTOS
12/01/2024,PICO_NASCIMENTOS
13/01/2024,PICO_NASCIMENTOS
14/01/2024,PICO_NASCIMENTOS
15/01/2024,PICO_NASCIMENTOS
16/01/2024,PICO_NASCIMENTOS
17/01/2024,PICO_NASCIMENTOS
18/01/2024,PICO_NASCIMENTOS
19/01/2024,PICO_NASCIMENTOS
20/01/2024,PICO_NASCIMENTOS
21/01/2024,PICO_NASCIMENTOS
22/01/2024,PICO_NASCIMENTOS
23/01/2024,PICO_NASCIMENTOS
24/01/2024,PICO_NASCIMENTOS
25/01/2024,PICO_NASCIMENTOS
26/01/2024,PICO_NASCIMENTOS
27/01/2024,PICO_NASCIMENTOS
28/01/2024,PICO_NASCIMENTOS
29/01/2024,PICO_NASCIMENTOS
30/01/2024,PICO_NASCIMENTOS
31/01/2024,PICO_NASCIMENTOS
01/02/2024,PICO_NASCIMENTOS
02/02/2024,PICO_NASCIMENTOS
03/02/2024,PICO_NASCIMENTOS
04/02/2024,PICO_NASCIMENTOS
05/02/2024,PICO_NASCIMENTOS
06/02/2024,PICO_NASCIMENTOS
07/02/2024,PICO_NASCIMENTOS
08/02/2024,PICO_NASCIMENTOS
09/02/2024,PICO_NASCIMENTOS
10/02/2024,PICO_NASCIMENTOS
11/02/2024,PICO_NASCIMENTOS
12/02/2024,PICO_NASCIMENTOS
13/02/2024,PICO_NASCIMENTOS
14/02/2024,PICO_NASCIMENTOS
15/02/2024,PICO_NASCIMENTOS
16/02/2024,PICO_NASCIMENTOS
17/02/2024,PICO_NASCIMENTOS
18/02/2024,PICO_NASCIMENTOS
19/02/2024,PICO_NASCIMENTOS
20/02/2024,PICO_NASCIMENTOS
21/02/2024,PICO_NASCIMENTOS
22/02/2024,PICO_NASCIMENTOS
23/02/2024,PICO_NASCIMENTOS
24/02/2024,PICO_NASCIMENTOS
25/02/2024,PICO_NASCIMENTOS
26/02/2024,PICO_NASCIMENTOS
27/02/2024,PICO_NASCIMENTOS
28/02/2024,PICO_NASCIMENTOS
29/02/2024,PICO_NASCIMENTOS
01/03/2024,PICO_NASCIMENTOS
02/03/2024,PICO_NASCIMENTOS
03/03/2024,PICO_NASCIMENTOS
04/03/2024,PICO_NASCIMENTOS
05/03/2024,PICO_NASCIMENTOS
06/03/2024,PICO_NASCIMENTOS
07/03/2024,PICO_NASCIMENTOS
08/03/2024,PICO_NASCIMENTOS
09/03/2024,PICO_NASCIMENTOS
10/03/2024,PICO_NASCIMENTOS
11/03/2024,PICO_NASCIMENTOS
12/03/2024,PICO_NASCIMENTOS
13/03/2024,PICO_NASCIMENTOS
14/03/2024,PICO_NASCIMENTOS
15/03/2024,PICO_NASCIMENTOS
16/03/2024,PICO_NASCIMENTOS
17/03/2024,PICO_NASCIMENTOS
18/03/2024,PICO_NASCIMENTOS
19/03/2024,PICO_NASCIMENTOS
20/03/2024,PICO_NASCIMENTOS
21/03/2024,PICO_NASCIMENTOS
22/03/2024,PICO_NASCIMENTOS
23/03/2024,PICO_NASCIMENTOS
24/03/2024,PICO_NASCIMENTOS
25/03/2024,PICO_NASCIMENTOS
26/03/2024,PICO_NASCIMENTOS
27/03/2024,PICO_NASCIMENTOS
28/03/2024,PICO_NASCIMENTOS
29/03/2024,PICO_NASCIMENTOS
30/03/2024,PICO_NASCIMENTOS
31/03/2024,PICO_NASCIMENTOS
01/04/2024,NASC_COMPLEMENTARES
02/04/2024,NASC_COMPLEMENTARES
03/04/2024,NASC_COMPLEMENTARES
04/04/2024,NASC_COMPLEMENTARES
05/04/2024,NASC_COMPLEMENTARES
06/04/2024,NASC_COMPLEMENTARES
07/04/2024,NASC_COMPLEMENTARES
08/04/2024,NASC_COMPLEMENTARES
09/04/2024,NASC_COMPLEMENTARES
10/04/2024,NASC_COMPLEMENTARES
11/04/2024,NASC_COMPLEMENTARES
12/04/2024,NASC_COMPLEMENTARES
13/04/2024,NASC_COMPLEMENTARES
14/04/2024,NASC_COMPLEMENTARES
15/04/2024,NASC_COMPLEMENTARES
16/04/2024,NASC_COMPLEMENTARES
17/04/2024,NASC_COMPLEMENTARES
18/04/2024,NASC_COMPLEMENTARES
19/04/2024,NASC_COMPLEMENTARES
20/04/2024,NASC_COMPLEMENTARES
21/04/2024,NASC_COMPLEMENTARES
22/04/2024,NASC_COMPLEMENTARES
23/04/2024,NASC_COMPLEMENTARES
24/04/2024,NASC_COMPLEMENTARES
25/04/2024,NASC_COMPLEMENTARES
26/04/2024,NASC_COMPLEMENTARES
27/04/2024,NASC_COMPLEMENTARES
28/04/2024,NASC_COMPLEMENTARES
29/04/2024,NASC_COMPLEMENTARES
30/04/2024,NASC_COMPLEMENTARES
01/05/2024,NASC_COMPLEMENTARES
02/05/2024,NASC_COMPLEMENTARES
03/05/2024,NASC_COMPLEMENTARES
04/05/2024,NASC_COMPLEMENTARES
05/05/2024,NASC_COMPLEMENTARES
06/05/2024,NASC_COMPLEMENTARES
07/05/2024,NASC_COMPLEMENTARES
08/05/2024,NASC_COMPLEMENTARES
09/05/2024,NASC_COMPLEMENTARES
10/05/2024,NASC_COMPLEMENTARES
11/05/2024,NASC_COMPLEMENTARES
12/05/2024,NASC_COMPLEMENTARES
13/05/2024,NASC_COMPLEMENTARES
14/05/2024,NASC_COMPLEMENTARES
15/05/2024,NASC_COMPLEMENTARES
16/05/2024,NASC_COMPLEMENTARES
17/05/2024,NASC_COMPLEMENTARES
18/05/2024,NASC_COMPLEMENTARES
19/05/2024,NASC_COMPLEMENTARES
20/05/2024,NASC_COMPLEMENTARES
21/05/2024,NASC_COMPLEMENTARES
22/05/2024,NASC_COMPLEMENTARES
23/05/2024,NASC_COMPLEMENTARES
24/05/2024,NASC_COMPLEMENTARES
25/05/2024,NASC_COMPLEMENTARES
26/05/2024,NASC_COMPLEMENTARES
27/05/2024,NASC_COMPLEMENTARES
28/05/2024,NASC_COMPLEMENTARES
29/05/2024,NASC_COMPLEMENTARES
30/05/2024,NASC_COMPLEMENTARES
31/05/2024,NASC_COMPLEMENTARES
01/06/2024,NASC_COMPLEMENTARES
02/06/2024,NASC_COMPLEMENTARES
03/06/2024,NASC_COMPLEMENTARES
04/06/2024,NASC_COMPLEMENTARES
05/06/2024,NASC_COMPLEMENTARES
06/06/2024,NASC_COMPLEMENTARES
07/06/2024,NASC_COMPLEMENTARES
08/06/2024,NASC_COMPLEMENTARES
09/06/2024,NASC_COMPLEMENTARES
10/06/2024,NASC_COMPLEMENTARES
11/06/2024,NASC_COMPLEMENTARES
12/06/2024,NASC_COMPLEMENTARES
13/06/2024,NASC_COMPLEMENTARES
14/06/2024,NASC_COMPLEMENTARES
15/06/2024,NASC_COMPLEMENTARES
16/06/2024,NASC_COMPLEMENTARES
17/06/2024,NASC_COMPLEMENTARES
18/06/2024,NASC_COMPLEMENTARES
19/06/2024,NASC_COMPLEMENTARES
20/06/2024,NASC_COMPLEMENTARES
21/06/2024,NASC_COMPLEMENTARES
22/06/2024,NASC_COMPLEMENTARES
23/06/2024,NASC_COMPLEMENTARES
24/06/2024,NASC_COMPLEMENTARES
25/06/2024,NASC_COMPLEMENTARES
26/06/2024,NASC_COMPLEMENTARES
27/06/2024,NASC_COMPLEMENTARES
28/06/2024,NASC_COMPLEMENTARES
29/06/2024,NASC_COMPLEMENTARES
30/06/2024,NASC_COMPLEMENTARES
01/07/2024,MENOR_TX_NASC
02/07/2024,MENOR_TX_NASC
03/07/2024,MENOR_TX_NASC
04/07/2024,MENOR_TX_NASC
05/07/2024,MENOR_TX_NASC
06/07/2024,MENOR_TX_NASC
07/07/2024,MENOR_TX_NASC
08/07/2024,MENOR_TX_NASC
09/07/2024,MENOR_TX_NASC
10/07/2024,MENOR_TX_NASC
11/07/2024,MENOR_TX_NASC
12/07/2024,MENOR_TX_NASC
13/07/2024,MENOR_TX_NASC
14/07/2024,MENOR_TX_NASC
15/07/2024,MENOR_TX_NASC
16/07/2024,MENOR_TX_NASC
17/07/2024,MENOR_TX_NASC
18/07/2024,MENOR_TX_NASC
19/07/2024,MENOR_TX_NASC
20/07/2024,MENOR_TX_NASC
21/07/2024,MENOR_TX_NASC
22/07/2024,MENOR_TX_NASC
23/07/2024,MENOR_TX_NASC
24/07/2024,MENOR_TX_NASC
25/07/2024,MENOR_TX_NASC
26/07/2024,MENOR_TX_NASC
27/07/2024,MENOR_TX_NASC
28/07/2024,MENOR_TX_NASC
29/07/2024,MENOR_TX_NASC
30/07/2024,MENOR_TX_NASC
31/07/2024,MENOR_TX_NASC
01/08/2024,MENOR_TX_NASC
02/08/2024,MENOR_TX_NASC
03/08/2024,MENOR_TX_NASC
04/08/2024,MENOR_TX_NASC
05/08/2024,MENOR_TX_NASC
06/08/2024,MENOR_TX_NASC
07/08/2024,MENOR_TX_NASC
08/08/2024,MENOR_TX_NASC
09/08/2024,MENOR_TX_NASC
10/08/2024,MENOR_TX_NASC
11/08/2024,MENOR_TX_NASC
12/08/2024,MENOR_TX_NASC
13/08/2024,MENOR_TX_NASC
14/08/2024,MENOR_TX_NASC
15/08/2024,MENOR_TX_NASC
16/08/2024,MENOR_TX_NASC
17/08/2024,MENOR_TX_NASC
18/08/2024,MENOR_TX_NASC
19/08/2024,MENOR_TX_NASC
20/08/2024,MENOR_TX_NASC
21/08/2024,MENOR_TX_NASC
22/08/2024,MENOR_TX_NASC
23/08/2024,MENOR_TX_NASC
24/08/2024,MENOR_TX_NASC
25/08/2024,MENOR_TX_NASC
26/08/2024,MENOR_TX_NASC
27/08/2024,MENOR_TX_NASC
28/08/2024,MENOR_TX_NASC
29/08/2024,MENOR_TX_NASC
30/08/2024,MENOR_TX_NASC
31/08/2024,MENOR_TX_NASC
01/09/2024,MENOR_TX_NASC
02/09/2024,MENOR_TX_NASC
03/09/2024,MENOR_TX_NASC
04/09/2024,MENOR_TX_NASC
05/09/2024,MENOR_TX_NASC
06/09/2024,MENOR_TX_NASC
07/09/2024,MENOR_TX_NASC
08/09/2024,MENOR_TX_NASC
09/09/2024,MENOR_TX_NASC
10/09/2024,MENOR_TX_NASC
11/09/2024,MENOR_TX_NASC
12/09/2024,MENOR_TX_NASC
13/09/2024,MENOR_TX_NASC
14/09/2024,MENOR_TX_NASC
15/09/2024,MENOR_TX_NASC
16/09/2024,MENOR_TX_NASC
17/09/2024,MENOR_TX_NASC
18/09/2024,MENOR_TX_NASC
19/09/2024,MENOR_TX_NASC
20/09/2024,MENOR_TX_NASC
21/09/2024,MENOR_TX_NASC
22/09/2024,MENOR_TX_NASC
23/09/2024,MENOR_TX_NASC
24/09/2024,MENOR_TX_NASC
25/09/2024,MENOR_TX_NASC
26/09/2024,MENOR_TX_NASC
27/09/2024,MENOR_TX_NASC
28/09/2024,MENOR_TX_NASC
29/09/2024,MENOR_TX_NASC
30/09/2024,MENOR_TX_NASC
01/10/2024,ESTACAO_MONTA
02/10/2024,ESTACAO_MONTA
03/10/2024,ESTACAO_MONTA
04/10/2024,ESTACAO_MONTA
05/10/2024,ESTACAO_MONTA
06/10/2024,ESTACAO_MONTA
07/10/2024,ESTACAO_MONTA
08/10/2024,ESTACAO_MONTA
09/10/2024,ESTACAO_MONTA
10/10/2024,ESTACAO_MONTA
11/10/2024,ESTACAO_MONTA
12/10/2024,ESTACAO_MONTA
13/10/2024,ESTACAO_MONTA
14/10/2024,ESTACAO_MONTA
15/10/2024,ESTACAO_MONTA
16/10/2024,ESTACAO_MONTA
17/10/2024,ESTACAO_MONTA
18/10/2024,ESTACAO_MONTA
19/10/2024,ESTACAO_MONTA
20/10/2024,ESTACAO_MONTA
21/10/2024,ESTACAO_MONTA
22/10/2024,ESTACAO_MONTA
23/10/2024,ESTACAO_MONTA
24/10/2024,ESTACAO_MONTA
25/10/2024,ESTACAO_MONTA
26/10/2024,ESTACAO_MONTA
27/10/2024,ESTACAO_MONTA
28/10/2024,ESTACAO_MONTA
29/10/2024,ESTACAO_MONTA
30/10/2024,ESTACAO_MONTA
31/10/2024,ESTACAO_MONTA
01/11/2024,ESTACAO_MONTA
02/11/2024,ESTACAO_MONTA
03/11/2024,ESTACAO_MONTA
04/11/2024,ESTACAO_MONTA
05/11/2024,ESTACAO_MONTA
06/11/2024,ESTACAO_MONTA
07/11/2024,ESTACAO_MONTA
08/11/2024,ESTACAO_MONTA
09/11/2024,ESTACAO_MONTA
10/11/2024,ESTACAO_MONTA
11/11/2024,ESTACAO_MONTA
12/11/2024,ESTACAO_MONTA
13/11/2024,ESTACAO_MONTA
14/11/2024,ESTACAO_MONTA
15/11/2024,ESTACAO_MONTA
16/11/2024,ESTACAO_MONTA
17/11/2024,ESTACAO_MONTA
18/11/2024,ESTACAO_MONTA
19/11/2024,ESTACAO_MONTA
20/11/2024,ESTACAO_MONTA
21/11/2024,ESTACAO_MONTA
22/11/2024,ESTACAO_MONTA
23/11/2024,ESTACAO_MONTA
24/11/2024,ESTACAO_MONTA
25/11/2024,ESTACAO_MONTA
26/11/2024,ESTACAO_MONTA
27/11/2024,ESTACAO_MONTA
28/11/2024,ESTACAO_MONTA
29/11/2024,ESTACAO_MONTA
30/11/2024,ESTACAO_MONTA
01/12/2024,ESTACAO_MONTA
02/12/2024,ESTACAO_MONTA
03/12/2024,ESTACAO_MONTA
04/12/2024,ESTACAO_MONTA
05/12/2024,ESTACAO_MONTA
06/12/2024,ESTACAO_MONTA
07/12/2024,ESTACAO_MONTA
08/12/2024,ESTACAO_MONTA
09/12/2024,ESTACAO_MONTA
10/12/2024,ESTACAO_MONTA
11/12/2024,ESTACAO_MONTA
12/12/2024,ESTACAO_MONTA
13/12/2024,ESTACAO_MONTA
14/12/2024,ESTACAO_MONTA
15/12/2024,ESTACAO_MONTA
16/12/2024,ESTACAO_MONTA
17/12/2024,ESTACAO_MONTA
18/12/2024,ESTACAO_MONTA
19/12/2024,ESTACAO_MONTA
20/12/2024,ESTACAO_MONTA
21/12/2024,ESTACAO_MONTA
22/12/2024,ESTACAO_MONTA
23/12/2024,ESTACAO_MONTA
24/12/2024,ESTACAO_MONTA
25/12/2024,ESTACAO_MONTA
26/12/2024,ESTACAO_MONTA
27/12/2024,ESTACAO_MONTA
28/12/2024,ESTACAO_MONTA
29/12/2024,ESTACAO_MONTA
30/12/2024,ESTACAO_MONTA
31/12/2024,ESTACAO_MONTA
01/01/2025,PICO_NASCIMENTOS
02/01/2025,PICO_NASCIMENTOS
03/01/2025,PICO_NASCIMENTOS
04/01/2025,PICO_NASCIMENTOS
05/01/2025,PICO_NASCIMENTOS
06/01/2025,PICO_NASCIMENTOS
07/01/2025,PICO_NASCIMENTOS
08/01/2025,PICO_NASCIMENTOS
09/01/2025,PICO_NASCIMENTOS
10/01/2025,PICO_NASCIMENTOS
11/01/2025,PICO_NASCIMENTOS
12/01/2025,PICO_NASCIMENTOS
13/01/2025,PICO_NASCIMENTOS
14/01/2025,PICO_NASCIMENTOS
15/01/2025,PICO_NASCIMENTOS
16/01/2025,PICO_NASCIMENTOS
17/01/2025,PICO_NASCIMENTOS
18/01/2025,PICO_NASCIMENTOS
19/01/2025,PICO_NASCIMENTOS
20/01/2025,PICO_NASCIMENTOS
21/01/2025,PICO_NASCIMENTOS
22/01/2025,PICO_NASCIMENTOS
23/01/2025,PICO_NASCIMENTOS
24/01/2025,PICO_NASCIMENTOS
25/01/2025,PICO_NASCIMENTOS
26/01/2025,PICO_NASCIMENTOS
27/01/2025,PICO_NASCIMENTOS
28/01/2025,PICO_NASCIMENTOS
29/01/2025,PICO_NASCIMENTOS
30/01/2025,PICO_NASCIMENTOS
31/01/2025,PICO_NASCIMENTOS
01/02/2025,PICO_NASCIMENTOS
02/02/2025,PICO_NASCIMENTOS
03/02/2025,PICO_NASCIMENTOS
04/02/2025,PICO_NASCIMENTOS
05/02/2025,PICO_NASCIMENTOS
06/02/2025,PICO_NASCIMENTOS
07/02/2025,PICO_NASCIMENTOS
08/02/2025,PICO_NASCIMENTOS
09/02/2025,PICO_NASCIMENTOS
10/02/2025,PICO_NASCIMENTOS
11/02/2025,PICO_NASCIMENTOS
12/02/2025,PICO_NASCIMENTOS
13/02/2025,PICO_NASCIMENTOS
14/02/2025,PICO_NASCIMENTOS
15/02/2025,PICO_NASCIMENTOS
16/02/2025,PICO_NASCIMENTOS
17/02/2025,PICO_NASCIMENTOS
18/02/2025,PICO_NASCIMENTOS
19/02/2025,PICO_NASCIMENTOS
20/02/2025,PICO_NASCIMENTOS
21/02/2025,PICO_NASCIMENTOS
22/02/2025,PICO_NASCIMENTOS
23/02/2025,PICO_NASCIMENTOS
24/02/2025,PICO_NASCIMENTOS
25/02/2025,PICO_NASCIMENTOS
26/02/2025,PICO_NASCIMENTOS
27/02/2025,PICO_NASCIMENTOS
28/02/2025,PICO_NASCIMENTOS
01/03/2025,PICO_NASCIMENTOS
02/03/2025,PICO_NASCIMENTOS
03/03/2025,PICO_NASCIMENTOS
04/03/2025,PICO_NASCIMENTOS
05/03/2025,PICO_NASCIMENTOS
06/03/2025,PICO_NASCIMENTOS
07/03/2025,PICO_NASCIMENTOS
08/03/2025,PICO_NASCIMENTOS
09/03/2025,PICO_NASCIMENTOS
10/03/2025,PICO_NASCIMENTOS
11/03/2025,PICO_NASCIMENTOS
12/03/2025,PICO_NASCIMENTOS
13/03/2025,PICO_NASCIMENTOS
14/03/2025,PICO_NASCIMENTOS
15/03/2025,PICO_NASCIMENTOS
16/03/2025,PICO_NASCIMENTOS
17/03/2025,PICO_NASCIMENTOS
18/03/2025,PICO_NASCIMENTOS
19/03/2025,PICO_NASCIMENTOS
20/03/2025,PICO_NASCIMENTOS
21/03/2025,PICO_NASCIMENTOS
22/03/2025,PICO_NASCIMENTOS
23/03/2025,PICO_NASCIMENTOS
24/03/2025,PICO_NASCIMENTOS
25/03/2025,PICO_NASCIMENTOS
26/03/2025,PICO_NASCIMENTOS
27/03/2025,PICO_NASCIMENTOS
28/03/2025,PICO_NASCIMENTOS
29/03/2025,PICO_NASCIMENTOS
30/03/2025,PICO_NASCIMENTOS
31/03/2025,PICO_NASCIMENTOS
01/04/2025,NASC_COMPLEMENTARES
02/04/2025,NASC_COMPLEMENTARES
03/04/2025,NASC_COMPLEMENTARES
04/04/2025,NASC_COMPLEMENTARES
05/04/2025,NASC_COMPLEMENTARES
06/04/2025,NASC_COMPLEMENTARES
07/04/2025,NASC_COMPLEMENTARES
08/04/2025,NASC_COMPLEMENTARES
09/04/2025,NASC_COMPLEMENTARES
10/04/2025,NASC_COMPLEMENTARES
11/04/2025,NASC_COMPLEMENTARES
12/04/2025,NASC_COMPLEMENTARES
13/04/2025,NASC_COMPLEMENTARES
14/04/2025,NASC_COMPLEMENTARES
15/04/2025,NASC_COMPLEMENTARES
16/04/2025,NASC_COMPLEMENTARES
17/04/2025,NASC_COMPLEMENTARES
18/04/2025,NASC_COMPLEMENTARES
19/04/2025,NASC_COMPLEMENTARES
20/04/2025,NASC_COMPLEMENTARES
21/04/2025,NASC_COMPLEMENTARES
22/04/2025,NASC_COMPLEMENTARES
23/04/2025,NASC_COMPLEMENTARES
24/04/2025,NASC_COMPLEMENTARES
25/04/2025,NASC_COMPLEMENTARES
26/04/2025,NASC_COMPLEMENTARES
27/04/2025,NASC_COMPLEMENTARES
28/04/2025,NASC_COMPLEMENTARES
29/04/2025,NASC_COMPLEMENTARES
30/04/2025,NASC_COMPLEMENTARES
01/05/2025,NASC_COMPLEMENTARES
02/05/2025,NASC_COMPLEMENTARES
03/05/2025,NASC_COMPLEMENTARES
04/05/2025,NASC_COMPLEMENTARES
05/05/2025,NASC_COMPLEMENTARES
06/05/2025,NASC_COMPLEMENTARES
07/05/2025,NASC_COMPLEMENTARES
08/05/2025,NASC_COMPLEMENTARES
09/05/2025,NASC_COMPLEMENTARES
10/05/2025,NASC_COMPLEMENTARES
11/05/2025,NASC_COMPLEMENTARES
12/05/2025,NASC_COMPLEMENTARES
13/05/2025,NASC_COMPLEMENTARES
14/05/2025,NASC_COMPLEMENTARES
15/05/2025,NASC_COMPLEMENTARES
16/05/2025,NASC_COMPLEMENTARES
17/05/2025,NASC_COMPLEMENTARES
18/05/2025,NASC_COMPLEMENTARES
19/05/2025,NASC_COMPLEMENTARES
20/05/2025,NASC_COMPLEMENTARES
21/05/2025,NASC_COMPLEMENTARES
22/05/2025,NASC_COMPLEMENTARES
23/05/2025,NASC_COMPLEMENTARES
24/05/2025,NASC_COMPLEMENTARES
25/05/2025,NASC_COMPLEMENTARES
26/05/2025,NASC_COMPLEMENTARES
27/05/2025,NASC_COMPLEMENTARES
28/05/2025,NASC_COMPLEMENTARES
29/05/2025,NASC_COMPLEMENTARES
30/05/2025,NASC_COMPLEMENTARES
31/05/2025,NASC_COMPLEMENTARES
01/06/2025,NASC_COMPLEMENTARES
02/06/2025,NASC_COMPLEMENTARES
03/06/2025,NASC_COMPLEMENTARES
04/06/2025,NASC_COMPLEMENTARES
05/06/2025,NASC_COMPLEMENTARES
06/06/2025,NASC_COMPLEMENTARES
07/06/2025,NASC_COMPLEMENTARES
08/06/2025,NASC_COMPLEMENTARES
09/06/2025,NASC_COMPLEMENTARES
10/06/2025,NASC_COMPLEMENTARES
11/06/2025,NASC_COMPLEMENTARES
12/06/2025,NASC_COMPLEMENTARES
13/06/2025,NASC_COMPLEMENTARES
14/06/2025,NASC_COMPLEMENTARES
15/06/2025,NASC_COMPLEMENTARES
16/06/2025,NASC_COMPLEMENTARES
17/06/2025,NASC_COMPLEMENTARES
18/06/2025,NASC_COMPLEMENTARES
19/06/2025,NASC_COMPLEMENTARES
20/06/2025,NASC_COMPLEMENTARES
21/06/2025,NASC_COMPLEMENTARES
22/06/2025,NASC_COMPLEMENTARES
23/06/2025,NASC_COMPLEMENTARES
24/06/2025,NASC_COMPLEMENTARES
25/06/2025,NASC_COMPLEMENTARES
26/06/2025,NASC_COMPLEMENTARES
27/06/2025,NASC_COMPLEMENTARES
28/06/2025,NASC_COMPLEMENTARES
29/06/2025,NASC_COMPLEMENTARES
30/06/2025,NASC_COMPLEMENTARES
01/07/2025,MENOR_TX_NASC
02/07/2025,MENOR_TX_NASC
03/07/2025,MENOR_TX_NASC
04/07/2025,MENOR_TX_NASC
05/07/2025,MENOR_TX_NASC
06/07/2025,MENOR_TX_NASC
07/07/2025,MENOR_TX_NASC
08/07/2025,MENOR_TX_NASC
09/07/2025,MENOR_TX_NASC
10/07/2025,MENOR_TX_NASC
11/07/2025,MENOR_TX_NASC
12/07/2025,MENOR_TX_NASC
13/07/2025,MENOR_TX_NASC
14/07/2025,MENOR_TX_NASC
15/07/2025,MENOR_TX_NASC
16/07/2025,MENOR_TX_NASC
17/07/2025,MENOR_TX_NASC
18/07/2025,MENOR_TX_NASC
19/07/2025,MENOR_TX_NASC
20/07/2025,MENOR_TX_NASC
21/07/2025,MENOR_TX_NASC
22/07/2025,MENOR_TX_NASC
23/07/2025,MENOR_TX_NASC
24/07/2025,MENOR_TX_NASC
25/07/2025,MENOR_TX_NASC
26/07/2025,MENOR_TX_NASC
27/07/2025,MENOR_TX_NASC
28/07/2025,MENOR_TX_NASC
29/07/2025,MENOR_TX_NASC
30/07/2025,MENOR_TX_NASC
31/07/2025,MENOR_TX_NASC
01/08/2025,MENOR_TX_NASC
02/08/2025,MENOR_TX_NASC
03/08/2025,MENOR_TX_NASC
04/08/2025,MENOR_TX_NASC
05/08/2025,MENOR_TX_NASC
06/08/2025,MENOR_TX_NASC
07/08/2025,MENOR_TX_NASC
08/08/2025,MENOR_TX_NASC
09/08/2025,MENOR_TX_NASC
10/08/2025,MENOR_TX_NASC
11/08/2025,MENOR_TX_NASC
12/08/2025,MENOR_TX_NASC
13/08/2025,MENOR_TX_NASC
14/08/2025,MENOR_TX_NASC
15/08/2025,MENOR_TX_NASC
16/08/2025,MENOR_TX_NASC
17/08/2025,MENOR_TX_NASC
18/08/2025,MENOR_TX_NASC
19/08/2025,MENOR_TX_NASC
20/08/2025,MENOR_TX_NASC
21/08/2025,MENOR_TX_NASC
22/08/2025,MENOR_TX_NASC
23/08/2025,MENOR_TX_NASC
24/08/2025,MENOR_TX_NASC
25/08/2025,MENOR_TX_NASC
26/08/2025,MENOR_TX_NASC
27/08/2025,MENOR_TX_NASC
28/08/2025,MENOR_TX_NASC
29/08/2025,MENOR_TX_NASC
30/08/2025,MENOR_TX_NASC
31/08/2025,MENOR_TX_NASC
01/09/2025,MENOR_TX_NASC
02/09/2025,MENOR_TX_NASC
03/09/2025,MENOR_TX_NASC
04/09/2025,MENOR_TX_NASC
05/09/2025,MENOR_TX_NASC
06/09/2025,MENOR_TX_NASC
07/09/2025,MENOR_TX_NASC
08/09/2025,MENOR_TX_NASC
09/09/2025,MENOR_TX_NASC
10/09/2025,MENOR_TX_NASC
11/09/2025,MENOR_TX_NASC
12/09/2025,MENOR_TX_NASC
13/09/2025,MENOR_TX_NASC
14/09/2025,MENOR_TX_NASC
15/09/2025,MENOR_TX_NASC
16/09/2025,MENOR_TX_NASC
17/09/2025,MENOR_TX_NASC
18/09/2025,MENOR_TX_NASC
19/09/2025,MENOR_TX_NASC
20/09/2025,MENOR_TX_NASC
21/09/2025,MENOR_TX_NASC
22/09/2025,MENOR_TX_NASC
23/09/2025,MENOR_TX_NASC
24/09/2025,MENOR_TX_NASC
25/09/2025,MENOR_TX_NASC
26/09/2025,MENOR_TX_NASC
27/09/2025,MENOR_TX_NASC
28/09/2025,MENOR_TX_NASC
29/09/2025,MENOR_TX_NASC
30/09/2025,MENOR_TX_NASC
01/10/2025,ESTACAO_MONTA
02/10/2025,ESTACAO_MONTA
03/10/2025,ESTACAO_MONTA
04/10/2025,ESTACAO_MONTA
05/10/2025,ESTACAO_MONTA
06/10/2025,ESTACAO_MONTA
07/10/2025,ESTACAO_MONTA
08/10/2025,ESTACAO_MONTA
09/10/2025,ESTACAO_MONTA
10/10/2025,ESTACAO_MONTA
11/10/2025,ESTACAO_MONTA
12/10/2025,ESTACAO_MONTA
13/10/2025,ESTACAO_MONTA
14/10/2025,ESTACAO_MONTA
15/10/2025,ESTACAO_MONTA
16/10/2025,ESTACAO_MONTA
17/10/2025,ESTACAO_MONTA
18/10/2025,ESTACAO_MONTA
19/10/2025,ESTACAO_MONTA
20/10/2025,ESTACAO_MONTA
21/10/2025,ESTACAO_MONTA
22/10/2025,ESTACAO_MONTA
23/10/2025,ESTACAO_MONTA
24/10/2025,ESTACAO_MONTA
25/10/2025,ESTACAO_MONTA
26/10/2025,ESTACAO_MONTA
27/10/2025,ESTACAO_MONTA
28/10/2025,ESTACAO_MONTA
29/10/2025,ESTACAO_MONTA
30/10/2025,ESTACAO_MONTA
31/10/2025,ESTACAO_MONTA
01/11/2025,ESTACAO_MONTA
02/11/2025,ESTACAO_MONTA
03/11/2025,ESTACAO_MONTA
04/11/2025,ESTACAO_MONTA
05/11/2025,ESTACAO_MONTA
06/11/2025,ESTACAO_MONTA
07/11/2025,ESTACAO_MONTA
08/11/2025,ESTACAO_MONTA
09/11/2025,ESTACAO_MONTA
10/11/2025,ESTACAO_MONTA
11/11/2025,ESTACAO_MONTA
12/11/2025,ESTACAO_MONTA
13/11/2025,ESTACAO_MONTA
14/11/2025,ESTACAO_MONTA
15/11/2025,ESTACAO_MONTA
16/11/2025,ESTACAO_MONTA
17/11/2025,ESTACAO_MONTA
18/11/2025,ESTACAO_MONTA
19/11/2025,ESTACAO_MONTA
20/11/2025,ESTACAO_MONTA
21/11/2025,ESTACAO_MONTA
22/11/2025,ESTACAO_MONTA
23/11/2025,ESTACAO_MONTA
24/11/2025,ESTACAO_MONTA
25/11/2025,ESTACAO_MONTA
26/11/2025,ESTACAO_MONTA
27/11/2025,ESTACAO_MONTA
28/11/2025,ESTACAO_MONTA
29/11/2025,ESTACAO_MONTA
30/11/2025,ESTACAO_MONTA
01/12/2025,ESTACAO_MONTA
02/12/2025,ESTACAO_MONTA
03/12/2025,ESTACAO_MONTA
04/12/2025,ESTACAO_MONTA
05/12/2025,ESTACAO_MONTA
06/12/2025,ESTACAO_MONTA
07/12/2025,ESTACAO_MONTA
08/12/2025,ESTACAO_MONTA
09/12/2025,ESTACAO_MONTA
10/12/2025,ESTACAO_MONTA
11/12/2025,ESTACAO_MONTA
12/12/2025,ESTACAO_MONTA
13/12/2025,ESTACAO_MONTA
14/12/2025,ESTACAO_MONTA
15/12/2025,ESTACAO_MONTA
16/12/2025,ESTACAO_MONTA
17/12/2025,ESTACAO_MONTA
18/12/2025,ESTACAO_MONTA
19/12/2025,ESTACAO_MONTA
20/12/2025,ESTACAO_MONTA
21/12/2025,ESTACAO_MONTA
22/12/2025,ESTACAO_MONTA
23/12/2025,ESTACAO_MONTA
24/12/2025,ESTACAO_MONTA
25/12/2025,ESTACAO_MONTA
26/12/2025,ESTACAO_MONTA
27/12/2025,ESTACAO_MONTA
28/12/2025,ESTACAO_MONTA
29/12/2025,ESTACAO_MONTA
30/12/2025,ESTACAO_MONTA
31/12/2025,ESTACAO_MONTA
