data,aspecto
01/01/2020,PLANEJAMENTO
02/01/2020,PLANEJAMENTO
03/01/2020,PLANEJAMENTO
04/01/2020,PLANEJAMENTO
05/01/2020,PLANEJAMENTO
06/01/2020,PLANEJAMENTO
07/01/2020,PLANEJAMENTO
08/01/2020,PLANEJAMENTO
09/01/2020,PLANEJAMENTO
10/01/2020,PLANEJAMENTO
11/01/2020,PLANEJAMENTO
12/01/2020,PLANEJAMENTO
13/01/2020,PLANEJAMENTO
14/01/2020,PLANEJAMENTO
15/01/2020,PLANEJAMENTO
16/01/2020,PLANEJAMENTO
17/01/2020,PLANEJAMENTO
18/01/2020,PLANEJAMENTO
19/01/2020,PLANEJAMENTO
20/01/2020,PLANEJAMENTO
21/01/2020,PLANEJAMENTO
22/01/2020,PLANEJAMENTO
23/01/2020,PLANEJAMENTO
24/01/2020,PLANEJAMENTO
25/01/2020,PLANEJAMENTO
26/01/2020,PLANEJAMENTO
27/01/2020,PLANEJAMENTO
28/01/2020,PLANEJAMENTO
29/01/2020,PLANEJAMENTO
30/01/2020,PLANEJAMENTO
31/01/2020,PLANEJAMENTO
01/02/2020,SAFRA
02/02/2020,SAFRA
03/02/2020,SAFRA
04/02/2020,SAFRA
05/02/2020,SAFRA
06/02/2020,SAFRA
07/02/2020,SAFRA
08/02/2020,SAFRA
09/02/2020,SAFRA
10/02/2020,SAFRA
11/02/2020,SAFRA
12/02/2020,SAFRA
13/02/2020,SAFRA
14/02/2020,SAFRA
15/02/2020,SAFRA
16/02/2020,SAFRA
17/02/2020,SAFRA
18/02/2020,SAFRA
19/02/2020,SAFRA
20/02/2020,SAFRA
21/02/2020,SAFRA
22/02/2020,SAFRA
23/02/2020,SAFRA
24/02/2020,SAFRA
25/02/2020,SAFRA
26/02/2020,SAFRA
27/02/2020,SAFRA
28/02/2020,SAFRA
29/02/2020,SAFRA
01/03/2020,ENTRESAFRA
02/03/2020,ENTRESAFRA
03/03/2020,ENTRESAFRA
04/03/2020,ENTRESAFRA
05/03/2020,ENTRESAFRA
06/03/2020,ENTRESAFRA
07/03/2020,ENTRESAFRA
08/03/2020,ENTRESAFRA
09/03/2020,ENTRESAFRA
10/03/2020,ENTRESAFRA
11/03/2020,ENTRESAFRA
12/03/2020,ENTRESAFRA
13/03/2020,ENTRESAFRA
14/03/2020,ENTRESAFRA
15/03/2020,ENTRESAFRA
16/03/2020,ENTRESAFRA
17/03/2020,ENTRESAFRA
18/03/2020,ENTRESAFRA
19/03/2020,ENTRESAFRA
20/03/2020,ENTRESAFRA
21/03/2020,ENTRESAFRA
22/03/2020,ENTRESAFRA
23/03/2020,ENTRESAFRA
24/03/2020,ENTRESAFRA
25/03/2020,ENTRESAFRA
26/03/2020,ENTRESAFRA
27/03/2020,ENTRESAFRA
28/03/2020,ENTRESAFRA
29/03/2020,ENTRESAFRA
30/03/2020,ENTRESAFRA
31/03/2020,ENTRESAFRA
01/04/2020,ENTRESAFRA
02/04/2020,ENTRESAFRA
03/04/2020,ENTRESAFRA
04/04/2020,ENTRESAFRA
05/04/2020,ENTRESAFRA
06/04/2020,ENTRESAFRA
07/04/2020,ENTRESAFRA
08/04/2020,ENTRESAFRA
09/04/2020,ENTRESAFRA
10/04/2020,ENTRESAFRA
11/04/2020,ENTRESAFRA
12/04/2020,ENTRESAFRA
13/04/2020,ENTRESAFRA
14/04/2020,ENTRESAFRA
15/04/2020,ENTRESAFRA
16/04/2020,ENTRESAFRA
17/04/2020,ENTRESAFRA
18/04/2020,ENTRESAFRA
19/04/2020,ENTRESAFRA
20/04/2020,ENTRESAFRA
21/04/2020,ENTRESAFRA
22/04/2020,ENTRESAFRA
23/04/2020,ENTRESAFRA
24/04/2020,ENTRESAFRA
25/04/2020,ENTRESAFRA
26/04/2020,ENTRESAFRA
27/04/2020,ENTRESAFRA
28/04/2020,ENTRESAFRA
29/04/2020,ENTRESAFRA
30/04/2020,ENTRESAFRA
01/05/2020,PLANEJAMENTO
02/05/2020,PLANEJAMENTO
03/05/2020,PLANEJAMENTO
04/05/2020,PLANEJAMENTO
05/05/2020,PLANEJAMENTO
06/05/2020,PLANEJAMENTO
07/05/2020,PLANEJAMENTO
08/05/2020,PLANEJAMENTO
09/05/2020,PLANEJAMENTO
10/05/2020,PLANEJAMENTO
11/05/2020,PLANEJAMENTO
12/05/2020,PLANEJAMENTO
13/05/2020,PLANEJAMENTO
14/05/2020,PLANEJAMENTO
15/05/2020,PLANEJAMENTO
16/05/2020,PLANEJAMENTO
17/05/2020,PLANEJAMENTO
18/05/2020,PLANEJAMENTO
19/05/2020,PLANEJAMENTO
20/05/2020,PLANEJAMENTO
21/05/2020,PLANEJAMENTO
22/05/2020,PLANEJAMENTO
23/05/2020,PLANEJAMENTO
24/05/2020,PLANEJAMENTO
25/05/2020,PLANEJAMENTO
26/05/2020,PLANEJAMENTO
27/05/2020,PLANEJAMENTO
28/05/2020,PLANEJAMENTO
29/05/2020,PLANEJAMENTO
30/05/2020,PLANEJAMENTO
31/05/2020,PLANEJAMENTO
01/06/2020,PLANEJAMENTO
02/06/2020,PLANEJAMENTO
03/06/2020,PLANEJAMENTO
04/06/2020,PLANEJAMENTO
05/06/2020,PLANEJAMENTO
06/06/2020,PLANEJAMENTO
07/06/2020,PLANEJAMENTO
08/06/2020,PLANEJAMENTO
09/06/2020,PLANEJAMENTO
10/06/2020,PLANEJAMENTO
11/06/2020,PLANEJAMENTO
12/06/2020,PLANEJAMENTO
13/06/2020,PLANEJAMENTO
14/06/2020,PLANEJAMENTO
15/06/2020,PLANEJAMENTO
16/06/2020,PLANEJAMENTO
17/06/2020,PLANEJAMENTO
18/06/2020,PLANEJAMENTO
19/06/2020,PLANEJAMENTO
20/06/2020,PLANEJAMENTO
21/06/2020,PLANEJAMENTO
22/06/2020,PLANEJAMENTO
23/06/2020,PLANEJAMENTO
24/06/2020,PLANEJAMENTO
25/06/2020,PLANEJAMENTO
26/06/2020,PLANEJAMENTO
27/06/2020,PLANEJAMENTO
28/06/2020,PLANEJAMENTO
29/06/2020,PLANEJAMENTO
30/06/2020,PLANEJAMENTO
01/07/2020,PLANEJAMENTO
02/07/2020,PLANEJAMENTO
03/07/2020,PLANEJAMENTO
04/07/2020,PLANEJAMENTO
05/07/2020,PLANEJAMENTO
06/07/2020,PLANEJAMENTO
07/07/2020,PLANEJAMENTO
08/07/2020,PLANEJAMENTO
09/07/2020,PLANEJAMENTO
10/07/2020,PLANEJAMENTO
11/07/2020,PLANEJAMENTO
12/07/2020,PLANEJAMENTO
13/07/2020,PLANEJAMENTO
14/07/2020,PLANEJAMENTO
15/07/2020,PLANEJAMENTO
16/07/2020,PLANEJAMENTO
17/07/2020,PLANEJAMENTO
18/07/2020,PLANEJAMENTO
19/07/2020,PLANEJAMENTO
20/07/2020,PLANEJAMENTO
21/07/2020,PLANEJAMENTO
22/07/2020,PLANEJAMENTO
23/07/2020,PLANEJAMENTO
24/07/2020,PLANEJAMENTO
25/07/2020,PLANEJAMENTO
26/07/2020,PLANEJAMENTO
27/07/2020,PLANEJAMENTO
28/07/2020,PLANEJAMENTO
29/07/2020,PLANEJAMENTO
30/07/2020,PLANEJAMENTO
31/07/2020,PLANEJAMENTO
01/08/2020,PLANEJAMENTO
02/08/2020,PLANEJAMENTO
03/08/2020,PLANEJAMENTO
04/08/2020,PLANEJAMENTO
05/08/2020,PLANEJAMENTO
06/08/2020,PLANEJAMENTO
07/08/2020,PLANEJAMENTO
08/08/2020,PLANEJAMENTO
09/08/2020,PLANEJAMENTO
10/08/2020,PLANEJAMENTO
11/08/2020,PLANEJAMENTO
12/08/2020,PLANEJAMENTO
13/08/2020,PLANEJAMENTO
14/08/2020,PLANEJAMENTO
15/08/2020,PLANEJAMENTO
16/08/2020,PLANEJAMENTO
17/08/2020,PLANEJAMENTO
18/08/2020,PLANEJAMENTO
19/08/2020,PLANEJAMENTO
20/08/2020,PLANEJAMENTO
21/08/2020,PLANEJAMENTO
22/08/2020,PLANEJAMENTO
23/08/2020,PLANEJAMENTO
24/08/2020,PLANEJAMENTO
25/08/2020,PLANEJAMENTO
26/08/2020,PLANEJAMENTO
27/08/2020,PLANEJAMENTO
28/08/2020,PLANEJAMENTO
29/08/2020,PLANEJAMENTO
30/08/2020,PLANEJAMENTO
31/08/2020,PLANEJAMENTO
01/09/2020,ENTRESAFRA
02/09/2020,ENTRESAFRA
03/09/2020,ENTRESAFRA
04/09/2020,ENTRESAFRA
05/09/2020,ENTRESAFRA
06/09/2020,ENTRESAFRA
07/09/2020,ENTRESAFRA
08/09/2020,ENTRESAFRA
09/09/2020,ENTRESAFRA
10/09/2020,ENTRESAFRA
11/09/2020,ENTRESAFRA
12/09/2020,ENTRESAFRA
13/09/2020,ENTRESAFRA
14/09/2020,ENTRESAFRA
15/09/2020,ENTRESAFRA
16/09/2020,ENTRESAFRA
17/09/2020,ENTRESAFRA
18/09/2020,ENTRESAFRA
19/09/2020,ENTRESAFRA
20/09/2020,ENTRESAFRA
21/09/2020,ENTRESAFRA
22/09/2020,ENTRESAFRA
23/09/2020,ENTRESAFRA
24/09/2020,ENTRESAFRA
25/09/2020,ENTRESAFRA
26/09/2020,ENTRESAFRA
27/09/2020,ENTRESAFRA
28/09/2020,ENTRESAFRA
29/09/2020,ENTRESAFRA
30/09/2020,ENTRESAFRA
01/10/2020,ENTRESAFRA
02/10/2020,ENTRESAFRA
03/10/2020,ENTRESAFRA
04/10/2020,ENTRESAFRA
05/10/2020,ENTRESAFRA
06/10/2020,ENTRESAFRA
07/10/2020,ENTRESAFRA
08/10/2020,ENTRESAFRA
09/10/2020,ENTRESAFRA
10/10/2020,ENTRESAFRA
11/10/2020,ENTRESAFRA
12/10/2020,ENTRESAFRA
13/10/2020,ENTRESAFRA
14/10/2020,ENTRESAFRA
15/10/2020,ENTRESAFRA
16/10/2020,ENTRESAFRA
17/10/2020,ENTRESAFRA
18/10/2020,ENTRESAFRA
19/10/2020,ENTRESAFRA
20/10/2020,ENTRESAFRA
21/10/2020,ENTRESAFRA
22/10/2020,ENTRESAFRA
23/10/2020,ENTRESAFRA
24/10/2020,ENTRESAFRA
25/10/2020,ENTRESAFRA
26/10/2020,ENTRESAFRA
27/10/2020,ENTRESAFRA
28/10/2020,ENTRESAFRA
29/10/2020,ENTRESAFRA
30/10/2020,ENTRESAFRA
31/10/2020,ENTRESAFRA
01/11/2020,SAFRA
02/11/2020,SAFRA
03/11/2020,SAFRA
04/11/2020,SAFRA
05/11/2020,SAFRA
06/11/2020,SAFRA
07/11/2020,SAFRA
08/11/2020,SAFRA
09/11/2020,SAFRA
10/11/2020,SAFRA
11/11/2020,SAFRA
12/11/2020,SAFRA
13/11/2020,SAFRA
14/11/2020,SAFRA
15/11/2020,SAFRA
16/11/2020,SAFRA
17/11/2020,SAFRA
18/11/2020,SAFRA
19/11/2020,SAFRA
20/11/2020,SAFRA
21/11/2020,SAFRA
22/11/2020,SAFRA
23/11/2020,SAFRA
24/11/2020,SAFRA
25/11/2020,SAFRA
26/11/2020,SAFRA
27/11/2020,SAFRA
28/11/2020,SAFRA
29/11/2020,SAFRA
30/11/2020,SAFRA
01/12/2020,PLANEJAMENTO
02/12/2020,PLANEJAMENTO
03/12/2020,PLANEJAMENTO
04/12/2020,PLANEJAMENTO
05/12/2020,PLANEJAMENTO
06/12/2020,PLANEJAMENTO
07/12/2020,PLANEJAMENTO
08/12/2020,PLANEJAMENTO
09/12/2020,PLANEJAMENTO
10/12/2020,PLANEJAMENTO
11/12/2020,PLANEJAMENTO
12/12/2020,PLANEJAMENTO
13/12/2020,PLANEJAMENTO
14/12/2020,PLANEJAMENTO
15/12/2020,PLANEJAMENTO
16/12/2020,PLANEJAMENTO
17/12/2020,PLANEJAMENTO
18/12/2020,PLANEJAMENTO
19/12/2020,PLANEJAMENTO
20/12/2020,PLANEJAMENTO
21/12/2020,PLANEJAMENTO
22/12/2020,PLANEJAMENTO
23/12/2020,PLANEJAMENTO
24/12/2020,PLANEJAMENTO
25/12/2020,PLANEJAMENTO
26/12/2020,PLANEJAMENTO
27/12/2020,PLANEJAMENTO
28/12/2020,PLANEJAMENTO
29/12/2020,PLANEJAMENTO
30/12/2020,PLANEJAMENTO
31/12/2020,PLANEJAMENTO
01/01/2021,PLANEJAMENTO
02/01/2021,PLANEJAMENTO
03/01/2021,PLANEJAMENTO
04/01/2021,PLANEJAMENTO
05/01/2021,PLANEJAMENTO
06/01/2021,PLANEJAMENTO
07/01/2021,PLANEJAMENTO
08/01/2021,PLANEJAMENTO
09/01/2021,PLANEJAMENTO
10/01/2021,PLANEJAMENTO
11/01/2021,PLANEJAMENTO
12/01/2021,PLANEJAMENTO
13/01/2021,PLANEJAMENTO
14/01/2021,PLANEJAMENTO
15/01/2021,PLANEJAMENTO
16/01/2021,PLANEJAMENTO
17/01/2021,PLANEJAMENTO
18/01/2021,PLANEJAMENTO
19/01/2021,PLANEJAMENTO
20/01/2021,PLANEJAMENTO
21/01/2021,PLANEJAMENTO
22/01/2021,PLANEJAMENTO
23/01/2021,PLANEJAMENTO
24/01/2021,PLANEJAMENTO
25/01/2021,PLANEJAMENTO
26/01/2021,PLANEJAMENTO
27/01/2021,PLANEJAMENTO
28/01/2021,PLANEJAMENTO
29/01/2021,PLANEJAMENTO
30/01/2021,PLANEJAMENTO
31/01/2021,PLANEJAMENTO
01/02/2021,SAFRA
02/02/2021,SAFRA
03/02/2021,SAFRA
04/02/2021,SAFRA
05/02/2021,SAFRA
06/02/2021,SAFRA
07/02/2021,SAFRA
08/02/2021,SAFRA
09/02/2021,SAFRA
10/02/2021,SAFRA
11/02/2021,SAFRA
12/02/2021,SAFRA
13/02/2021,SAFRA
14/02/2021,SAFRA
15/02/2021,SAFRA
16/02/2021,SAFRA
17/02/2021,SAFRA
18/02/2021,SAFRA
19/02/2021,SAFRA
20/02/2021,SAFRA
21/02/2021,SAFRA
22/02/2021,SAFRA
23/02/2021,SAFRA
24/02/2021,SAFRA
25/02/2021,SAFRA
26/02/2021,SAFRA
27/02/2021,SAFRA
28/02/2021,SAFRA
01/03/2021,ENTRESAFRA
02/03/2021,ENTRESAFRA
03/03/2021,ENTRESAFRA
04/03/2021,ENTRESAFRA
05/03/2021,ENTRESAFRA
06/03/2021,ENTRESAFRA
07/03/2021,ENTRESAFRA
08/03/2021,ENTRESAFRA
09/03/2021,ENTRESAFRA
10/03/2021,ENTRESAFRA
11/03/2021,ENTRESAFRA
12/03/2021,ENTRESAFRA
13/03/2021,ENTRESAFRA
14/03/2021,ENTRESAFRA
15/03/2021,ENTRESAFRA
16/03/2021,ENTRESAFRA
17/03/2021,ENTRESAFRA
18/03/2021,ENTRESAFRA
19/03/2021,ENTRESAFRA
20/03/2021,ENTRESAFRA
21/03/2021,ENTRESAFRA
22/03/2021,ENTRESAFRA
23/03/2021,ENTRESAFRA
24/03/2021,ENTRESAFRA
25/03/2021,ENTRESAFRA
26/03/2021,ENTRESAFRA
27/03/2021,ENTRESAFRA
28/03/2021,ENTRESAFRA
29/03/2021,ENTRESAFRA
30/03/2021,ENTRESAFRA
31/03/2021,ENTRESAFRA
01/04/2021,ENTRESAFRA
02/04/2021,ENTRESAFRA
03/04/2021,ENTRESAFRA
04/04/2021,ENTRESAFRA
05/04/2021,ENTRESAFRA
06/04/2021,ENTRESAFRA
07/04/2021,ENTRESAFRA
08/04/2021,ENTRESAFRA
09/04/2021,ENTRESAFRA
10/04/2021,ENTRESAFRA
11/04/2021,ENTRESAFRA
12/04/2021,ENTRESAFRA
13/04/2021,ENTRESAFRA
14/04/2021,ENTRESAFRA
15/04/2021,ENTRESAFRA
16/04/2021,ENTRESAFRA
17/04/2021,ENTRESAFRA
18/04/2021,ENTRESAFRA
19/04/2021,ENTRESAFRA
20/04/2021,ENTRESAFRA
21/04/2021,ENTRESAFRA
22/04/2021,ENTRESAFRA
23/04/2021,ENTRESAFRA
24/04/2021,ENTRESAFRA
25/04/2021,ENTRESAFRA
26/04/2021,ENTRESAFRA
27/04/2021,ENTRESAFRA
28/04/2021,ENTRESAFRA
29/04/2021,ENTRESAFRA
30/04/2021,ENTRESAFRA
01/05/2021,PLANEJAMENTO
02/05/2021,PLANEJAMENTO
03/05/2021,PLANEJAMENTO
04/05/2021,PLANEJAMENTO
05/05/2021,PLANEJAMENTO
06/05/2021,PLANEJAMENTO
07/05/2021,PLANEJAMENTO
08/05/2021,PLANEJAMENTO
09/05/2021,PLANEJAMENTO
10/05/2021,PLANEJAMENTO
11/05/2021,PLANEJAMENTO
12/05/2021,PLANEJAMENTO
13/05/2021,PLANEJAMENTO
14/05/2021,PLANEJAMENTO
15/05/2021,PLANEJAMENTO
16/05/2021,PLANEJAMENTO
17/05/2021,PLANEJAMENTO
18/05/2021,PLANEJAMENTO
19/05/2021,PLANEJAMENTO
20/05/2021,PLANEJAMENTO
21/05/2021,PLANEJAMENTO
22/05/2021,PLANEJAMENTO
23/05/2021,PLANEJAMENTO
24/05/2021,PLANEJAMENTO
25/05/2021,PLANEJAMENTO
26/05/2021,PLANEJAMENTO
27/05/2021,PLANEJAMENTO
28/05/2021,PLANEJAMENTO
29/05/2021,PLANEJAMENTO
30/05/2021,PLANEJAMENTO
31/05/2021,PLANEJAMENTO
01/06/2021,PLANEJAMENTO
02/06/2021,PLANEJAMENTO
03/06/2021,PLANEJAMENTO
04/06/2021,PLANEJAMENTO
05/06/2021,PLANEJAMENTO
06/06/2021,PLANEJAMENTO
07/06/2021,PLANEJAMENTO
08/06/2021,PLANEJAMENTO
09/06/2021,PLANEJAMENTO
10/06/2021,PLANEJAMENTO
11/06/2021,PLANEJAMENTO
12/06/2021,PLANEJAMENTO
13/06/2021,PLANEJAMENTO
14/06/2021,PLANEJAMENTO
15/06/2021,PLANEJAMENTO
16/06/2021,PLANEJAMENTO
17/06/2021,PLANEJAMENTO
18/06/2021,PLANEJAMENTO
19/06/2021,PLANEJAMENTO
20/06/2021,PLANEJAMENTO
21/06/2021,PLANEJAMENTO
22/06/2021,PLANEJAMENTO
23/06/2021,PLANEJAMENTO
24/06/2021,PLANEJAMENTO
25/06/2021,PLANEJAMENTO
26/06/2021,PLANEJAMENTO
27/06/2021,PLANEJAMENTO
28/06/2021,PLANEJAMENTO
29/06/2021,PLANEJAMENTO
30/06/2021,PLANEJAMENTO
01/07/2021,PLANEJAMENTO
02/07/2021,PLANEJAMENTO
03/07/2021,PLANEJAMENTO
04/07/2021,PLANEJAMENTO
05/07/2021,PLANEJAMENTO
06/07/2021,PLANEJAMENTO
07/07/2021,PLANEJAMENTO
08/07/2021,PLANEJAMENTO
09/07/2021,PLANEJAMENTO
10/07/2021,PLANEJAMENTO
11/07/2021,PLANEJAMENTO
12/07/2021,PLANEJAMENTO
13/07/2021,PLANEJAMENTO
14/07/2021,PLANEJAMENTO
15/07/2021,PLANEJAMENTO
16/07/2021,PLANEJAMENTO
17/07/2021,PLANEJAMENTO
18/07/2021,PLANEJAMENTO
19/07/2021,PLANEJAMENTO
20/07/2021,PLANEJAMENTO
21/07/2021,PLANEJAMENTO
22/07/2021,PLANEJAMENTO
23/07/2021,PLANEJAMENTO
24/07/2021,PLANEJAMENTO
25/07/2021,PLANEJAMENTO
26/07/2021,PLANEJAMENTO
27/07/2021,PLANEJAMENTO
28/07/2021,PLANEJAMENTO
29/07/2021,PLANEJAMENTO
30/07/2021,PLANEJAMENTO
31/07/2021,PLANEJAMENTO
01/08/2021,PLANEJAMENTO
02/08/2021,PLANEJAMENTO
03/08/2021,PLANEJAMENTO
04/08/2021,PLANEJAMENTO
05/08/2021,PLANEJAMENTO
06/08/2021,PLANEJAMENTO
07/08/2021,PLANEJAMENTO
08/08/2021,PLANEJAMENTO
09/08/2021,PLANEJAMENTO
10/08/2021,PLANEJAMENTO
11/08/2021,PLANEJAMENTO
12/08/2021,PLANEJAMENTO
13/08/2021,PLANEJAMENTO
14/08/2021,PLANEJAMENTO
15/08/2021,PLANEJAMENTO
16/08/2021,PLANEJAMENTO
17/08/2021,PLANEJAMENTO
18/08/2021,PLANEJAMENTO
19/08/2021,PLANEJAMENTO
20/08/2021,PLANEJAMENTO
21/08/2021,PLANEJAMENTO
22/08/2021,PLANEJAMENTO
23/08/2021,PLANEJAMENTO
24/08/2021,PLANEJAMENTO
25/08/2021,PLANEJAMENTO
26/08/2021,PLANEJAMENTO
27/08/2021,PLANEJAMENTO
28/08/2021,PLANEJAMENTO
29/08/2021,PLANEJAMENTO
30/08/2021,PLANEJAMENTO
31/08/2021,PLANEJAMENTO
01/09/2021,ENTRESAFRA
02/09/2021,ENTRESAFRA
03/09/2021,ENTRESAFRA
04/09/2021,ENTRESAFRA
05/09/2021,ENTRESAFRA
06/09/2021,ENTRESAFRA
07/09/2021,ENTRESAFRA
08/09/2021,ENTRESAFRA
09/09/2021,ENTRESAFRA
10/09/2021,ENTRESAFRA
11/09/2021,ENTRESAFRA
12/09/2021,ENTRESAFRA
13/09/2021,ENTRESAFRA
14/09/2021,ENTRESAFRA
15/09/2021,ENTRESAFRA
16/09/2021,ENTRESAFRA
17/09/2021,ENTRESAFRA
18/09/2021,ENTRESAFRA
19/09/2021,ENTRESAFRA
20/09/2021,ENTRESAFRA
21/09/2021,ENTRESAFRA
22/09/2021,ENTRESAFRA
23/09/2021,ENTRESAFRA
24/09/2021,ENTRESAFRA
25/09/2021,ENTRESAFRA
26/09/2021,ENTRESAFRA
27/09/2021,ENTRESAFRA
28/09/2021,ENTRESAFRA
29/09/2021,ENTRESAFRA
30/09/2021,ENTRESAFRA
01/10/2021,ENTRESAFRA
02/10/2021,ENTRESAFRA
03/10/2021,ENTRESAFRA
04/10/2021,ENTRESAFRA
05/10/2021,ENTRESAFRA
06/10/2021,ENTRESAFRA
07/10/2021,ENTRESAFRA
08/10/2021,ENTRESAFRA
09/10/2021,ENTRESAFRA
10/10/2021,ENTRESAFRA
11/10/2021,ENTRESAFRA
12/10/2021,ENTRESAFRA
13/10/2021,ENTRESAFRA
14/10/2021,ENTRESAFRA
15/10/2021,ENTRESAFRA
16/10/2021,ENTRESAFRA
17/10/2021,ENTRESAFRA
18/10/2021,ENTRESAFRA
19/10/2021,ENTRESAFRA
20/10/2021,ENTRESAFRA
21/10/2021,ENTRESAFRA
22/10/2021,ENTRESAFRA
23/10/2021,ENTRESAFRA
24/10/2021,ENTRESAFRA
25/10/2021,ENTRESAFRA
26/10/2021,ENTRESAFRA
27/10/2021,ENTRESAFRA
28/10/2021,ENTRESAFRA
29/10/2021,ENTRESAFRA
30/10/2021,ENTRESAFRA
31/10/2021,ENTRESAFRA
01/11/2021,SAFRA
02/11/2021,SAFRA
03/11/2021,SAFRA
04/11/2021,SAFRA
05/11/2021,SAFRA
06/11/2021,SAFRA
07/11/2021,SAFRA
08/11/2021,SAFRA
09/11/2021,SAFRA
10/11/2021,SAFRA
11/11/2021,SAFRA
12/11/2021,SAFRA
13/11/2021,SAFRA
14/11/2021,SAFRA
15/11/2021,SAFRA
16/11/2021,SAFRA
17/11/2021,SAFRA
18/11/2021,SAFRA
19/11/2021,SAFRA
20/11/2021,SAFRA
21/11/2021,SAFRA
22/11/2021,SAFRA
23/11/2021,SAFRA
24/11/2021,SAFRA
25/11/2021,SAFRA
26/11/2021,SAFRA
27/11/2021,SAFRA
28/11/2021,SAFRA
29/11/2021,SAFRA
30/11/2021,SAFRA
01/12/2021,PLANEJAMENTO
02/12/2021,PLANEJAMENTO
03/12/2021,PLANEJAMENTO
04/12/2021,PLANEJAMENTO
05/12/2021,PLANEJAMENTO
06/12/2021,PLANEJAMENTO
07/12/2021,PLANEJAMENTO
08/12/2021,PLANEJAMENTO
09/12/2021,PLANEJAMENTO
10/12/2021,PLANEJAMENTO
11/12/2021,PLANEJAMENTO
12/12/2021,PLANEJAMENTO
13/12/2021,PLANEJAMENTO
14/12/2021,PLANEJAMENTO
15/12/2021,PLANEJAMENTO
16/12/2021,PLANEJAMENTO
17/12/2021,PLANEJAMENTO
18/12/2021,PLANEJAMENTO
19/12/2021,PLANEJAMENTO
20/12/2021,PLANEJAMENTO
21/12/2021,PLANEJAMENTO
22/12/2021,PLANEJAMENTO
23/12/2021,PLANEJAMENTO
24/12/2021,PLANEJAMENTO
25/12/2021,PLANEJAMENTO
26/12/2021,PLANEJAMENTO
27/12/2021,PLANEJAMENTO
28/12/2021,PLANEJAMENTO
29/12/2021,PLANEJAMENTO
30/12/2021,PLANEJAMENTO
31/12/2021,PLANEJAMENTO
01/01/2022,PLANEJAMENTO
02/01/2022,PLANEJAMENTO
03/01/2022,PLANEJAMENTO
04/01/2022,PLANEJAMENTO
05/01/2022,PLANEJAMENTO
06/01/2022,PLANEJAMENTO
07/01/2022,PLANEJAMENTO
08/01/2022,PLANEJAMENTO
09/01/2022,PLANEJAMENTO
10/01/2022,PLANEJAMENTO
11/01/2022,PLANEJAMENTO
12/01/2022,PLANEJAMENTO
13/01/2022,PLANEJAMENTO
14/01/2022,PLANEJAMENTO
15/01/2022,PLANEJAMENTO
16/01/2022,PLANEJAMENTO
17/01/2022,PLANEJAMENTO
18/01/2022,PLANEJAMENTO
19/01/2022,PLANEJAMENTO
20/01/2022,PLANEJAMENTO
21/01/2022,PLANEJAMENTO
22/01/2022,PLANEJAMENTO
23/01/2022,PLANEJAMENTO
24/01/2022,PLANEJAMENTO
25/01/2022,PLANEJAMENTO
26/01/2022,PLANEJAMENTO
27/01/2022,PLANEJAMENTO
28/01/2022,PLANEJAMENTO
29/01/2022,PLANEJAMENTO
30/01/2022,PLANEJAMENTO
31/01/2022,PLANEJAMENTO
01/02/2022,SAFRA
02/02/2022,SAFRA
03/02/2022,SAFRA
04/02/2022,SAFRA
05/02/2022,SAFRA
06/02/2022,SAFRA
07/02/2022,SAFRA
08/02/2022,SAFRA
09/02/2022,SAFRA
10/02/2022,SAFRA
11/02/2022,SAFRA
12/02/2022,SAFRA
13/02/2022,SAFRA
14/02/2022,SAFRA
15/02/2022,SAFRA
16/02/2022,SAFRA
17/02/2022,SAFRA
18/02/2022,SAFRA
19/02/2022,SAFRA
20/02/2022,SAFRA
21/02/2022,SAFRA
22/02/2022,SAFRA
23/02/2022,SAFRA
24/02/2022,SAFRA
25/02/2022,SAFRA
26/02/2022,SAFRA
27/02/2022,SAFRA
28/02/2022,SAFRA
01/03/2022,ENTRESAFRA
02/03/2022,ENTRESAFRA
03/03/2022,ENTRESAFRA
04/03/2022,ENTRESAFRA
05/03/2022,ENTRESAFRA
06/03/2022,ENTRESAFRA
07/03/2022,ENTRESAFRA
08/03/2022,ENTRESAFRA
09/03/2022,ENTRESAFRA
10/03/2022,ENTRESAFRA
11/03/2022,ENTRESAFRA
12/03/2022,ENTRESAFRA
13/03/2022,ENTRESAFRA
14/03/2022,ENTRESAFRA
15/03/2022,ENTRESAFRA
16/03/2022,ENTRESAFRA
17/03/2022,ENTRESAFRA
18/03/2022,ENTRESAFRA
19/03/2022,ENTRESAFRA
20/03/2022,ENTRESAFRA
21/03/2022,ENTRESAFRA
22/03/2022,ENTRESAFRA
23/03/2022,ENTRESAFRA
24/03/2022,ENTRESAFRA
25/03/2022,ENTRESAFRA
26/03/2022,ENTRESAFRA
27/03/2022,ENTRESAFRA
28/03/2022,ENTRESAFRA
29/03/2022,ENTRESAFRA
30/03/2022,ENTRESAFRA
31/03/2022,ENTRESAFRA
01/04/2022,ENTRESAFRA
02/04/2022,ENTRESAFRA
03/04/2022,ENTRESAFRA
04/04/2022,ENTRESAFRA
05/04/2022,ENTRESAFRA
06/04/2022,ENTRESAFRA
07/04/2022,ENTRESAFRA
08/04/2022,ENTRESAFRA
09/04/2022,ENTRESAFRA
10/04/2022,ENTRESAFRA
11/04/2022,ENTRESAFRA
12/04/2022,ENTRESAFRA
13/04/2022,ENTRESAFRA
14/04/2022,ENTRESAFRA
15/04/2022,ENTRESAFRA
16/04/2022,ENTRESAFRA
17/04/2022,ENTRESAFRA
18/04/2022,ENTRESAFRA
19/04/2022,ENTRESAFRA
20/04/2022,ENTRESAFRA
21/04/2022,ENTRESAFRA
22/04/2022,ENTRESAFRA
23/04/2022,ENTRESAFRA
24/04/2022,ENTRESAFRA
25/04/2022,ENTRESAFRA
26/04/2022,ENTRESAFRA
27/04/2022,ENTRESAFRA
28/04/2022,ENTRESAFRA
29/04/2022,ENTRESAFRA
30/04/2022,ENTRESAFRA
01/05/2022,PLANEJAMENTO
02/05/2022,PLANEJAMENTO
03/05/2022,PLANEJAMENTO
04/05/2022,PLANEJAMENTO
05/05/2022,PLANEJAMENTO
06/05/2022,PLANEJAMENTO
07/05/2022,PLANEJAMENTO
08/05/2022,PLANEJAMENTO
09/05/2022,PLANEJAMENTO
10/05/2022,PLANEJAMENTO
11/05/2022,PLANEJAMENTO
12/05/2022,PLANEJAMENTO
13/05/2022,PLANEJAMENTO
14/05/2022,PLANEJAMENTO
15/05/2022,PLANEJAMENTO
16/05/2022,PLANEJAMENTO
17/05/2022,PLANEJAMENTO
18/05/2022,PLANEJAMENTO
19/05/2022,PLANEJAMENTO
20/05/2022,PLANEJAMENTO
21/05/2022,PLANEJAMENTO
22/05/2022,PLANEJAMENTO
23/05/2022,PLANEJAMENTO
24/05/2022,PLANEJAMENTO
25/05/2022,PLANEJAMENTO
26/05/2022,PLANEJAMENTO
27/05/2022,PLANEJAMENTO
28/05/2022,PLANEJAMENTO
29/05/2022,PLANEJAMENTO
30/05/2022,PLANEJAMENTO
31/05/2022,PLANEJAMENTO
01/06/2022,PLANEJAMENTO
02/06/2022,PLANEJAMENTO
03/06/2022,PLANEJAMENTO
04/06/2022,PLANEJAMENTO
05/06/2022,PLANEJAMENTO
06/06/2022,PLANEJAMENTO
07/06/2022,PLANEJAMENTO
08/06/2022,PLANEJAMENTO
09/06/2022,PLANEJAMENTO
10/06/2022,PLANEJAMENTO
11/06/2022,PLANEJAMENTO
12/06/2022,PLANEJAMENTO
13/06/2022,PLANEJAMENTO
14/06/2022,PLANEJAMENTO
15/06/2022,PLANEJAMENTO
16/06/2022,PLANEJAMENTO
17/06/2022,PLANEJAMENTO
18/06/2022,PLANEJAMENTO
19/06/2022,PLANEJAMENTO
20/06/2022,PLANEJAMENTO
21/06/2022,PLANEJAMENTO
22/06/2022,PLANEJAMENTO
23/06/2022,PLANEJAMENTO
24/06/2022,PLANEJAMENTO
25/06/2022,PLANEJAMENTO
26/06/2022,PLANEJAMENTO
27/06/2022,PLANEJAMENTO
28/06/2022,PLANEJAMENTO
29/06/2022,PLANEJAMENTO
30/06/2022,PLANEJAMENTO
01/07/2022,PLANEJAMENTO
02/07/2022,PLANEJAMENTO
03/07/2022,PLANEJAMENTO
04/07/2022,PLANEJAMENTO
05/07/2022,PLANEJAMENTO
06/07/2022,PLANEJAMENTO
07/07/2022,PLANEJAMENTO
08/07/2022,PLANEJAMENTO
09/07/2022,PLANEJAMENTO
10/07/2022,PLANEJAMENTO
11/07/2022,PLANEJAMENTO
12/07/2022,PLANEJAMENTO
13/07/2022,PLANEJAMENTO
14/07/2022,PLANEJAMENTO
15/07/2022,PLANEJAMENTO
16/07/2022,PLANEJAMENTO
17/07/2022,PLANEJAMENTO
18/07/2022,PLANEJAMENTO
19/07/2022,PLANEJAMENTO
20/07/2022,PLANEJAMENTO
21/07/2022,PLANEJAMENTO
22/07/2022,PLANEJAMENTO
23/07/2022,PLANEJAMENTO
24/07/2022,PLANEJAMENTO
25/07/2022,PLANEJAMENTO
26/07/2022,PLANEJAMENTO
27/07/2022,PLANEJAMENTO
28/07/2022,PLANEJAMENTO
29/07/2022,PLANEJAMENTO
30/07/2022,PLANEJAMENTO
31/07/2022,PLANEJAMENTO
01/08/2022,PLANEJAMENTO
02/08/2022,PLANEJAMENTO
03/08/2022,PLANEJAMENTO
04/08/2022,PLANEJAMENTO
05/08/2022,PLANEJAMENTO
06/08/2022,PLANEJAMENTO
07/08/2022,PLANEJAMENTO
08/08/2022,PLANEJAMENTO
09/08/2022,PLANEJAMENTO
10/08/2022,PLANEJAMENTO
11/08/2022,PLANEJAMENTO
12/08/2022,PLANEJAMENTO
13/08/2022,PLANEJAMENTO
14/08/2022,PLANEJAMENTO
15/08/2022,PLANEJAMENTO
16/08/2022,PLANEJAMENTO
17/08/2022,PLANEJAMENTO
18/08/2022,PLANEJAMENTO
19/08/2022,PLANEJAMENTO
20/08/2022,PLANEJAMENTO
21/08/2022,PLANEJAMENTO
22/08/2022,PLANEJAMENTO
23/08/2022,PLANEJAMENTO
24/08/2022,PLANEJAMENTO
25/08/2022,PLANEJAMENTO
26/08/2022,PLANEJAMENTO
27/08/2022,PLANEJAMENTO
28/08/2022,PLANEJAMENTO
29/08/2022,PLANEJAMENTO
30/08/2022,PLANEJAMENTO
31/08/2022,PLANEJAMENTO
01/09/2022,ENTRESAFRA
02/09/2022,ENTRESAFRA
03/09/2022,ENTRESAFRA
04/09/2022,ENTRESAFRA
05/09/2022,ENTRESAFRA
06/09/2022,ENTRESAFRA
07/09/2022,ENTRESAFRA
08/09/2022,ENTRESAFRA
09/09/2022,ENTRESAFRA
10/09/2022,ENTRESAFRA
11/09/2022,ENTRESAFRA
12/09/2022,ENTRESAFRA
13/09/2022,ENTRESAFRA
14/09/2022,ENTRESAFRA
15/09/2022,ENTRESAFRA
16/09/2022,ENTRESAFRA
17/09/2022,ENTRESAFRA
18/09/2022,ENTRESAFRA
19/09/2022,ENTRESAFRA
20/09/2022,ENTRESAFRA
21/09/2022,ENTRESAFRA
22/09/2022,ENTRESAFRA
23/09/2022,ENTRESAFRA
24/09/2022,ENTRESAFRA
25/09/2022,ENTRESAFRA
26/09/2022,ENTRESAFRA
27/09/2022,ENTRESAFRA
28/09/2022,ENTRESAFRA
29/09/2022,ENTRESAFRA
30/09/2022,ENTRESAFRA
01/10/2022,ENTRESAFRA
02/10/2022,ENTRESAFRA
03/10/2022,ENTRESAFRA
04/10/2022,ENTRESAFRA
05/10/2022,ENTRESAFRA
06/10/2022,ENTRESAFRA
07/10/2022,ENTRESAFRA
08/10/2022,ENTRESAFRA
09/10/2022,ENTRESAFRA
10/10/2022,ENTRESAFRA
11/10/2022,ENTRESAFRA
12/10/2022,ENTRESAFRA
13/10/2022,ENTRESAFRA
14/10/2022,ENTRESAFRA
15/10/2022,ENTRESAFRA
16/10/2022,ENTRESAFRA
17/10/2022,ENTRESAFRA
18/10/2022,ENTRESAFRA
19/10/2022,ENTRESAFRA
20/10/2022,ENTRESAFRA
21/10/2022,ENTRESAFRA
22/10/2022,ENTRESAFRA
23/10/2022,ENTRESAFRA
24/10/2022,ENTRESAFRA
25/10/2022,ENTRESAFRA
26/10/2022,ENTRESAFRA
27/10/2022,ENTRESAFRA
28/10/2022,ENTRESAFRA
29/10/2022,ENTRESAFRA
30/10/2022,ENTRESAFRA
31/10/2022,ENTRESAFRA
01/11/2022,SAFRA
02/11/2022,SAFRA
03/11/2022,SAFRA
04/11/2022,SAFRA
05/11/2022,SAFRA
06/11/2022,SAFRA
07/11/2022,SAFRA
08/11/2022,SAFRA
09/11/2022,SAFRA
10/11/2022,SAFRA
11/11/2022,SAFRA
12/11/2022,SAFRA
13/11/2022,SAFRA
14/11/2022,SAFRA
15/11/2022,SAFRA
16/11/2022,SAFRA
17/11/2022,SAFRA
18/11/2022,SAFRA
19/11/2022,SAFRA
20/11/2022,SAFRA
21/11/2022,SAFRA
22/11/2022,SAFRA
23/11/2022,SAFRA
24/11/2022,SAFRA
25/11/2022,SAFRA
26/11/2022,SAFRA
27/11/2022,SAFRA
28/11/2022,SAFRA
29/11/2022,SAFRA
30/11/2022,SAFRA
01/12/2022,PLANEJAMENTO
02/12/2022,PLANEJAMENTO
03/12/2022,PLANEJAMENTO
04/12/2022,PLANEJAMENTO
05/12/2022,PLANEJAMENTO
06/12/2022,PLANEJAMENTO
07/12/2022,PLANEJAMENTO
08/12/2022,PLANEJAMENTO
09/12/2022,PLANEJAMENTO
10/12/2022,PLANEJAMENTO
11/12/2022,PLANEJAMENTO
12/12/2022,PLANEJAMENTO
13/12/2022,PLANEJAMENTO
14/12/2022,PLANEJAMENTO
15/12/2022,PLANEJAMENTO
16/12/2022,PLANEJAMENTO
17/12/2022,PLANEJAMENTO
18/12/2022,PLANEJAMENTO
19/12/2022,PLANEJAMENTO
20/12/2022,PLANEJAMENTO
21/12/2022,PLANEJAMENTO
22/12/2022,PLANEJAMENTO
23/12/2022,PLANEJAMENTO
24/12/2022,PLANEJAMENTO
25/12/2022,PLANEJAMENTO
26/12/2022,PLANEJAMENTO
27/12/2022,PLANEJAMENTO
28/12/2022,PLANEJAMENTO
29/12/2022,PLANEJAMENTO
30/12/2022,PLANEJAMENTO
31/12/2022,PLANEJAMENTO
01/01/2023,PLANEJAMENTO
02/01/2023,PLANEJAMENTO
03/01/2023,PLANEJAMENTO
04/01/2023,PLANEJAMENTO
05/01/2023,PLANEJAMENTO
06/01/2023,PLANEJAMENTO
07/01/2023,PLANEJAMENTO
08/01/2023,PLANEJAMENTO
09/01/2023,PLANEJAMENTO
10/01/2023,PLANEJAMENTO
11/01/2023,PLANEJAMENTO
12/01/2023,PLANEJAMENTO
13/01/2023,PLANEJAMENTO
14/01/2023,PLANEJAMENTO
15/01/2023,PLANEJAMENTO
16/01/2023,PLANEJAMENTO
17/01/2023,PLANEJAMENTO
18/01/2023,PLANEJAMENTO
19/01/2023,PLANEJAMENTO
20/01/2023,PLANEJAMENTO
21/01/2023,PLANEJAMENTO
22/01/2023,PLANEJAMENTO
23/01/2023,PLANEJAMENTO
24/01/2023,PLANEJAMENTO
25/01/2023,PLANEJAMENTO
26/01/2023,PLANEJAMENTO
27/01/2023,PLANEJAMENTO
28/01/2023,PLANEJAMENTO
29/01/2023,PLANEJAMENTO
30/01/2023,PLANEJAMENTO
31/01/2023,PLANEJAMENTO
01/02/2023,SAFRA
02/02/2023,SAFRA
03/02/2023,SAFRA
04/02/2023,SAFRA
05/02/2023,SAFRA
06/02/2023,SAFRA
07/02/2023,SAFRA
08/02/2023,SAFRA
09/02/2023,SAFRA
10/02/2023,SAFRA
11/02/2023,SAFRA
12/02/2023,SAFRA
13/02/2023,SAFRA
14/02/2023,SAFRA
15/02/2023,SAFRA
16/02/2023,SAFRA
17/02/2023,SAFRA
18/02/2023,SAFRA
19/02/2023,SAFRA
20/02/2023,SAFRA
21/02/2023,SAFRA
22/02/2023,SAFRA
23/02/2023,SAFRA
24/02/2023,SAFRA
25/02/2023,SAFRA
26/02/2023,SAFRA
27/02/2023,SAFRA
28/02/2023,SAFRA
01/03/2023,ENTRESAFRA
02/03/2023,ENTRESAFRA
03/03/2023,ENTRESAFRA
04/03/2023,ENTRESAFRA
05/03/2023,ENTRESAFRA
06/03/2023,ENTRESAFRA
07/03/2023,ENTRESAFRA
08/03/2023,ENTRESAFRA
09/03/2023,ENTRESAFRA
10/03/2023,ENTRESAFRA
11/03/2023,ENTRESAFRA
12/03/2023,ENTRESAFRA
13/03/2023,ENTRESAFRA
14/03/2023,ENTRESAFRA
15/03/2023,ENTRESAFRA
16/03/2023,ENTRESAFRA
17/03/2023,ENTRESAFRA
18/03/2023,ENTRESAFRA
19/03/2023,ENTRESAFRA
20/03/2023,ENTRESAFRA
21/03/2023,ENTRESAFRA
22/03/2023,ENTRESAFRA
23/03/2023,ENTRESAFRA
24/03/2023,ENTRESAFRA
25/03/2023,ENTRESAFRA
26/03/2023,ENTRESAFRA
27/03/2023,ENTRESAFRA
28/03/2023,ENTRESAFRA
29/03/2023,ENTRESAFRA
30/03/2023,ENTRESAFRA
31/03/2023,ENTRESAFRA
01/04/2023,ENTRESAFRA
02/04/2023,ENTRESAFRA
03/04/2023,ENTRESAFRA
04/04/2023,ENTRESAFRA
05/04/2023,ENTRESAFRA
06/04/2023,ENTRESAFRA
07/04/2023,ENTRESAFRA
08/04/2023,ENTRESAFRA
09/04/2023,ENTRESAFRA
10/04/2023,ENTRESAFRA
11/04/2023,ENTRESAFRA
12/04/2023,ENTRESAFRA
13/04/2023,ENTRESAFRA
14/04/2023,ENTRESAFRA
15/04/2023,ENTRESAFRA
16/04/2023,ENTRESAFRA
17/04/2023,ENTRESAFRA
18/04/2023,ENTRESAFRA
19/04/2023,ENTRESAFRA
20/04/2023,ENTRESAFRA
21/04/2023,ENTRESAFRA
22/04/2023,ENTRESAFRA
23/04/2023,ENTRESAFRA
24/04/2023,ENTRESAFRA
25/04/2023,ENTRESAFRA
26/04/2023,ENTRESAFRA
27/04/2023,ENTRESAFRA
28/04/2023,ENTRESAFRA
29/04/2023,ENTRESAFRA
30/04/2023,ENTRESAFRA
01/05/2023,PLANEJAMENTO
02/05/2023,PLANEJAMENTO
03/05/2023,PLANEJAMENTO
04/05/2023,PLANEJAMENTO
05/05/2023,PLANEJAMENTO
06/05/2023,PLANEJAMENTO
07/05/2023,PLANEJAMENTO
08/05/2023,PLANEJAMENTO
09/05/2023,PLANEJAMENTO
10/05/2023,PLANEJAMENTO
11/05/2023,PLANEJAMENTO
12/05/2023,PLANEJAMENTO
13/05/2023,PLANEJAMENTO
14/05/2023,PLANEJAMENTO
15/05/2023,PLANEJAMENTO
16/05/2023,PLANEJAMENTO
17/05/2023,PLANEJAMENTO
18/05/2023,PLANEJAMENTO
19/05/2023,PLANEJAMENTO
20/05/2023,PLANEJAMENTO
21/05/2023,PLANEJAMENTO
22/05/2023,PLANEJAMENTO
23/05/2023,PLANEJAMENTO
24/05/2023,PLANEJAMENTO
25/05/2023,PLANEJAMENTO
26/05/2023,PLANEJAMENTO
27/05/2023,PLANEJAMENTO
28/05/2023,PLANEJAMENTO
29/05/2023,PLANEJAMENTO
30/05/2023,PLANEJAMENTO
31/05/2023,PLANEJAMENTO
01/06/2023,PLANEJAMENTO
02/06/2023,PLANEJAMENTO
03/06/2023,PLANEJAMENTO
04/06/2023,PLANEJAMENTO
05/06/2023,PLANEJAMENTO
06/06/2023,PLANEJAMENTO
07/06/2023,PLANEJAMENTO
08/06/2023,PLANEJAMENTO
09/06/2023,PLANEJAMENTO
10/06/2023,PLANEJAMENTO
11/06/2023,PLANEJAMENTO
12/06/2023,PLANEJAMENTO
13/06/2023,PLANEJAMENTO
14/06/2023,PLANEJAMENTO
15/06/2023,PLANEJAMENTO
16/06/2023,PLANEJAMENTO
17/06/2023,PLANEJAMENTO
18/06/2023,PLANEJAMENTO
19/06/2023,PLANEJAMENTO
20/06/2023,PLANEJAMENTO
21/06/2023,PLANEJAMENTO
22/06/2023,PLANEJAMENTO
23/06/2023,PLANEJAMENTO
24/06/2023,PLANEJAMENTO
25/06/2023,PLANEJAMENTO
26/06/2023,PLANEJAMENTO
27/06/2023,PLANEJAMENTO
28/06/2023,PLANEJAMENTO
29/06/2023,PLANEJAMENTO
30/06/2023,PLANEJAMENTO
01/07/2023,PLANEJAMENTO
02/07/2023,PLANEJAMENTO
03/07/2023,PLANEJAMENTO
04/07/2023,PLANEJAMENTO
05/07/2023,PLANEJAMENTO
06/07/2023,PLANEJAMENTO
07/07/2023,PLANEJAMENTO
08/07/2023,PLANEJAMENTO
09/07/2023,PLANEJAMENTO
10/07/2023,PLANEJAMENTO
11/07/2023,PLANEJAMENTO
12/07/2023,PLANEJAMENTO
13/07/2023,PLANEJAMENTO
14/07/2023,PLANEJAMENTO
15/07/2023,PLANEJAMENTO
16/07/2023,PLANEJAMENTO
17/07/2023,PLANEJAMENTO
18/07/2023,PLANEJAMENTO
19/07/2023,PLANEJAMENTO
20/07/2023,PLANEJAMENTO
21/07/2023,PLANEJAMENTO
22/07/2023,PLANEJAMENTO
23/07/2023,PLANEJAMENTO
24/07/2023,PLANEJAMENTO
25/07/2023,PLANEJAMENTO
26/07/2023,PLANEJAMENTO
27/07/2023,PLANEJAMENTO
28/07/2023,PLANEJAMENTO
29/07/2023,PLANEJAMENTO
30/07/2023,PLANEJAMENTO
31/07/2023,PLANEJAMENTO
01/08/2023,PLANEJAMENTO
02/08/2023,PLANEJAMENTO
03/08/2023,PLANEJAMENTO
04/08/2023,PLANEJAMENTO
05/08/2023,PLANEJAMENTO
06/08/2023,PLANEJAMENTO
07/08/2023,PLANEJAMENTO
08/08/2023,PLANEJAMENTO
09/08/2023,PLANEJAMENTO
10/08/2023,PLANEJAMENTO
11/08/2023,PLANEJAMENTO
12/08/2023,PLANEJAMENTO
13/08/2023,PLANEJAMENTO
14/08/2023,PLANEJAMENTO
15/08/2023,PLANEJAMENTO
16/08/2023,PLANEJAMENTO
17/08/2023,PLANEJAMENTO
18/08/2023,PLANEJAMENTO
19/08/2023,PLANEJAMENTO
20/08/2023,PLANEJAMENTO
21/08/2023,PLANEJAMENTO
22/08/2023,PLANEJAMENTO
23/08/2023,PLANEJAMENTO
24/08/2023,PLANEJAMENTO
25/08/2023,PLANEJAMENTO
26/08/2023,PLANEJAMENTO
27/08/2023,PLANEJAMENTO
28/08/2023,PLANEJAMENTO
29/08/2023,PLANEJAMENTO
30/08/2023,PLANEJAMENTO
31/08/2023,PLANEJAMENTO
01/09/2023,ENTRESAFRA
02/09/2023,ENTRESAFRA
03/09/2023,ENTRESAFRA
04/09/2023,ENTRESAFRA
05/09/2023,ENTRESAFRA
06/09/2023,ENTRESAFRA
07/09/2023,ENTRESAFRA
08/09/2023,ENTRESAFRA
09/09/2023,ENTRESAFRA
10/09/2023,ENTRESAFRA
11/09/2023,ENTRESAFRA
12/09/2023,ENTRESAFRA
13/09/2023,ENTRESAFRA
14/09/2023,ENTRESAFRA
15/09/2023,ENTRESAFRA
16/09/2023,ENTRESAFRA
17/09/2023,ENTRESAFRA
18/09/2023,ENTRESAFRA
19/09/2023,ENTRESAFRA
20/09/2023,ENTRESAFRA
21/09/2023,ENTRESAFRA
22/09/2023,ENTRESAFRA
23/09/2023,ENTRESAFRA
24/09/2023,ENTRESAFRA
25/09/2023,ENTRESAFRA
26/09/2023,ENTRESAFRA
27/09/2023,ENTRESAFRA
28/09/2023,ENTRESAFRA
29/09/2023,ENTRESAFRA
30/09/2023,ENTRESAFRA
01/10/2023,ENTRESAFRA
02/10/2023,ENTRESAFRA
03/10/2023,ENTRESAFRA
04/10/2023,ENTRESAFRA
05/10/2023,ENTRESAFRA
06/10/2023,ENTRESAFRA
07/10/2023,ENTRESAFRA
08/10/2023,ENTRESAFRA
09/10/2023,ENTRESAFRA
10/10/2023,ENTRESAFRA
11/10/2023,ENTRESAFRA
12/10/2023,ENTRESAFRA
13/10/2023,ENTRESAFRA
14/10/2023,ENTRESAFRA
15/10/2023,ENTRESAFRA
16/10/2023,ENTRESAFRA
17/10/2023,ENTRESAFRA
18/10/2023,ENTRESAFRA
19/10/2023,ENTRESAFRA
20/10/2023,ENTRESAFRA
21/10/2023,ENTRESAFRA
22/10/2023,ENTRESAFRA
23/10/2023,ENTRESAFRA
24/10/2023,ENTRESAFRA
25/10/2023,ENTRESAFRA
26/10/2023,ENTRESAFRA
27/10/2023,ENTRESAFRA
28/10/2023,ENTRESAFRA
29/10/2023,ENTRESAFRA
30/10/2023,ENTRESAFRA
31/10/2023,ENTRESAFRA
01/11/2023,SAFRA
02/11/2023,SAFRA
03/11/2023,SAFRA
04/11/2023,SAFRA
05/11/2023,SAFRA
06/11/2023,SAFRA
07/11/2023,SAFRA
08/11/2023,SAFRA
09/11/2023,SAFRA
10/11/2023,SAFRA
11/11/2023,SAFRA
12/11/2023,SAFRA
13/11/2023,SAFRA
14/11/2023,SAFRA
15/11/2023,SAFRA
16/11/2023,SAFRA
17/11/2023,SAFRA
18/11/2023,SAFRA
19/11/2023,SAFRA
20/11/2023,SAFRA
21/11/2023,SAFRA
22/11/2023,SAFRA
23/11/2023,SAFRA
24/11/2023,SAFRA
25/11/2023,SAFRA
26/11/2023,SAFRA
27/11/2023,SAFRA
28/11/2023,SAFRA
29/11/2023,SAFRA
30/11/2023,SAFRA
01/12/2023,PLANEJAMENTO
02/12/2023,PLANEJAMENTO
03/12/2023,PLANEJAMENTO
04/12/2023,PLANEJAMENTO
05/12/2023,PLANEJAMENTO
06/12/2023,PLANEJAMENTO
07/12/2023,PLANEJAMENTO
08/12/2023,PLANEJAMENTO
09/12/2023,PLANEJAMENTO
10/12/2023,PLANEJAMENTO
11/12/2023,PLANEJAMENTO
12/12/2023,PLANEJAMENTO
13/12/2023,PLANEJAMENTO
14/12/2023,PLANEJAMENTO
15/12/2023,PLANEJAMENTO
16/12/2023,PLANEJAMENTO
17/12/2023,PLANEJAMENTO
18/12/2023,PLANEJAMENTO
19/12/2023,PLANEJAMENTO
20/12/2023,PLANEJAMENTO
21/12/2023,PLANEJAMENTO
22/12/2023,PLANEJAMENTO
23/12/2023,PLANEJAMENTO
24/12/2023,PLANEJAMENTO
25/12/2023,PLANEJAMENTO
26/12/2023,PLANEJAMENTO
27/12/2023,PLANEJAMENTO
28/12/2023,PLANEJAMENTO
29/12/2023,PLANEJAMENTO
30/12/2023,PLANEJAMENTO
31/12/2023,PLANEJAMENTO
01/01/2024,PLANEJAMENTO
02/01/2024,PLANEJAMENTO
03/01/2024,PLANEJAMENTO
04/01/2024,PLANEJAMENTO
05/01/2024,PLANEJAMENTO
06/01/2024,PLANEJAMENTO
07/01/2024,PLANEJAMENTO
08/01/2024,PLANEJAMENTO
09/01/2024,PLANEJAMENTO
10/01/2024,PLANEJAMENTO
11/01/2024,PLANEJAMENTO
12/01/2024,PLANEJAMENTO
13/01/2024,PLANEJAMENTO
14/01/2024,PLANEJAMENTO
15/01/2024,PLANEJAMENTO
16/01/2024,PLANEJAMENTO
17/01/2024,PLANEJAMENTO
18/01/2024,PLANEJAMENTO
19/01/2024,PLANEJAMENTO
20/01/2024,PLANEJAMENTO
21/01/2024,PLANEJAMENTO
22/01/2024,PLANEJAMENTO
23/01/2024,PLANEJAMENTO
24/01/2024,PLANEJAMENTO
25/01/2024,PLANEJAMENTO
26/01/2024,PLANEJAMENTO
27/01/2024,PLANEJAMENTO
28/01/2024,PLANEJAMENTO
29/01/2024,PLANEJAMENTO
30/01/2024,PLANEJAMENTO
31/01/2024,PLANEJAMENTO
01/02/2024,SAFRA
02/02/2024,SAFRA
03/02/2024,SAFRA
04/02/2024,SAFRA
05/02/2024,SAFRA
06/02/2024,SAFRA
07/02/2024,SAFRA
08/02/2024,SAFRA
09/02/2024,SAFRA
10/02/2024,SAFRA
11/02/2024,SAFRA
12/02/2024,SAFRA
13/02/2024,SAFRA
14/02/2024,SAFRA
15/02/2024,SAFRA
16/02/2024,SAFRA
17/02/2024,SAFRA
18/02/2024,SAFRA
19/02/2024,SAFRA
20/02/2024,SAFRA
21/02/2024,SAFRA
22/02/2024,SAFRA
23/02/2024,SAFRA
24/02/2024,SAFRA
25/02/2024,SAFRA
26/02/2024,SAFRA
27/02/2024,SAFRA
28/02/2024,SAFRA
29/02/2024,SAFRA
01/03/2024,ENTRESAFRA
02/03/2024,ENTRESAFRA
03/03/2024,ENTRESAFRA
04/03/2024,ENTRESAFRA
05/03/2024,ENTRESAFRA
06/03/2024,ENTRESAFRA
07/03/2024,ENTRESAFRA
08/03/2024,ENTRESAFRA
09/03/2024,ENTRESAFRA
10/03/2024,ENTRESAFRA
11/03/2024,ENTRESAFRA
12/03/2024,ENTRESAFRA
13/03/2024,ENTRESAFRA
14/03/2024,ENTRESAFRA
15/03/2024,ENTRESAFRA
16/03/2024,ENTRESAFRA
17/03/2024,ENTRESAFRA
18/03/2024,ENTRESAFRA
19/03/2024,ENTRESAFRA
20/03/2024,ENTRESAFRA
21/03/2024,ENTRESAFRA
22/03/2024,ENTRESAFRA
23/03/2024,ENTRESAFRA
24/03/2024,ENTRESAFRA
25/03/2024,ENTRESAFRA
26/03/2024,ENTRESAFRA
27/03/2024,ENTRESAFRA
28/03/2024,ENTRESAFRA
29/03/2024,ENTRESAFRA
30/03/2024,ENTRESAFRA
31/03/2024,ENTRESAFRA
01/04/2024,ENTRESAFRA
02/04/2024,ENTRESAFRA
03/04/2024,ENTRESAFRA
04/04/2024,ENTRESAFRA
05/04/2024,ENTRESAFRA
06/04/2024,ENTRESAFRA
07/04/2024,ENTRESAFRA
08/04/2024,ENTRESAFRA
09/04/2024,ENTRESAFRA
10/04/2024,ENTRESAFRA
11/04/2024,ENTRESAFRA
12/04/2024,ENTRESAFRA
13/04/2024,ENTRESAFRA
14/04/2024,ENTRESAFRA
15/04/2024,ENTRESAFRA
16/04/2024,ENTRESAFRA
17/04/2024,ENTRESAFRA
18/04/2024,ENTRESAFRA
19/04/2024,ENTRESAFRA
20/04/2024,ENTRESAFRA
21/04/2024,ENTRESAFRA
22/04/2024,ENTRESAFRA
23/04/2024,ENTRESAFRA
24/04/2024,ENTRESAFRA
25/04/2024,ENTRESAFRA
26/04/2024,ENTRESAFRA
27/04/2024,ENTRESAFRA
28/04/2024,ENTRESAFRA
29/04/2024,ENTRESAFRA
30/04/2024,ENTRESAFRA
01/05/2024,PLANEJAMENTO
02/05/2024,PLANEJAMENTO
03/05/2024,PLANEJAMENTO
04/05/2024,PLANEJAMENTO
05/05/2024,PLANEJAMENTO
06/05/2024,PLANEJAMENTO
07/05/2024,PLANEJAMENTO
08/05/2024,PLANEJAMENTO
09/05/2024,PLANEJAMENTO
10/05/2024,PLANEJAMENTO
11/05/2024,PLANEJAMENTO
12/05/2024,PLANEJAMENTO
13/05/2024,PLANEJAMENTO
14/05/2024,PLANEJAMENTO
15/05/2024,PLANEJAMENTO
16/05/2024,PLANEJAMENTO
17/05/2024,PLANEJAMENTO
18/05/2024,PLANEJAMENTO
19/05/2024,PLANEJAMENTO
20/05/2024,PLANEJAMENTO
21/05/2024,PLANEJAMENTO
22/05/2024,PLANEJAMENTO
23/05/2024,PLANEJAMENTO
24/05/2024,PLANEJAMENTO
25/05/2024,PLANEJAMENTO
26/05/2024,PLANEJAMENTO
27/05/2024,PLANEJAMENTO
28/05/2024,PLANEJAMENTO
29/05/2024,PLANEJAMENTO
30/05/2024,PLANEJAMENTO
31/05/2024,PLANEJAMENTO
01/06/2024,PLANEJAMENTO
02/06/2024,PLANEJAMENTO
03/06/2024,PLANEJAMENTO
04/06/2024,PLANEJAMENTO
05/06/2024,PLANEJAMENTO
06/06/2024,PLANEJAMENTO
07/06/2024,PLANEJAMENTO
08/06/2024,PLANEJAMENTO
09/06/2024,PLANEJAMENTO
10/06/2024,PLANEJAMENTO
11/06/2024,PLANEJAMENTO
12/06/2024,PLANEJAMENTO
13/06/2024,PLANEJAMENTO
14/06/2024,PLANEJAMENTO
15/06/2024,PLANEJAMENTO
16/06/2024,PLANEJAMENTO
17/06/2024,PLANEJAMENTO
18/06/2024,PLANEJAMENTO
19/06/2024,PLANEJAMENTO
20/06/2024,PLANEJAMENTO
21/06/2024,PLANEJAMENTO
22/06/2024,PLANEJAMENTO
23/06/2024,PLANEJAMENTO
24/06/2024,PLANEJAMENTO
25/06/2024,PLANEJAMENTO
26/06/2024,PLANEJAMENTO
27/06/2024,PLANEJAMENTO
28/06/2024,PLANEJAMENTO
29/06/2024,PLANEJAMENTO
30/06/2024,PLANEJAMENTO
01/07/2024,PLANEJAMENTO
02/07/2024,PLANEJAMENTO
03/07/2024,PLANEJAMENTO
04/07/2024,PLANEJAMENTO
05/07/2024,PLANEJAMENTO
06/07/2024,PLANEJAMENTO
07/07/2024,PLANEJAMENTO
08/07/2024,PLANEJAMENTO
09/07/2024,PLANEJAMENTO
10/07/2024,PLANEJAMENTO
11/07/2024,PLANEJAMENTO
12/07/2024,PLANEJAMENTO
13/07/2024,PLANEJAMENTO
14/07/2024,PLANEJAMENTO
15/07/2024,PLANEJAMENTO
16/07/2024,PLANEJAMENTO
17/07/2024,PLANEJAMENTO
18/07/2024,PLANEJAMENTO
19/07/2024,PLANEJAMENTO
20/07/2024,PLANEJAMENTO
21/07/2024,PLANEJAMENTO
22/07/2024,PLANEJAMENTO
23/07/2024,PLANEJAMENTO
24/07/2024,PLANEJAMENTO
25/07/2024,PLANEJAMENTO
26/07/2024,PLANEJAMENTO
27/07/2024,PLANEJAMENTO
28/07/2024,PLANEJAMENTO
29/07/2024,PLANEJAMENTO
30/07/2024,PLANEJAMENTO
31/07/2024,PLANEJAMENTO
01/08/2024,PLANEJAMENTO
02/08/2024,PLANEJAMENTO
03/08/2024,PLANEJAMENTO
04/08/2024,PLANEJAMENTO
05/08/2024,PLANEJAMENTO
06/08/2024,PLANEJAMENTO
07/08/2024,PLANEJAMENTO
08/08/2024,PLANEJAMENTO
09/08/2024,PLANEJAMENTO
10/08/2024,PLANEJAMENTO
11/08/2024,PLANEJAMENTO
12/08/2024,PLANEJAMENTO
13/08/2024,PLANEJAMENTO
14/08/2024,PLANEJAMENTO
15/08/2024,PLANEJAMENTO
16/08/2024,PLANEJAMENTO
17/08/2024,PLANEJAMENTO
18/08/2024,PLANEJAMENTO
19/08/2024,PLANEJAMENTO
20/08/2024,PLANEJAMENTO
21/08/2024,PLANEJAMENTO
22/08/2024,PLANEJAMENTO
23/08/2024,PLANEJAMENTO
24/08/2024,PLANEJAMENTO
25/08/2024,PLANEJAMENTO
26/08/2024,PLANEJAMENTO
27/08/2024,PLANEJAMENTO
28/08/2024,PLANEJAMENTO
29/08/2024,PLANEJAMENTO
30/08/2024,PLANEJAMENTO
31/08/2024,PLANEJAMENTO
01/09/2024,ENTRESAFRA
02/09/2024,ENTRESAFRA
03/09/2024,ENTRESAFRA
04/09/2024,ENTRESAFRA
05/09/2024,ENTRESAFRA
06/09/2024,ENTRESAFRA
07/09/2024,ENTRESAFRA
08/09/2024,ENTRESAFRA
09/09/2024,ENTRESAFRA
10/09/2024,ENTRESAFRA
11/09/2024,ENTRESAFRA
12/09/2024,ENTRESAFRA
13/09/2024,ENTRESAFRA
14/09/2024,ENTRESAFRA
15/09/2024,ENTRESAFRA
16/09/2024,ENTRESAFRA
17/09/2024,ENTRESAFRA
18/09/2024,ENTRESAFRA
19/09/2024,ENTRESAFRA
20/09/2024,ENTRESAFRA
21/09/2024,ENTRESAFRA
22/09/2024,ENTRESAFRA
23/09/2024,ENTRESAFRA
24/09/2024,ENTRESAFRA
25/09/2024,ENTRESAFRA
26/09/2024,ENTRESAFRA
27/09/2024,ENTRESAFRA
28/09/2024,ENTRESAFRA
29/09/2024,ENTRESAFRA
30/09/2024,ENTRESAFRA
01/10/2024,ENTRESAFRA
02/10/2024,ENTRESAFRA
03/10/2024,ENTRESAFRA
04/10/2024,ENTRESAFRA
05/10/2024,ENTRESAFRA
06/10/2024,ENTRESAFRA
07/10/2024,ENTRESAFRA
08/10/2024,ENTRESAFRA
09/10/2024,ENTRESAFRA
10/10/2024,ENTRESAFRA
11/10/2024,ENTRESAFRA
12/10/2024,ENTRESAFRA
13/10/2024,ENTRESAFRA
14/10/2024,ENTRESAFRA
15/10/2024,ENTRESAFRA
16/10/2024,ENTRESAFRA
17/10/2024,ENTRESAFRA
18/10/2024,ENTRESAFRA
19/10/2024,ENTRESAFRA
20/10/2024,ENTRESAFRA
21/10/2024,ENTRESAFRA
22/10/2024,ENTRESAFRA
23/10/2024,ENTRESAFRA
24/10/2024,ENTRESAFRA
25/10/2024,ENTRESAFRA
26/10/2024,ENTRESAFRA
27/10/2024,ENTRESAFRA
28/10/2024,ENTRESAFRA
29/10/2024,ENTRESAFRA
30/10/2024,ENTRESAFRA
31/10/2024,ENTRESAFRA
01/11/2024,SAFRA
02/11/2024,SAFRA
03/11/2024,SAFRA
04/11/2024,SAFRA
05/11/2024,SAFRA
06/11/2024,SAFRA
07/11/2024,SAFRA
08/11/2024,SAFRA
09/11/2024,SAFRA
10/11/2024,SAFRA
11/11/2024,SAFRA
12/11/2024,SAFRA
13/11/2024,SAFRA
14/11/2024,SAFRA
15/11/2024,SAFRA
16/11/2024,SAFRA
17/11/2024,SAFRA
18/11/2024,SAFRA
19/11/2024,SAFRA
20/11/2024,SAFRA
21/11/2024,SAFRA
22/11/2024,SAFRA
23/11/2024,SAFRA
24/11/2024,SAFRA
25/11/2024,SAFRA
26/11/2024,SAFRA
27/11/2024,SAFRA
28/11/2024,SAFRA
29/11/2024,SAFRA
30/11/2024,SAFRA
01/12/2024,PLANEJAMENTO
02/12/2024,PLANEJAMENTO
03/12/2024,PLANEJAMENTO
04/12/2024,PLANEJAMENTO
05/12/2024,PLANEJAMENTO
06/12/2024,PLANEJAMENTO
07/12/2024,PLANEJAMENTO
08/12/2024,PLANEJAMENTO
09/12/2024,PLANEJAMENTO
10/12/2024,PLANEJAMENTO
11/12/2024,PLANEJAMENTO
12/12/2024,PLANEJAMENTO
13/12/2024,PLANEJAMENTO
14/12/2024,PLANEJAMENTO
15/12/2024,PLANEJAMENTO
16/12/2024,PLANEJAMENTO
17/12/2024,PLANEJAMENTO
18/12/2024,PLANEJAMENTO
19/12/2024,PLANEJAMENTO
20/12/2024,PLANEJAMENTO
21/12/2024,PLANEJAMENTO
22/12/2024,PLANEJAMENTO
23/12/2024,PLANEJAMENTO
24/12/2024,PLANEJAMENTO
25/12/2024,PLANEJAMENTO
26/12/2024,PLANEJAMENTO
27/12/2024,PLANEJAMENTO
28/12/2024,PLANEJAMENTO
29/12/2024,PLANEJAMENTO
30/12/2024,PLANEJAMENTO
31/12/2024,PLANEJAMENTO
01/01/2025,PLANEJAMENTO
02/01/2025,PLANEJAMENTO
03/01/2025,PLANEJAMENTO
04/01/2025,PLANEJAMENTO
05/01/2025,PLANEJAMENTO
06/01/2025,PLANEJAMENTO
07/01/2025,PLANEJAMENTO
08/01/2025,PLANEJAMENTO
09/01/2025,PLANEJAMENTO
10/01/2025,PLANEJAMENTO
11/01/2025,PLANEJAMENTO
12/01/2025,PLANEJAMENTO
13/01/2025,PLANEJAMENTO
14/01/2025,PLANEJAMENTO
15/01/2025,PLANEJAMENTO
16/01/2025,PLANEJAMENTO
17/01/2025,PLANEJAMENTO
18/01/2025,PLANEJAMENTO
19/01/2025,PLANEJAMENTO
20/01/2025,PLANEJAMENTO
21/01/2025,PLANEJAMENTO
22/01/2025,PLANEJAMENTO
23/01/2025,PLANEJAMENTO
24/01/2025,PLANEJAMENTO
25/01/2025,PLANEJAMENTO
26/01/2025,PLANEJAMENTO
27/01/2025,PLANEJAMENTO
28/01/2025,PLANEJAMENTO
29/01/2025,PLANEJAMENTO
30/01/2025,PLANEJAMENTO
31/01/2025,PLANEJAMENTO
01/02/2025,SAFRA
02/02/2025,SAFRA
03/02/2025,SAFRA
04/02/2025,SAFRA
05/02/2025,SAFRA
06/02/2025,SAFRA
07/02/2025,SAFRA
08/02/2025,SAFRA
09/02/2025,SAFRA
10/02/2025,SAFRA
11/02/2025,SAFRA
12/02/2025,SAFRA
13/02/2025,SAFRA
14/02/2025,SAFRA
15/02/2025,SAFRA
16/02/2025,SAFRA
17/02/2025,SAFRA
18/02/2025,SAFRA
19/02/2025,SAFRA
20/02/2025,SAFRA
21/02/2025,SAFRA
22/02/2025,SAFRA
23/02/2025,SAFRA
24/02/2025,SAFRA
25/02/2025,SAFRA
26/02/2025,SAFRA
27/02/2025,SAFRA
28/02/2025,SAFRA
01/03/2025,ENTRESAFRA
02/03/2025,ENTRESAFRA
03/03/2025,ENTRESAFRA
04/03/2025,ENTRESAFRA
05/03/2025,ENTRESAFRA
06/03/2025,ENTRESAFRA
07/03/2025,ENTRESAFRA
08/03/2025,ENTRESAFRA
09/03/2025,ENTRESAFRA
10/03/2025,ENTRESAFRA
11/03/2025,ENTRESAFRA
12/03/2025,ENTRESAFRA
13/03/2025,ENTRESAFRA
14/03/2025,ENTRESAFRA
15/03/2025,ENTRESAFRA
16/03/2025,ENTRESAFRA
17/03/2025,ENTRESAFRA
18/03/2025,ENTRESAFRA
19/03/2025,ENTRESAFRA
20/03/2025,ENTRESAFRA
21/03/2025,ENTRESAFRA
22/03/2025,ENTRESAFRA
23/03/2025,ENTRESAFRA
24/03/2025,ENTRESAFRA
25/03/2025,ENTRESAFRA
26/03/2025,ENTRESAFRA
27/03/2025,ENTRESAFRA
28/03/2025,ENTRESAFRA
29/03/2025,ENTRESAFRA
30/03/2025,ENTRESAFRA
31/03/2025,ENTRESAFRA
01/04/2025,ENTRESAFRA
02/04/2025,ENTRESAFRA
03/04/2025,ENTRESAFRA
04/04/2025,ENTRESAFRA
05/04/2025,ENTRESAFRA
06/04/2025,ENTRESAFRA
07/04/2025,ENTRESAFRA
08/04/2025,ENTRESAFRA
09/04/2025,ENTRESAFRA
10/04/2025,ENTRESAFRA
11/04/2025,ENTRESAFRA
12/04/2025,ENTRESAFRA
13/04/2025,ENTRESAFRA
14/04/2025,ENTRESAFRA
15/04/2025,ENTRESAFRA
16/04/2025,ENTRESAFRA
17/04/2025,ENTRESAFRA
18/04/2025,ENTRESAFRA
19/04/2025,ENTRESAFRA
20/04/2025,ENTRESAFRA
21/04/2025,ENTRESAFRA
22/04/2025,ENTRESAFRA
23/04/2025,ENTRESAFRA
24/04/2025,ENTRESAFRA
25/04/2025,ENTRESAFRA
26/04/2025,ENTRESAFRA
27/04/2025,ENTRESAFRA
28/04/2025,ENTRESAFRA
29/04/2025,ENTRESAFRA
30/04/2025,ENTRESAFRA
01/05/2025,PLANEJAMENTO
02/05/2025,PLANEJAMENTO
03/05/2025,PLANEJAMENTO
04/05/2025,PLANEJAMENTO
05/05/2025,PLANEJAMENTO
06/05/2025,PLANEJAMENTO
07/05/2025,PLANEJAMENTO
08/05/2025,PLANEJAMENTO
09/05/2025,PLANEJAMENTO
10/05/2025,PLANEJAMENTO
11/05/2025,PLANEJAMENTO
12/05/2025,PLANEJAMENTO
13/05/2025,PLANEJAMENTO
14/05/2025,PLANEJAMENTO
15/05/2025,PLANEJAMENTO
16/05/2025,PLANEJAMENTO
17/05/2025,PLANEJAMENTO
18/05/2025,PLANEJAMENTO
19/05/2025,PLANEJAMENTO
20/05/2025,PLANEJAMENTO
21/05/2025,PLANEJAMENTO
22/05/2025,PLANEJAMENTO
23/05/2025,PLANEJAMENTO
24/05/2025,PLANEJAMENTO
25/05/2025,PLANEJAMENTO
26/05/2025,PLANEJAMENTO
27/05/2025,PLANEJAMENTO
28/05/2025,PLANEJAMENTO
29/05/2025,PLANEJAMENTO
30/05/2025,PLANEJAMENTO
31/05/2025,PLANEJAMENTO
01/06/2025,PLANEJAMENTO
02/06/2025,PLANEJAMENTO
03/06/2025,PLANEJAMENTO
04/06/2025,PLANEJAMENTO
05/06/2025,PLANEJAMENTO
06/06/2025,PLANEJAMENTO
07/06/2025,PLANEJAMENTO
08/06/2025,PLANEJAMENTO
09/06/2025,PLANEJAMENTO
10/06/2025,PLANEJAMENTO
11/06/2025,PLANEJAMENTO
12/06/2025,PLANEJAMENTO
13/06/2025,PLANEJAMENTO
14/06/2025,PLANEJAMENTO
15/06/2025,PLANEJAMENTO
16/06/2025,PLANEJAMENTO
17/06/2025,PLANEJAMENTO
18/06/2025,PLANEJAMENTO
19/06/2025,PLANEJAMENTO
20/06/2025,PLANEJAMENTO
21/06/2025,PLANEJAMENTO
22/06/2025,PLANEJAMENTO
23/06/2025,PLANEJAMENTO
24/06/2025,PLANEJAMENTO
25/06/2025,PLANEJAMENTO
26/06/2025,PLANEJAMENTO
27/06/2025,PLANEJAMENTO
28/06/2025,PLANEJAMENTO
29/06/2025,PLANEJAMENTO
30/06/2025,PLANEJAMENTO
01/07/2025,PLANEJAMENTO
02/07/2025,PLANEJAMENTO
03/07/2025,PLANEJAMENTO
04/07/2025,PLANEJAMENTO
05/07/2025,PLANEJAMENTO
06/07/2025,PLANEJAMENTO
07/07/2025,PLANEJAMENTO
08/07/2025,PLANEJAMENTO
09/07/2025,PLANEJAMENTO
10/07/2025,PLANEJAMENTO
11/07/2025,PLANEJAMENTO
12/07/2025,PLANEJAMENTO
13/07/2025,PLANEJAMENTO
14/07/2025,PLANEJAMENTO
15/07/2025,PLANEJAMENTO
16/07/2025,PLANEJAMENTO
17/07/2025,PLANEJAMENTO
18/07/2025,PLANEJAMENTO
19/07/2025,PLANEJAMENTO
20/07/2025,PLANEJAMENTO
21/07/2025,PLANEJAMENTO
22/07/2025,PLANEJAMENTO
23/07/2025,PLANEJAMENTO
24/07/2025,PLANEJAMENTO
25/07/2025,PLANEJAMENTO
26/07/2025,PLANEJAMENTO
27/07/2025,PLANEJAMENTO
28/07/2025,PLANEJAMENTO
29/07/2025,PLANEJAMENTO
30/07/2025,PLANEJAMENTO
31/07/2025,PLANEJAMENTO
01/08/2025,PLANEJAMENTO
02/08/2025,PLANEJAMENTO
03/08/2025,PLANEJAMENTO
04/08/2025,PLANEJAMENTO
05/08/2025,PLANEJAMENTO
06/08/2025,PLANEJAMENTO
07/08/2025,PLANEJAMENTO
08/08/2025,PLANEJAMENTO
09/08/2025,PLANEJAMENTO
10/08/2025,PLANEJAMENTO
11/08/2025,PLANEJAMENTO
12/08/2025,PLANEJAMENTO
13/08/2025,PLANEJAMENTO
14/08/2025,PLANEJAMENTO
15/08/2025,PLANEJAMENTO
16/08/2025,PLANEJAMENTO
17/08/2025,PLANEJAMENTO
18/08/2025,PLANEJAMENTO
19/08/2025,PLANEJAMENTO
20/08/2025,PLANEJAMENTO
21/08/2025,PLANEJAMENTO
22/08/2025,PLANEJAMENTO
23/08/2025,PLANEJAMENTO
24/08/2025,PLANEJAMENTO
25/08/2025,PLANEJAMENTO
26/08/2025,PLANEJAMENTO
27/08/2025,PLANEJAMENTO
28/08/2025,PLANEJAMENTO
29/08/2025,PLANEJAMENTO
30/08/2025,PLANEJAMENTO
31/08/2025,PLANEJAMENTO
01/09/2025,ENTRESAFRA
02/09/2025,ENTRESAFRA
03/09/2025,ENTRESAFRA
04/09/2025,ENTRESAFRA
05/09/2025,ENTRESAFRA
06/09/2025,ENTRESAFRA
07/09/2025,ENTRESAFRA
08/09/2025,ENTRESAFRA
09/09/2025,ENTRESAFRA
10/09/2025,ENTRESAFRA
11/09/2025,ENTRESAFRA
12/09/2025,ENTRESAFRA
13/09/2025,ENTRESAFRA
14/09/2025,ENTRESAFRA
15/09/2025,ENTRESAFRA
16/09/2025,ENTRESAFRA
17/09/2025,ENTRESAFRA
18/09/2025,ENTRESAFRA
19/09/2025,ENTRESAFRA
20/09/2025,ENTRESAFRA
21/09/2025,ENTRESAFRA
22/09/2025,ENTRESAFRA
23/09/2025,ENTRESAFRA
24/09/2025,ENTRESAFRA
25/09/2025,ENTRESAFRA
26/09/2025,ENTRESAFRA
27/09/2025,ENTRESAFRA
28/09/2025,ENTRESAFRA
29/09/2025,ENTRESAFRA
30/09/2025,ENTRESAFRA
01/10/2025,ENTRESAFRA
02/10/2025,ENTRESAFRA
03/10/2025,ENTRESAFRA
04/10/2025,ENTRESAFRA
05/10/2025,ENTRESAFRA
06/10/2025,ENTRESAFRA
07/10/2025,ENTRESAFRA
08/10/2025,ENTRESAFRA
09/10/2025,ENTRESAFRA
10/10/2025,ENTRESAFRA
11/10/2025,ENTRESAFRA
12/10/2025,ENTRESAFRA
13/10/2025,ENTRESAFRA
14/10/2025,ENTRESAFRA
15/10/2025,ENTRESAFRA
16/10/2025,ENTRESAFRA
17/10/2025,ENTRESAFRA
18/10/2025,ENTRESAFRA
19/10/2025,ENTRESAFRA
20/10/2025,ENTRESAFRA
21/10/2025,ENTRESAFRA
22/10/2025,ENTRESAFRA
23/10/2025,ENTRESAFRA
24/10/2025,ENTRESAFRA
25/10/2025,ENTRESAFRA
26/10/2025,ENTRESAFRA
27/10/2025,ENTRESAFRA
28/10/2025,ENTRESAFRA
29/10/2025,ENTRESAFRA
30/10/2025,ENTRESAFRA
31/10/2025,ENTRESAFRA
01/11/2025,SAFRA
02/11/2025,SAFRA
03/11/2025,SAFRA
04/11/2025,SAFRA
05/11/2025,SAFRA
06/11/2025,SAFRA
07/11/2025,SAFRA
08/11/2025,SAFRA
09/11/2025,SAFRA
10/11/2025,SAFRA
11/11/2025,SAFRA
12/11/2025,SAFRA
13/11/2025,SAFRA
14/11/2025,SAFRA
15/11/2025,SAFRA
16/11/2025,SAFRA
17/11/2025,SAFRA
18/11/2025,SAFRA
19/11/2025,SAFRA
20/11/2025,SAFRA
21/11/2025,SAFRA
22/11/2025,SAFRA
23/11/2025,SAFRA
24/11/2025,SAFRA
25/11/2025,SAFRA
26/11/2025,SAFRA
27/11/2025,SAFRA
28/11/2025,SAFRA
29/11/2025,SAFRA
30/11/2025,SAFRA
01/12/2025,PLANEJAMENTO
02/12/2025,PLANEJAMENTO
03/12/2025,PLANEJAMENTO
04/12/2025,PLANEJAMENTO
05/12/2025,PLANEJAMENTO
06/12/2025,PLANEJAMENTO
07/12/2025,PLANEJAMENTO
08/12/2025,PLANEJAMENTO
09/12/2025,PLANEJAMENTO
10/12/2025,PLANEJAMENTO
11/12/2025,PLANEJAMENTO
12/12/2025,PLANEJAMENTO
13/12/2025,PLANEJAMENTO
14/12/2025,PLANEJAMENTO
15/12/2025,PLANEJAMENTO
16/12/2025,PLANEJAMENTO
17/12/2025,PLANEJAMENTO
18/12/2025,PLANEJAMENTO
19/12/2025,PLANEJAMENTO
20/12/2025,PLANEJAMENTO
21/12/2025,PLANEJAMENTO
22/12/2025,PLANEJAMENTO
23/12/2025,PLANEJAMENTO
24/12/2025,PLANEJAMENTO
25/12/2025,PLANEJAMENTO
26/12/2025,PLANEJAMENTO
27/12/2025,PLANEJAMENTO
28/12/2025,PLANEJAMENTO
29/12/2025,PLANEJAMENTO
30/12/2025,PLANEJAMENTO
31/12/2025,PLANEJAMENTO
